Time,BG,CGM,CHO,insulin,LBGI,HBGI,Risk
2025-04-23 00:00:00,144.3,167.8948631807003,0.0,0.009300000000000001,0.0,2.158992474194025,2.158992474194025
2025-04-23 00:01:00,144.30000000000007,167.41319842700003,0.0,0.009300000000000001,0.0,2.1589924741940374,2.1589924741940374
2025-04-23 00:02:00,144.29999999999663,167.12039881246452,0.0,0.009300000000000001,0.0,2.158992474193626,2.158992474193626
2025-04-23 00:03:00,144.2999999999619,166.80095595089637,0.0,0.009300000000000001,0.0,2.1589924741894415,2.1589924741894415
2025-04-23 00:04:00,144.29999999980174,166.46087102579142,0.0,0.009300000000000001,0.0,2.158992474170123,2.158992474170123
2025-04-23 00:05:00,144.29999999930473,166.10614522052813,0.0,0.009300000000000001,0.0,2.158992474110215,2.158992474110215
2025-04-23 00:06:00,144.29999999809016,165.74277971831577,0.0,0.009300000000000001,0.0,2.1589924739638184,2.1589924739638184
2025-04-23 00:07:00,144.2999999955607,165.37677570214697,0.0,0.009300000000000001,0.0,2.1589924736589188,2.1589924736589188
2025-04-23 00:08:00,144.29999999086172,165.01413435475703,0.0,0.009300000000000001,0.0,2.158992473092539,2.158992473092539
2025-04-23 00:09:00,144.29999998284788,164.66085685859053,0.0,0.009300000000000001,0.0,2.1589924721265885,2.1589924721265885
2025-04-23 00:10:00,144.29999997005754,164.32294439577583,0.0,0.009300000000000001,0.0,2.158992470584891,2.158992470584891
2025-04-23 00:11:00,144.29999995069386,164.006398148106,0.0,0.009300000000000001,0.0,2.158992468250867,2.158992468250867
2025-04-23 00:12:00,144.29999992261284,163.717219297027,0.0,0.009300000000000001,0.0,2.1589924648661114,2.1589924648661114
2025-04-23 00:13:00,144.29999988331656,163.4614090236308,0.0,0.009300000000000001,0.0,2.1589924601295105,2.1589924601295105
2025-04-23 00:14:00,144.2999998299518,163.24496850865418,0.0,0.009300000000000001,0.0,2.1589924536971568,2.1589924536971568
2025-04-23 00:15:00,144.29999975931244,163.07389893248097,0.0,0.009300000000000001,0.0,2.1589924451825944,2.1589924451825944
2025-04-23 00:16:00,144.2999996678459,162.95420147514852,0.0,0.009300000000000001,0.0,2.1589924341576077,2.1589924341576077
2025-04-23 00:17:00,144.2999995516619,162.89187731635647,0.0,0.009300000000000001,0.0,2.158992420153302,2.158992420153302
2025-04-23 00:18:00,144.29999940654386,162.89292763547823,0.0,0.009300000000000001,0.0,2.158992402661386,2.158992402661386
2025-04-23 00:19:00,144.29999922796216,162.9633536115741,0.0,0.009300000000000001,0.0,2.158992381135919,2.158992381135919
2025-04-23 00:20:00,144.29999901108872,163.10915642340592,0.0,0.009300000000000001,0.0,2.1589923549949273,2.1589923549949273
2025-04-23 00:21:00,144.29999875081268,163.3363372494528,0.0,0.009300000000000001,0.0,2.1589923236223965,2.1589923236223965
2025-04-23 00:22:00,144.2999984417569,163.6508972679276,0.0,0.009300000000000001,0.0,2.1589922863701423,2.1589922863701423
2025-04-23 00:23:00,144.29999807829483,164.05883765679363,0.0,0.009300000000000001,0.0,2.158992242560014,2.158992242560014
2025-04-23 00:24:00,144.2999976545679,164.5661595937823,0.0,0.009300000000000001,0.0,2.1589921914858095,2.1589921914858095
2025-04-23 00:25:00,144.2999971645028,165.17886425641024,0.0,0.009300000000000001,0.0,2.158992132415472,2.158992132415472
2025-04-23 00:26:00,144.2999966018289,165.90295282199673,0.0,0.009300000000000001,0.0,2.1589920645931935,2.1589920645931935
2025-04-23 00:27:00,144.29999596009532,166.7444264676809,0.0,0.009300000000000001,0.0,2.1589919872414196,2.1589919872414196
2025-04-23 00:28:00,144.2999952326881,167.70928637043875,0.0,0.009300000000000001,0.0,2.1589918995629156,2.1589918995629156
2025-04-23 00:29:00,144.29999441284673,168.8017763538731,0.0,0.009300000000000001,0.0,2.158991800742787,2.158991800742787
2025-04-23 00:30:00,144.2999934936804,170.0191108285505,0.0,0.009300000000000001,0.0,2.1589916899504704,2.1589916899504704
2025-04-23 00:31:00,144.29999246818377,171.35674685169647,0.0,0.009300000000000001,0.0,2.158991566341565,2.158991566341565
2025-04-23 00:32:00,144.29999132925255,172.8101414804375,0.0,0.009300000000000001,0.0,2.158991429059764,2.158991429059764
2025-04-23 00:33:00,144.29999006969825,174.3747517718159,0.0,0.009300000000000001,0.0,2.1589912772385587,2.1589912772385587
2025-04-23 00:34:00,144.29998868226244,176.04603478280404,0.0,0.009300000000000001,0.0,2.158991110003085,2.158991110003085
2025-04-23 00:35:00,144.29998715963083,177.81944757031846,0.0,0.009300000000000001,0.0,2.1589909264717146,2.1589909264717146
2025-04-23 00:36:00,144.29998549444633,179.6904471912329,0.0,0.009300000000000001,0.0,2.158990725757652,2.158990725757652
2025-04-23 00:37:00,144.29998367932208,181.65449070239129,0.0,0.009300000000000001,0.0,2.1589905069705013,2.1589905069705013
2025-04-23 00:38:00,144.29998170685354,183.70703516061985,0.0,0.009300000000000001,0.0,2.1589902692177634,2.1589902692177634
2025-04-23 00:39:00,144.29997956963027,185.843537622739,0.0,0.009300000000000001,0.0,2.158990011606228,2.158990011606228
2025-04-23 00:40:00,144.299977260247,188.0594551455743,0.0,0.009300000000000001,0.0,2.1589897332432844,2.1589897332432844
2025-04-23 00:41:00,144.2999747713146,190.3502447859674,0.0,0.009300000000000001,0.0,2.1589894332383035,2.1589894332383035
2025-04-23 00:42:00,144.29997209546985,192.71136360078586,0.0,0.009300000000000001,0.0,2.1589891107037555,2.1589891107037555
2025-04-23 00:43:00,144.29996922538558,195.13826864693337,0.0,0.009300000000000001,0.0,2.1589887647564225,2.1589887647564225
2025-04-23 00:44:00,144.29996615377945,197.6197438882234,0.0,0.009300000000000001,0.0,2.1589883945185684,2.1589883945185684
2025-04-23 00:45:00,144.29996287342283,200.11788091598333,0.0,0.009300000000000001,0.0,2.158987999118869,2.158987999118869
2025-04-23 00:46:00,144.29995937714918,202.5880982284677,0.0,0.009300000000000001,0.0,2.1589875776935274,2.1589875776935274
2025-04-23 00:47:00,144.2999556578616,204.98581432400056,0.0,0.009300000000000001,0.0,2.158987129387114,2.158987129387114
2025-04-23 00:48:00,144.29995170854048,207.26644770098343,0.0,0.009300000000000001,0.0,2.158986653353506,2.158986653353506
2025-04-23 00:49:00,144.2999475222502,209.3854168579017,0.0,0.009300000000000001,0.0,2.1589861487567323,2.1589861487567323
2025-04-23 00:50:00,144.29994309214575,211.2981402933314,0.0,0.009300000000000001,0.0,2.158985614771732,2.158985614771732
2025-04-23 00:51:00,144.29993841147902,212.9600365059454,0.0,0.009300000000000001,0.0,2.158985050585129,2.158985050585129
2025-04-23 00:52:00,144.29993347360428,214.32652399451908,0.0,0.009300000000000001,0.0,2.15898445539589,2.15898445539589
2025-04-23 00:53:00,144.29992827198384,215.35302125793575,0.0,0.009300000000000001,0.0,2.158983828416001,2.158983828416001
2025-04-23 00:54:00,144.2999228001929,215.99494679519165,0.0,0.009300000000000001,0.0,2.158983168871034,2.158983168871034
2025-04-23 00:55:00,144.29991705192427,216.2077191054007,0.0,0.009300000000000001,0.0,2.1589824760008014,2.1589824760008014
2025-04-23 00:56:00,144.2999110209928,215.9467566877987,0.0,0.009300000000000001,0.0,2.158981749059737,2.158981749059737
2025-04-23 00:57:00,144.29990470133924,215.16747804174744,0.0,0.009300000000000001,0.0,2.158980987317535,2.158980987317535
2025-04-23 00:58:00,144.29989808703414,213.82530166673857,0.0,0.009300000000000001,0.0,2.1589801900594945,2.1589801900594945
2025-04-23 00:59:00,144.29989117228118,211.89612344329026,0.0,0.009300000000000001,0.0,2.1589793565869595,2.1589793565869595
2025-04-23 01:00:00,144.29988395142027,209.43774877563106,0.0,0.009300000000000001,0.0,2.158978486217705,2.158978486217705
2025-04-23 01:01:00,144.29987641893044,206.52846044902202,0.0,0.009300000000000001,0.0,2.1589775782862826,2.1589775782862826
2025-04-23 01:02:00,144.2998685694325,203.24654124886607,0.0,0.009300000000000001,0.0,2.1589766321443205,2.1589766321443205
2025-04-23 01:03:00,144.29986039769122,199.67027396071006,0.0,0.009300000000000001,0.0,2.1589756471608257,2.1589756471608257
2025-04-23 01:04:00,144.29985189861762,195.87794137024713,0.0,0.009300000000000001,0.0,2.158974622722379,2.158974622722379
2025-04-23 01:05:00,144.29984306727064,191.9478262633183,0.0,0.009300000000000001,0.0,2.1589735582334733,2.1589735582334733
2025-04-23 01:06:00,144.29983389885888,187.95821142591421,0.0,0.009300000000000001,0.0,2.1589724531165757,2.1589724531165757
2025-04-23 01:07:00,144.29982438874197,183.98737964417668,0.0,0.009300000000000001,0.0,2.158971306812402,2.158971306812402
2025-04-23 01:08:00,144.2998145324319,180.11361370439968,0.0,0.009300000000000001,0.0,2.1589701187799784,2.1589701187799784
2025-04-23 01:09:00,144.2998043255938,176.4151963930305,0.0,0.009300000000000001,0.0,2.158968888496841,2.158968888496841
2025-04-23 01:10:00,144.299793764047,172.97041049667052,0.0,0.009300000000000001,0.0,2.158967615459098,2.158967615459098
2025-04-23 01:11:00,144.29978284376557,169.85753880207594,0.0,0.009300000000000001,0.0,2.1589662991815293,2.1589662991815293
2025-04-23 01:12:00,144.29977156087872,167.154864096158,0.0,0.009300000000000001,0.0,2.158964939197575,2.158964939197575
2025-04-23 01:13:00,144.29975991167132,164.94066916598373,0.0,0.009300000000000001,0.0,2.158963535059495,2.158963535059495
2025-04-23 01:14:00,144.2997478925838,163.27098119935175,0.0,0.009300000000000001,0.0,2.1589620863382346,2.1589620863382346
2025-04-23 01:15:00,144.29973550021236,162.11280498652096,0.0,0.009300000000000001,0.0,2.1589605926235618,2.1589605926235618
2025-04-23 01:16:00,144.29972273130863,161.41088971848188,0.0,0.009300000000000001,0.0,2.158959053523975,2.158959053523975
2025-04-23 01:17:00,144.29970958277963,161.10998458638042,0.0,0.009300000000000001,0.0,2.158957468666711,2.158957468666711
2025-04-23 01:18:00,144.29969605168714,161.1548387815172,0.0,0.009300000000000001,0.0,2.1589558376976132,2.1589558376976132
2025-04-23 01:19:00,144.29968213524725,161.4902014953472,0.0,0.009300000000000001,0.0,2.1589541602811986,2.1589541602811986
2025-04-23 01:20:00,144.29966783082983,162.06082191947914,0.0,0.009300000000000001,0.0,2.158952436100482,2.158952436100482
2025-04-23 01:21:00,144.29965313595756,162.81144924567454,0.0,0.009300000000000001,0.0,2.1589506648568744,2.1589506648568744
2025-04-23 01:22:00,144.29963804830527,163.68683266584713,0.0,0.009300000000000001,0.0,2.1589488462701736,2.1589488462701736
2025-04-23 01:23:00,144.29962256569883,164.63172137206166,0.0,0.009300000000000001,0.0,2.158946980078376,2.158946980078376
2025-04-23 01:24:00,144.29960668611412,165.59086455653284,0.0,0.009300000000000001,0.0,2.158945066037539,2.158945066037539
2025-04-23 01:25:00,144.29959040767602,166.50901141162444,0.0,0.009300000000000001,0.0,2.158943103921708,2.158943103921708
2025-04-23 01:26:00,144.29957372865707,167.33091112984783,0.0,0.009300000000000001,0.0,2.1589410935226896,2.1589410935226896
2025-04-23 01:27:00,144.2995566474761,168.00131290386076,0.0,0.009300000000000001,0.0,2.1589390346499666,2.1589390346499666
2025-04-23 01:28:00,144.29953916269702,168.46496592646596,0.0,0.009300000000000001,0.0,2.158936927130499,2.158936927130499
2025-04-23 01:29:00,144.2995212730272,168.6798060779482,0.0,0.009300000000000001,0.0,2.158934770808509,2.158934770808509
2025-04-23 01:30:00,144.2995029773162,168.65651598808824,0.0,0.009300000000000001,0.0,2.15893256554541,2.15893256554541
2025-04-23 01:31:00,144.29948427455383,168.41896497414578,0.0,0.009300000000000001,0.0,2.1589303112194815,2.1589303112194815
2025-04-23 01:32:00,144.2994651638689,167.9910223535193,0.0,0.009300000000000001,0.0,2.158928007725781,2.158928007725781
2025-04-23 01:33:00,144.29944564452722,167.39655744374448,0.0,0.009300000000000001,0.0,2.1589256549758575,2.1589256549758575
2025-04-23 01:34:00,144.2994257159301,166.65943956249234,0.0,0.009300000000000001,0.0,2.158923252897641,2.158923252897641
2025-04-23 01:35:00,144.2994053776125,165.80353802756758,0.0,0.009300000000000001,0.0,2.1589208014351176,2.1589208014351176
2025-04-23 01:36:00,144.29938462924105,164.8527221569067,0.0,0.009300000000000001,0.0,2.1589183005481667,2.1589183005481667
2025-04-23 01:37:00,144.2993634706125,163.83086126857617,0.0,0.009300000000000001,0.0,2.158915750212351,2.158915750212351
2025-04-23 01:38:00,144.2993419016515,162.76182468077042,0.0,0.009300000000000001,0.0,2.1589131504186785,2.1589131504186785
2025-04-23 01:39:00,144.29931992240893,161.6694817118101,0.0,0.009300000000000001,0.0,2.1589105011733283,2.1589105011733283
2025-04-23 01:40:00,144.2992975330598,160.57770168014,0.0,0.009300000000000001,0.0,2.1589078024974664,2.1589078024974664
2025-04-23 01:41:00,144.29927473390123,159.51035390432702,0.0,0.009300000000000001,0.0,2.1589050544269917,2.1589050544269917
2025-04-23 01:42:00,144.29925152535057,158.49130770305828,0.0,0.009300000000000001,0.0,2.158902257012254,2.158902257012254
2025-04-23 01:43:00,144.2992279079433,157.54443239513904,0.0,0.009300000000000001,0.0,2.15889941031789,2.15889941031789
2025-04-23 01:44:00,144.29920388233097,156.68879021027206,0.0,0.009300000000000001,0.0,2.158896514422499,2.158896514422499
2025-04-23 01:45:00,144.29917944927914,155.92421502139996,0.0,0.009300000000000001,0.0,2.1588935694184332,2.1588935694184332
2025-04-23 01:46:00,144.29915460966527,155.24573361235866,0.0,0.009300000000000001,0.0,2.1588905754115326,2.1588905754115326
2025-04-23 01:47:00,144.29912936447667,154.64837276709403,0.0,0.009300000000000001,0.0,2.158887532520868,2.158887532520868
2025-04-23 01:48:00,144.29910371480844,154.12715926965964,0.0,0.009300000000000001,0.0,2.1588844408785373,2.1588844408785373
2025-04-23 01:49:00,144.29907766186116,153.67711990421455,0.0,0.009300000000000001,0.0,2.158881300629307,2.158881300629307
2025-04-23 01:50:00,144.29905120693905,153.2932814550215,0.0,0.009300000000000001,0.0,2.158878111930474,2.158878111930474
2025-04-23 01:51:00,144.29902435144763,152.9706707064445,0.0,0.009300000000000001,0.0,2.1588748749515165,2.1588748749515165
2025-04-23 01:52:00,144.29899709689164,152.70431444294678,0.0,0.009300000000000001,0.0,2.158871589873896,2.158871589873896
2025-04-23 01:53:00,144.29896944487294,152.4892394490887,0.0,0.009300000000000001,0.0,2.1588682568907833,2.1588682568907833
2025-04-23 01:54:00,144.29894139708844,152.3204725095257,0.0,0.009300000000000001,0.0,2.158864876206769,2.158864876206769
2025-04-23 01:55:00,144.2989129553278,152.19304040900587,0.0,0.009300000000000001,0.0,2.1588614480376673,2.1588614480376673
2025-04-23 01:56:00,144.2988841214715,152.10196993236823,0.0,0.009300000000000001,0.0,2.15885797261023,2.15885797261023
2025-04-23 01:57:00,144.2988548974886,152.04228786454036,0.0,0.009300000000000001,0.0,2.1588544501618676,2.1588544501618676
2025-04-23 01:58:00,144.29882528543465,152.00902099053627,0.0,0.009300000000000001,0.0,2.158850880940444,2.158850880940444
2025-04-23 01:59:00,144.29879528744962,151.997660740596,0.0,0.009300000000000001,0.0,2.158847265203947,2.158847265203947
2025-04-23 02:00:00,144.2987649057558,152.00555712560822,0.0,0.009300000000000001,0.0,2.1588436032203555,2.1588436032203555
2025-04-23 02:01:00,144.29873414265563,152.0305248016833,0.0,0.009300000000000001,0.0,2.158839895267288,2.158839895267288
2025-04-23 02:02:00,144.29870300052974,152.07037842500978,0.0,0.009300000000000001,0.0,2.1588361416317414,2.1588361416317414
2025-04-23 02:03:00,144.2986714818349,152.12293265185238,0.0,0.009300000000000001,0.0,2.158832342609943,2.158832342609943
2025-04-23 02:04:00,144.29863958910175,152.18600213854967,0.0,0.009300000000000001,0.0,2.1588284985070243,2.1588284985070243
2025-04-23 02:05:00,144.29860732493302,152.2574015415123,0.0,0.009300000000000001,0.0,2.1588246096367487,2.1588246096367487
2025-04-23 02:06:00,144.29857469200138,152.33494551722092,0.0,0.009300000000000001,0.0,2.1588206763213993,2.1588206763213993
2025-04-23 02:07:00,144.29854169304744,152.41644872222403,0.0,0.009300000000000001,0.0,2.1588166988913544,2.1588166988913544
2025-04-23 02:08:00,144.29850833087775,152.4997258131361,0.0,0.009300000000000001,0.0,2.158812677685,2.158812677685
2025-04-23 02:09:00,144.2984746083629,152.5825914466357,0.0,0.009300000000000001,0.0,2.1588086130484325,2.1588086130484325
2025-04-23 02:10:00,144.29844052843546,152.66286027946327,0.0,0.009300000000000001,0.0,2.1588045053352083,2.1588045053352083
2025-04-23 02:11:00,144.2984060940881,152.73834696841948,0.0,0.009300000000000001,0.0,2.158800354906132,2.158800354906132
2025-04-23 02:12:00,144.29837130837166,152.80686617036304,0.0,0.009300000000000001,0.0,2.1587961621290206,2.1587961621290206
2025-04-23 02:13:00,144.29833617439317,152.86623254220893,0.0,0.009300000000000001,0.0,2.1587919273784646,2.1587919273784646
2025-04-23 02:14:00,144.29830069531408,152.91426074092658,0.0,0.009300000000000001,0.0,2.1587876510356074,2.1587876510356074
2025-04-23 02:15:00,144.2982648743484,152.94876542353788,0.0,0.009300000000000001,0.0,2.1587833334879174,2.1587833334879174
2025-04-23 02:16:00,144.29822871476074,152.96756124711538,0.0,0.009300000000000001,0.0,2.1587789751290036,2.1587789751290036
2025-04-23 02:17:00,144.2981922198646,152.96846286878053,0.0,0.009300000000000001,0.0,2.1587745763583155,2.1587745763583155
2025-04-23 02:18:00,144.29815539302044,152.94928494570172,0.0,0.009300000000000001,0.0,2.1587701375809933,2.1587701375809933
2025-04-23 02:19:00,144.29811823763407,152.90784213509266,0.0,0.009300000000000001,0.0,2.1587656592076563,2.1587656592076563
2025-04-23 02:20:00,144.29808075715482,152.84194909421066,0.0,0.009300000000000001,0.0,2.158761141654117,2.158761141654117
2025-04-23 02:21:00,144.29804295507367,152.7494204803546,0.0,0.009300000000000001,0.0,2.1587565853412456,2.1587565853412456
2025-04-23 02:22:00,144.29800483492176,152.62807095086356,0.0,0.009300000000000001,0.0,2.1587519906947534,2.1587519906947534
2025-04-23 02:23:00,144.29796640026856,152.47571516311496,0.0,0.009300000000000001,0.0,2.1587473581449728,2.1587473581449728
2025-04-23 02:24:00,144.29792765472027,152.2901677745229,0.0,0.009300000000000001,0.0,2.158742688126632,2.158742688126632
2025-04-23 02:25:00,144.29788860191812,152.06924344253656,0.0,0.009300000000000001,0.0,2.1587379810787044,2.1587379810787044
2025-04-23 02:26:00,144.29784924553675,151.8107568246385,0.0,0.009300000000000001,0.0,2.1587332374441983,2.1587332374441983
2025-04-23 02:27:00,144.29780958928274,151.51252257834327,0.0,0.009300000000000001,0.0,2.158728457669957,2.158728457669957
2025-04-23 02:28:00,144.29776963689278,151.17235536119543,0.0,0.009300000000000001,0.0,2.158723642206434,2.158723642206434
2025-04-23 02:29:00,144.29772939213242,152.20663348863306,0.0,0.009300000000000001,0.0,2.158718791507606,2.158718791507606
2025-04-23 02:30:00,144.29768885879432,153.2080080136229,0.0,0.009300000000000001,0.0,2.158713906030688,2.158713906030688
2025-04-23 02:31:00,144.29764804069677,154.17561798931789,0.0,0.009300000000000001,0.0,2.1587089862359674,2.1587089862359674
2025-04-23 02:32:00,144.2976069416824,155.1086024688952,0.0,0.009300000000000001,0.0,2.1587040325867104,2.1587040325867104
2025-04-23 02:33:00,144.29756556561645,156.00610050555477,0.0,0.009300000000000001,0.0,2.1586990455488566,2.1586990455488566
2025-04-23 02:34:00,144.29752391638564,156.8672511525178,0.0,0.009300000000000001,0.0,2.158694025590986,2.158694025590986
2025-04-23 02:35:00,144.29748199789645,157.69119346302546,0.0,0.009300000000000001,0.0,2.1586889731839918,2.1586889731839918
2025-04-23 02:36:00,144.29743981407395,158.4770664903374,0.0,0.009300000000000001,0.0,2.158683888801086,2.158683888801086
2025-04-23 02:37:00,144.29739736886035,159.2240092877304,0.0,0.009300000000000001,0.0,2.158678772917468,2.158678772917468
2025-04-23 02:38:00,144.29735466621375,159.93116090849722,0.0,0.009300000000000001,0.0,2.158673626010304,2.158673626010304
2025-04-23 02:39:00,144.2973117101067,160.59766040594496,0.0,0.009300000000000001,0.0,2.1586684485585046,2.1586684485585046
2025-04-23 02:40:00,144.297268504525,161.22264683339404,0.0,0.009300000000000001,0.0,2.1586632410425204,2.1586632410425204
2025-04-23 02:41:00,144.29722505346643,161.80525924417688,0.0,0.009300000000000001,0.0,2.1586580039443084,2.1586580039443084
2025-04-23 02:42:00,144.2971813609395,162.3446366916365,0.0,0.009300000000000001,0.0,2.1586527377470692,2.1586527377470692
2025-04-23 02:43:00,144.29713743096218,162.83991822912557,0.0,0.009300000000000001,0.0,2.1586474429351847,2.1586474429351847
2025-04-23 02:44:00,144.29709326756077,163.29024291000493,0.0,0.009300000000000001,0.0,2.158642119993994,2.158642119993994
2025-04-23 02:45:00,144.29704887476876,163.6947497876427,0.0,0.009300000000000001,0.0,2.1586367694097435,2.1586367694097435
2025-04-23 02:46:00,144.29700425662548,164.0525779154128,0.0,0.009300000000000001,0.0,2.15863139166935,2.15863139166935
2025-04-23 02:47:00,144.29695941717532,164.36286634669423,0.0,0.009300000000000001,0.0,2.1586259872603764,2.1586259872603764
2025-04-23 02:48:00,144.29691436046625,164.62475413486956,0.0,0.009300000000000001,0.0,2.15862055667077,2.15862055667077
2025-04-23 02:49:00,144.296869090549,164.8373803333241,0.0,0.009300000000000001,0.0,2.158615100388811,2.158615100388811
2025-04-23 02:50:00,144.2968236114759,164.99988399544483,0.0,0.009300000000000001,0.0,2.1586096189030406,2.1586096189030406
2025-04-23 02:51:00,144.2967779272999,165.11140417461925,0.0,0.009300000000000001,0.0,2.158604112701985,2.158604112701985
2025-04-23 02:52:00,144.29673204207342,165.17107992423442,0.0,0.009300000000000001,0.0,2.1585985822741565,2.1585985822741565
2025-04-23 02:53:00,144.2966859598476,165.17805029767607,0.0,0.009300000000000001,0.0,2.1585930281078762,2.1585930281078762
2025-04-23 02:54:00,144.296639684671,165.13145434832734,0.0,0.009300000000000001,0.0,2.158587450691217,2.158587450691217
2025-04-23 02:55:00,144.29659322058893,165.03043112956817,0.0,0.009300000000000001,0.0,2.1585818505117875,2.1585818505117875
2025-04-23 02:56:00,144.29654657164244,164.8741196947742,0.0,0.009300000000000001,0.0,2.1585762280567327,2.1585762280567327
2025-04-23 02:57:00,144.2964997418674,164.66165909731592,0.0,0.009300000000000001,0.0,2.158570583812512,2.158570583812512
2025-04-23 02:58:00,144.2964527352935,164.3921883905576,0.0,0.009300000000000001,0.0,2.1585649182649087,2.1585649182649087
2025-04-23 02:59:00,144.2964055559437,164.0663888440581,0.0,0.009300000000000001,0.0,2.158559231898845,2.158559231898845
2025-04-23 03:00:00,144.29635820783295,163.69111059217377,0.0,0.009300000000000001,0.0,2.158553525198282,2.158553525198282
2025-04-23 03:01:00,144.2963106949677,163.2747459854536,0.0,0.009300000000000001,0.0,2.15854779864617,2.15854779864617
2025-04-23 03:02:00,144.29626302134503,162.82568737443728,0.0,0.009300000000000001,0.0,2.1585420527243486,2.1585420527243486
2025-04-23 03:03:00,144.29621519095176,162.3523271096543,0.0,0.009300000000000001,0.0,2.1585362879133467,2.1585362879133467
2025-04-23 03:04:00,144.2961672077638,161.8630575416232,0.0,0.009300000000000001,0.0,2.158530504692447,2.158530504692447
2025-04-23 03:05:00,144.29611907574528,161.36627102085072,0.0,0.009300000000000001,0.0,2.158524703539496,2.158524703539496
2025-04-23 03:06:00,144.29607079884795,160.87035989783118,0.0,0.009300000000000001,0.0,2.1585188849308192,2.1585188849308192
2025-04-23 03:07:00,144.2960223810104,160.38371652304588,0.0,0.009300000000000001,0.0,2.158513049341159,2.158513049341159
2025-04-23 03:08:00,144.2959738261574,159.91473324696216,0.0,0.009300000000000001,0.0,2.158507197243622,2.158507197243622
2025-04-23 03:09:00,144.2959251381992,159.47180242003293,0.0,0.009300000000000001,0.0,2.158501329109546,2.158501329109546
2025-04-23 03:10:00,144.29587632103087,159.06331639269584,0.0,0.009300000000000001,0.0,2.1584954454083984,2.1584954454083984
2025-04-23 03:11:00,144.29582737853178,158.69766751537293,0.0,0.009300000000000001,0.0,2.1584895466078367,2.1584895466078367
2025-04-23 03:12:00,144.29577831456479,158.38324813846964,0.0,0.009300000000000001,0.0,2.158483633173462,2.158483633173462
2025-04-23 03:13:00,144.2957291329758,158.1284506123745,0.0,0.009300000000000001,0.0,2.158477705568832,2.158477705568832
2025-04-23 03:14:00,144.29567983759304,157.93879682302364,0.0,0.009300000000000001,0.0,2.1584717642554065,2.1584717642554065
2025-04-23 03:15:00,144.29563043222677,157.8083267985959,0.0,0.009300000000000001,0.0,2.158465809692443,2.158465809692443
2025-04-23 03:16:00,144.29558092066836,157.72821010281658,0.0,0.009300000000000001,0.0,2.1584598423369386,2.1584598423369386
2025-04-23 03:17:00,144.29553130669004,157.6896162993918,0.0,0.009300000000000001,0.0,2.1584538626435985,2.1584538626435985
2025-04-23 03:18:00,144.29548159404422,157.68371495200776,0.0,0.009300000000000001,0.0,2.158447871064672,2.158447871064672
2025-04-23 03:19:00,144.2954317864631,157.70167562433062,0.0,0.009300000000000001,0.0,2.158441868050065,2.158441868050065
2025-04-23 03:20:00,144.29538188765818,157.7346678800057,0.0,0.009300000000000001,0.0,2.1584358540471142,2.1584358540471142
2025-04-23 03:21:00,144.29533190131966,157.77386128265715,0.0,0.009300000000000001,0.0,2.1584298295006143,2.1584298295006143
2025-04-23 03:22:00,144.29528183111617,157.8104253958874,0.0,0.009300000000000001,0.0,2.1584237948527436,2.1584237948527436
2025-04-23 03:23:00,144.2952316806942,157.83552978327685,0.0,0.009300000000000001,0.0,2.1584177505430486,2.1584177505430486
2025-04-23 03:24:00,144.29518145367774,157.84034400838337,0.0,0.009300000000000001,0.0,2.158411697008321,2.158411697008321
2025-04-23 03:25:00,144.29513115366785,157.81603763474186,0.0,0.009300000000000001,0.0,2.158405634682612,2.158405634682612
2025-04-23 03:26:00,144.2950807842423,157.753780225864,0.0,0.009300000000000001,0.0,2.15839956399713,2.15839956399713
2025-04-23 03:27:00,144.29503034895504,157.64474134523763,0.0,0.009300000000000001,0.0,2.1583934853802536,2.1583934853802536
2025-04-23 03:28:00,144.29497985133617,157.48009055632673,0.0,0.009300000000000001,0.0,2.158387399257472,2.158387399257472
2025-04-23 03:29:00,144.29492929489115,157.25503144046277,0.0,0.009300000000000001,0.0,2.158381306051268,2.158381306051268
2025-04-23 03:30:00,144.29487868310082,156.98090365052158,0.0,0.009300000000000001,0.0,2.1583752061812103,2.1583752061812103
2025-04-23 03:31:00,144.29482801942092,156.673080857246,0.0,0.009300000000000001,0.0,2.1583691000638003,2.1583691000638003
2025-04-23 03:32:00,144.29477730728178,156.34693673135345,0.0,0.009300000000000001,0.0,2.1583629881125126,2.1583629881125126
2025-04-23 03:33:00,144.294726550088,156.0178449435357,0.0,0.009300000000000001,0.0,2.1583568707376655,2.1583568707376655
2025-04-23 03:34:00,144.2946757512183,155.70117916445852,0.0,0.009300000000000001,0.0,2.1583507483465154,2.1583507483465154
2025-04-23 03:35:00,144.2946249140251,155.41231306476152,0.0,0.009300000000000001,0.0,2.15834462134309,2.15834462134309
2025-04-23 03:36:00,144.29457404183427,155.16662031505766,0.0,0.009300000000000001,0.0,2.1583384901282736,2.1583384901282736
2025-04-23 03:37:00,144.294523137945,154.97947458593325,0.0,0.009300000000000001,0.0,2.15833235509969,2.15833235509969
2025-04-23 03:38:00,144.29447220562935,154.86624954794746,0.0,0.009300000000000001,0.0,2.1583262166516946,2.1583262166516946
2025-04-23 03:39:00,144.29442124813232,154.84231887163244,0.0,0.009300000000000001,0.0,2.158320075175392,2.158320075175392
2025-04-23 03:40:00,144.29437026867132,154.92305622749268,0.0,0.009300000000000001,0.0,2.1583139310585833,2.1583139310585833
2025-04-23 03:41:00,144.2943192704362,155.1238352860052,0.0,0.009300000000000001,0.0,2.1583077846857073,2.1583077846857073
2025-04-23 03:42:00,144.294268256589,155.46002971761908,0.0,0.009300000000000001,0.0,2.1583016364378476,2.1583016364378476
2025-04-23 03:43:00,144.29421723026354,155.94701319275535,0.0,0.009300000000000001,0.0,2.1582954866927264,2.1582954866927264
2025-04-23 03:44:00,144.29416619456575,156.59314566540553,0.0,0.009300000000000001,0.0,2.158289335824662,2.158289335824662
2025-04-23 03:45:00,144.29411515257294,157.3787322239266,0.0,0.009300000000000001,0.0,2.1582831842045596,2.1582831842045596
2025-04-23 03:46:00,144.29406410733404,158.27706424024566,0.0,0.009300000000000001,0.0,2.1582770321998463,2.1582770321998463
2025-04-23 03:47:00,144.29401306186932,159.26143308626115,0.0,0.009300000000000001,0.0,2.1582708801745616,2.1582708801745616
2025-04-23 03:48:00,144.29396201917027,160.3051301338428,0.0,0.009300000000000001,0.0,2.1582647284892063,2.1582647284892063
2025-04-23 03:49:00,144.2939109821994,161.38144675483125,0.0,0.009300000000000001,0.0,2.158258577500841,2.158258577500841
2025-04-23 03:50:00,144.29385995389032,162.46367432103824,0.0,0.009300000000000001,0.0,2.158252427563038,2.158252427563038
2025-04-23 03:51:00,144.29380893714745,163.52510420424647,0.0,0.009300000000000001,0.0,2.1582462790258066,2.1582462790258066
2025-04-23 03:52:00,144.29375793484598,164.53902777620928,0.0,0.009300000000000001,0.0,2.158240132235666,2.158240132235666
2025-04-23 03:53:00,144.29370694983183,165.47873640865072,0.0,0.009300000000000001,0.0,2.1582339875356102,2.1582339875356102
2025-04-23 03:54:00,144.29365598492154,166.31752147326554,0.0,0.009300000000000001,0.0,2.1582278452650825,2.1582278452650825
2025-04-23 03:55:00,144.29360504290221,167.02867434171904,0.0,0.009300000000000001,0.0,2.158221705759962,2.158221705759962
2025-04-23 03:56:00,144.29355412653138,167.5854863856469,0.0,0.009300000000000001,0.0,2.158215569352577,2.158215569352577
2025-04-23 03:57:00,144.29350323853706,167.96124897665536,0.0,0.009300000000000001,0.0,2.1582094363717057,2.1582094363717057
2025-04-23 03:58:00,144.29345238161767,168.12925348632098,0.0,0.009300000000000001,0.0,2.1582033071425486,2.1582033071425486
2025-04-23 03:59:00,144.29340155844193,168.0714644123483,0.0,0.009300000000000001,0.0,2.1581971819866954,2.1581971819866954
2025-04-23 04:00:00,144.29335077164893,167.80453875704285,0.0,0.009300000000000001,0.0,2.1581910612222335,2.1581910612222335
2025-04-23 04:01:00,144.29330002384805,167.35380664883797,0.0,0.009300000000000001,0.0,2.1581849451636117,2.1581849451636117
2025-04-23 04:02:00,144.2932493176189,166.74459821613738,0.0,0.009300000000000001,0.0,2.158178834121692,2.158178834121692
2025-04-23 04:03:00,144.29319865551142,166.00224358731504,0.0,0.009300000000000001,0.0,2.1581727284037973,2.1581727284037973
2025-04-23 04:04:00,144.29314804004585,165.15207289071526,0.0,0.009300000000000001,0.0,2.1581666283136136,2.1581666283136136
2025-04-23 04:05:00,144.2930974737126,164.21941625465243,0.0,0.009300000000000001,0.0,2.1581605341512997,2.1581605341512997
2025-04-23 04:06:00,144.2930469589725,163.22960380741148,0.0,0.009300000000000001,0.0,2.15815444621339,2.15815444621339
2025-04-23 04:07:00,144.29299649825663,162.20796567724747,0.0,0.009300000000000001,0.0,2.1581483647928543,2.1581483647928543
2025-04-23 04:08:00,144.29294609396638,161.17983199238589,0.0,0.009300000000000001,0.0,2.15814229017909,2.15814229017909
2025-04-23 04:09:00,144.29289574847348,160.17053288102247,0.0,0.009300000000000001,0.0,2.15813622265789,2.15813622265789
2025-04-23 04:10:00,144.29284546412015,159.2053984713235,0.0,0.009300000000000001,0.0,2.158130162511526,2.158130162511526
2025-04-23 04:11:00,144.29279524321896,158.30975889142553,0.0,0.009300000000000001,0.0,2.15812411001869,2.15812411001869
2025-04-23 04:12:00,144.29274508805304,157.50894426943583,0.0,0.009300000000000001,0.0,2.1581180654545014,2.1581180654545014
2025-04-23 04:13:00,144.292695000876,156.82828473343196,0.0,0.009300000000000001,0.0,2.158112029090516,2.158112029090516
2025-04-23 04:14:00,144.29264498391208,156.2863109602409,0.0,0.009300000000000001,0.0,2.1581060011948012,2.1581060011948012
2025-04-23 04:15:00,144.2925950393562,155.8743558217748,0.0,0.009300000000000001,0.0,2.158099982031837,2.158099982031837
2025-04-23 04:16:00,144.2925451693739,155.57695273869507,0.0,0.009300000000000001,0.0,2.158093971862577,2.158093971862577
2025-04-23 04:17:00,144.29249537610173,155.37863513163418,0.0,0.009300000000000001,0.0,2.1580879709444885,2.1580879709444885
2025-04-23 04:18:00,144.29244566164692,155.26393642119524,0.0,0.009300000000000001,0.0,2.158081979531499,2.158081979531499
2025-04-23 04:19:00,144.29239602808775,155.2173900279524,0.0,0.009300000000000001,0.0,2.158075997874036,2.158075997874036
2025-04-23 04:20:00,144.2923464774736,155.22352937245094,0.0,0.009300000000000001,0.0,2.158070026219053,2.158070026219053
2025-04-23 04:21:00,144.29229701182484,155.26688787520717,0.0,0.009300000000000001,0.0,2.158064064810026,2.158064064810026
2025-04-23 04:22:00,144.2922476331333,155.33199895670873,0.0,0.009300000000000001,0.0,2.1580581138869452,2.1580581138869452
2025-04-23 04:23:00,144.29219834336195,155.40339603741455,0.0,0.009300000000000001,0.0,2.1580521736863596,2.1580521736863596
2025-04-23 04:24:00,144.29214914444535,155.46561253775502,0.0,0.009300000000000001,0.0,2.1580462444413833,2.1580462444413833
2025-04-23 04:25:00,144.2921000382895,155.5031818781321,0.0,0.009300000000000001,0.0,2.15804032638169,2.15804032638169
2025-04-23 04:26:00,144.2920510267722,155.50063747891943,0.0,0.009300000000000001,0.0,2.1580344197335175,2.1580344197335175
2025-04-23 04:27:00,144.29200211174293,155.44251276046234,0.0,0.009300000000000001,0.0,2.158028524719751,2.158028524719751
2025-04-23 04:28:00,144.29195329502306,155.31334114307816,0.0,0.009300000000000001,0.0,2.158022641559851,2.158022641559851
2025-04-23 04:29:00,144.29190457840608,155.1008070500919,0.0,0.009300000000000001,0.0,2.1580167704699145,2.1580167704699145
2025-04-23 04:30:00,144.29185596365753,154.80519891694308,0.0,0.009300000000000001,0.0,2.1580109116626884,2.1580109116626884
2025-04-23 04:31:00,144.2918074525153,154.42995618207925,0.0,0.009300000000000001,0.0,2.1580050653475817,2.1580050653475817
2025-04-23 04:32:00,144.29175904668966,153.97851828392038,0.0,0.009300000000000001,0.0,2.1579992317306504,2.1579992317306504
2025-04-23 04:33:00,144.29171074786348,153.4543246608589,0.0,0.009300000000000001,0.0,2.1579934110146777,2.1579934110146777
2025-04-23 04:34:00,144.2916625576923,152.86081475126008,0.0,0.009300000000000001,0.0,2.1579876033991314,2.1579876033991314
2025-04-23 04:35:00,144.29161447780442,152.20142799346183,0.0,0.009300000000000001,0.0,2.157981809080228,2.157981809080228
2025-04-23 04:36:00,144.29156650980116,151.47960382577514,0.0,0.009300000000000001,0.0,2.1579760282508866,2.1579760282508866
2025-04-23 04:37:00,144.29151865525702,150.69878168648415,0.0,0.009300000000000001,0.0,2.1579702611008083,2.1579702611008083
2025-04-23 04:38:00,144.29147091571974,149.86240101384624,0.0,0.009300000000000001,0.0,2.157964507816508,2.157964507816508
2025-04-23 04:39:00,144.29142329271042,148.9739012460922,0.0,0.009300000000000001,0.0,2.1579587685812256,2.1579587685812256
2025-04-23 04:40:00,144.29137578772387,148.03672182142643,0.0,0.009300000000000001,0.0,2.157953043575085,2.157953043575085
2025-04-23 04:41:00,144.29132840222852,147.05430217802706,0.0,0.009300000000000001,0.0,2.1579473329750107,2.1579473329750107
2025-04-23 04:42:00,144.29128113766672,146.03008175404605,0.0,0.009300000000000001,0.0,2.157941636954751,2.157941636954751
2025-04-23 04:43:00,144.2912339954549,144.9674999876095,0.0,0.009300000000000001,0.0,2.1579359556850015,2.1579359556850015
2025-04-23 04:44:00,144.2911869769837,143.86999631681775,0.0,0.009300000000000001,0.0,2.1579302893332946,2.1579302893332946
2025-04-23 04:45:00,144.2911400836182,142.74101017974544,0.0,0.009300000000000001,0.0,2.1579246380640638,2.1579246380640638
2025-04-23 04:46:00,144.29109331669792,141.5839810144418,0.0,0.009300000000000001,0.0,2.15791900203875,2.15791900203875
2025-04-23 04:47:00,144.29104667753722,140.40234825893083,0.0,0.009300000000000001,0.0,2.15791338141567,2.15791338141567
2025-04-23 04:48:00,144.29100016742524,139.19955135121128,0.0,0.009300000000000001,0.0,2.157907776350126,2.157907776350126
2025-04-23 04:49:00,144.29095378762628,137.97902972925718,0.0,0.009300000000000001,0.0,2.1579021869944817,2.1579021869944817
2025-04-23 04:50:00,144.29090753937982,136.74422283101757,0.0,0.009300000000000001,0.0,2.157896613498023,2.157896613498023
2025-04-23 04:51:00,144.2908614239008,135.4985700944171,0.0,0.009300000000000001,0.0,2.1578910560071356,2.1578910560071356
2025-04-23 04:52:00,144.2908154423797,134.24551095735592,0.0,0.009300000000000001,0.0,2.157885514665214,2.157885514665214
2025-04-23 04:53:00,144.2907695959828,132.98848485770986,0.0,0.009300000000000001,0.0,2.157879989612816,2.157879989612816
2025-04-23 04:54:00,144.29072388585232,131.7309312333309,0.0,0.009300000000000001,0.0,2.157874480987496,2.157874480987496
2025-04-23 04:55:00,144.29067831310658,130.47628952204695,0.0,0.009300000000000001,0.0,2.1578689889240064,2.1578689889240064
2025-04-23 04:56:00,144.29063287884034,129.22799916166244,0.0,0.009300000000000001,0.0,2.1578635135542106,2.1578635135542106
2025-04-23 04:57:00,144.29058758412467,127.98949958995807,0.0,0.009300000000000001,0.0,2.157858055007158,2.157858055007158
2025-04-23 04:58:00,144.2905424300074,126.76423024469136,0.0,0.009300000000000001,0.0,2.1578526134090574,2.1578526134090574
2025-04-23 04:59:00,144.29049741751325,126.82129984332016,0.0,0.009300000000000001,0.0,2.157847188883354,2.157847188883354
2025-04-23 05:00:00,144.29045254764392,127.01045239080916,0.0,0.009300000000000001,0.0,2.157841781550727,2.157841781550727
2025-04-23 05:01:00,144.29040782137844,127.3215718423782,0.0,0.009300000000000001,0.0,2.157836391529105,2.157836391529105
2025-04-23 05:02:00,144.29036323967318,127.7445421532245,0.0,0.009300000000000001,0.0,2.157831018933688,2.157831018933688
2025-04-23 05:03:00,144.29031880346213,128.26924727852284,0.0,0.009300000000000001,0.0,2.1578256638769866,2.1578256638769866
2025-04-23 05:04:00,144.2902745136571,128.88557117342586,0.0,0.009300000000000001,0.0,2.1578203264688205,2.1578203264688205
2025-04-23 05:05:00,144.29023037114783,129.58339779306417,0.0,0.009300000000000001,0.0,2.1578150068163966,2.1578150068163966
2025-04-23 05:06:00,144.29018637680235,130.35261109254654,0.0,0.009300000000000001,0.0,2.157809705024267,2.157809705024267
2025-04-23 05:07:00,144.29014253146696,131.18309502696016,0.0,0.009300000000000001,0.0,2.1578044211943324,2.1578044211943324
2025-04-23 05:08:00,144.29009883596652,132.06473355137067,0.0,0.009300000000000001,0.0,2.1577991554259777,2.1577991554259777
2025-04-23 05:09:00,144.29005529110472,132.9874106208226,0.0,0.009300000000000001,0.0,2.157793907815997,2.157793907815997
2025-04-23 05:10:00,144.29001189766407,133.9410101903393,0.0,0.009300000000000001,0.0,2.157788678458633,2.157788678458633
2025-04-23 05:11:00,144.2899686564063,134.9154162149233,0.0,0.009300000000000001,0.0,2.1577834674456615,2.1577834674456615
2025-04-23 05:12:00,144.28992556807245,135.90051264955648,0.0,0.009300000000000001,0.0,2.157778274866294,2.157778274866294
2025-04-23 05:13:00,144.28988263338303,136.88618344920013,0.0,0.009300000000000001,0.0,2.1577731008073506,2.1577731008073506
2025-04-23 05:14:00,144.28983985303833,137.86231256879543,0.0,0.009300000000000001,0.0,2.157767945353136,2.157767945353136
2025-04-23 05:15:00,144.28979722771842,138.81878396326323,0.0,0.009300000000000001,0.0,2.1577628085855896,2.1577628085855896
2025-04-23 05:16:00,144.2897547580836,139.74548158750466,0.0,0.009300000000000001,0.0,2.1577576905841958,2.1577576905841958
2025-04-23 05:17:00,144.28971244477438,140.63228939640103,0.0,0.009300000000000001,0.0,2.1577525914261253,2.1577525914261253
2025-04-23 05:18:00,144.28967028841174,141.4690913448142,0.0,0.009300000000000001,0.0,2.1577475111861446,2.1577475111861446
2025-04-23 05:19:00,144.28962828959737,142.24577138758664,0.0,0.009300000000000001,0.0,2.157742449936716,2.157742449936716
2025-04-23 05:20:00,144.28958644891378,142.95221347954168,0.0,0.009300000000000001,0.0,2.1577374077479736,2.1577374077479736
2025-04-23 05:21:00,144.28954476692456,143.57830157548375,0.0,0.009300000000000001,0.0,2.157732384687811,2.157732384687811
2025-04-23 05:22:00,144.2895032441745,144.11391963019847,0.0,0.009300000000000001,0.0,2.1577273808218056,2.1577273808218056
2025-04-23 05:23:00,144.28946188118994,144.548951598453,0.0,0.009300000000000001,0.0,2.157722396213354,2.157722396213354
2025-04-23 05:24:00,144.28942067847868,144.8732814349959,0.0,0.009300000000000001,0.0,2.1577174309235887,2.1577174309235887
2025-04-23 05:25:00,144.2893796365305,145.07679309455787,0.0,0.009300000000000001,0.0,2.157712485011474,2.157712485011474
2025-04-23 05:26:00,144.2893387558171,145.14937053185142,0.0,0.009300000000000001,0.0,2.1577075585338346,2.1577075585338346
2025-04-23 05:27:00,144.2892980367924,145.0808977015712,0.0,0.009300000000000001,0.0,2.1577026515452644,2.1577026515452644
2025-04-23 05:28:00,144.2892574798927,144.86125855839444,0.0,0.009300000000000001,0.0,2.157697764098367,2.157697764098367
2025-04-23 05:29:00,144.2892170855369,144.4871642680063,0.0,0.009300000000000001,0.0,2.1576928962435273,2.1576928962435273
2025-04-23 05:30:00,144.28917685412665,143.9826348401768,0.0,0.009300000000000001,0.0,2.1576880480290903,2.1576880480290903
2025-04-23 05:31:00,144.2891367860466,143.37851749568443,0.0,0.009300000000000001,0.0,2.1576832195013833,2.1576832195013833
2025-04-23 05:32:00,144.2890968816645,142.7056594552908,0.0,0.009300000000000001,0.0,2.157678410704641,2.157678410704641
2025-04-23 05:33:00,144.28905714133145,141.99490793974084,0.0,0.009300000000000001,0.0,2.1576736216811825,2.1576736216811825
2025-04-23 05:34:00,144.28901756538212,141.27711016976312,0.0,0.009300000000000001,0.0,2.157668852471221,2.157668852471221
2025-04-23 05:35:00,144.28897815413478,140.5831133660697,0.0,0.009300000000000001,0.0,2.1576641031131154,2.1576641031131154
2025-04-23 05:36:00,144.28893890789172,139.94376474935675,0.0,0.009300000000000001,0.0,2.157659373643183,2.157659373643183
2025-04-23 05:37:00,144.28889982693926,139.3899115403044,0.0,0.009300000000000001,0.0,2.1576546640959466,2.1576546640959466
2025-04-23 05:38:00,144.28886091154789,138.95240095957706,0.0,0.009300000000000001,0.0,2.1576499745039266,2.1576499745039266
2025-04-23 05:39:00,144.2888221619727,138.66208022782362,0.0,0.009300000000000001,0.0,2.157645304897788,2.157645304897788
2025-04-23 05:40:00,144.28878357845332,138.54979656567758,0.0,0.009300000000000001,0.0,2.1576406553063885,2.1576406553063885
2025-04-23 05:41:00,144.28874516121425,138.64639719375725,0.0,0.009300000000000001,0.0,2.157636025756721,2.157636025756721
2025-04-23 05:42:00,144.28870691046495,138.982729332666,0.0,0.009300000000000001,0.0,2.157631416273995,2.157631416273995
2025-04-23 05:43:00,144.2886688264001,139.5896402029923,0.0,0.009300000000000001,0.0,2.157626826881594,2.157626826881594
2025-04-23 05:44:00,144.2886309091997,140.4853019832546,0.0,0.009300000000000001,0.0,2.1576222576011794,2.1576222576011794
2025-04-23 05:45:00,144.2885931590293,141.63718668373522,0.0,0.009300000000000001,0.0,2.157617708452647,2.157617708452647
2025-04-23 05:46:00,144.28855557604012,143.00009127264667,0.0,0.009300000000000001,0.0,2.1576131794541857,2.1576131794541857
2025-04-23 05:47:00,144.28851816036942,144.52881271818754,0.0,0.009300000000000001,0.0,2.157608670622268,2.157608670622268
2025-04-23 05:48:00,144.2884809121404,146.17814798854232,0.0,0.009300000000000001,0.0,2.157604181971697,2.157604181971697
2025-04-23 05:49:00,144.2884438314625,147.90289405188184,0.0,0.009300000000000001,0.0,2.1575997135156197,2.1575997135156197
2025-04-23 05:50:00,144.28840691843172,149.65784787636335,0.0,0.009300000000000001,0.0,2.157595265265566,2.157595265265566
2025-04-23 05:51:00,144.28837017313052,151.39780643013066,0.0,0.009300000000000001,0.0,2.1575908372313966,2.1575908372313966
2025-04-23 05:52:00,144.2883335956282,153.07756668131435,0.0,0.009300000000000001,0.0,2.1575864294214404,2.1575864294214404
2025-04-23 05:53:00,144.28829718598098,154.65192559803205,0.0,0.009300000000000001,0.0,2.157582041842423,2.157582041842423
2025-04-23 05:54:00,144.28826094423223,156.0756801483884,0.0,0.009300000000000001,0.0,2.1575776744994983,2.1575776744994983
2025-04-23 05:55:00,144.2882248704126,157.3036273004753,0.0,0.009300000000000001,0.0,2.157573327396353,2.157573327396353
2025-04-23 05:56:00,144.28818896454015,158.29056402237228,0.0,0.009300000000000001,0.0,2.157569000535104,2.157569000535104
2025-04-23 05:57:00,144.28815322662064,158.9912872821463,0.0,0.009300000000000001,0.0,2.157564693916377,2.157564693916377
2025-04-23 05:58:00,144.2881176566476,159.36059404785223,0.0,0.009300000000000001,0.0,2.157560407539363,2.157560407539363
2025-04-23 05:59:00,144.28808225460247,159.3676079281025,0.0,0.009300000000000001,0.0,2.1575561414017983,2.1575561414017983
2025-04-23 06:00:00,144.28804702045488,159.0387590937761,0.0,0.009300000000000001,0.0,2.157551895499962,2.157551895499962
2025-04-23 06:01:00,144.28801195416276,158.41480435631,0.0,0.009300000000000001,0.0,2.157547669828715,2.157547669828715
2025-04-23 06:02:00,144.28797705567246,157.53650052712956,0.0,0.009300000000000001,0.0,2.157543464381573,2.157543464381573
2025-04-23 06:03:00,144.28794232491893,156.44460441764878,0.0,0.009300000000000001,0.0,2.1575392791506705,2.1575392791506705
2025-04-23 06:04:00,144.28790776182598,155.1798728392705,0.0,0.009300000000000001,0.0,2.1575351141267465,2.1575351141267465
2025-04-23 06:05:00,144.28787336630626,153.78306260338638,0.0,0.009300000000000001,0.0,2.157530969299235,2.157530969299235
2025-04-23 06:06:00,144.28783913826163,152.2949305213773,0.0,0.009300000000000001,0.0,2.1575268446562865,2.1575268446562865
2025-04-23 06:07:00,144.2878050775831,150.75623340461334,0.0,0.009300000000000001,0.0,2.157522740184695,2.157522740184695
2025-04-23 06:08:00,144.28777118415118,149.20772806445396,0.0,0.009300000000000001,0.0,2.15751865587006,2.15751865587006
2025-04-23 06:09:00,144.28773745783593,147.6901713122483,0.0,0.009300000000000001,0.0,2.157514591696636,2.157514591696636
2025-04-23 06:10:00,144.2877038984971,146.24431995933517,0.0,0.009300000000000001,0.0,2.157510547647508,2.157510547647508
2025-04-23 06:11:00,144.2876705059844,144.91093081704324,0.0,0.009300000000000001,0.0,2.1575065237045035,2.1575065237045035
2025-04-23 06:12:00,144.28763728013752,143.73076069669122,0.0,0.009300000000000001,0.0,2.157502519848267,2.157502519848267
2025-04-23 06:13:00,144.2876042207863,142.74456640958803,0.0,0.009300000000000001,0.0,2.157498536058275,2.157498536058275
2025-04-23 06:14:00,144.287571327751,141.98258712580045,0.0,0.009300000000000001,0.0,2.157494572312782,2.157494572312782
2025-04-23 06:15:00,144.28753860084234,141.43299145045575,0.0,0.009300000000000001,0.0,2.157490628588985,2.157490628588985
2025-04-23 06:16:00,144.28750603986168,141.0734303474394,0.0,0.009300000000000001,0.0,2.1574867048628614,2.1574867048628614
2025-04-23 06:17:00,144.28747364460114,140.88155478062754,0.0,0.009300000000000001,0.0,2.1574828011093565,2.1574828011093565
2025-04-23 06:18:00,144.28744141484378,140.8350157138874,0.0,0.009300000000000001,0.0,2.1574789173022695,2.1574789173022695
2025-04-23 06:19:00,144.28740935036376,140.91146411107715,0.0,0.009300000000000001,0.0,2.1574750534143288,2.1574750534143288
2025-04-23 06:20:00,144.28737745092639,141.08855093604623,0.0,0.009300000000000001,0.0,2.1574712094172437,2.1574712094172437
2025-04-23 06:21:00,144.28734571628843,141.34392715263544,0.0,0.009300000000000001,0.0,2.1574673852816515,2.1574673852816515
2025-04-23 06:22:00,144.28731414619813,141.65524372467715,0.0,0.009300000000000001,0.0,2.1574635809771827,2.1574635809771827
2025-04-23 06:23:00,144.2872827403953,142.00015161599524,0.0,0.009300000000000001,0.0,2.157459796472421,2.157459796472421
2025-04-23 06:24:00,144.2872514986116,142.3563017904054,0.0,0.009300000000000001,0.0,2.1574560317350184,2.1574560317350184
2025-04-23 06:25:00,144.28722042057063,142.7013452117154,0.0,0.009300000000000001,0.0,2.157452286731605,2.157452286731605
2025-04-23 06:26:00,144.28718950598804,143.01293284372488,0.0,0.009300000000000001,0.0,2.15744856142789,2.15744856142789
2025-04-23 06:27:00,144.2871587545716,143.26871565022574,0.0,0.009300000000000001,0.0,2.1574448557886,2.1574448557886
2025-04-23 06:28:00,144.2871281660215,143.44634459500224,0.0,0.009300000000000001,0.0,2.157441169777615,2.157441169777615
2025-04-23 06:29:00,144.28709774003028,143.52963700181863,0.0,0.009300000000000001,0.0,2.1574375033578064,2.1574375033578064
2025-04-23 06:30:00,144.28706747628326,143.52707563438221,0.0,0.009300000000000001,0.0,2.157433856491226,2.157433856491226
2025-04-23 06:31:00,144.28703737445832,143.45330961638055,0.0,0.009300000000000001,0.0,2.157430229139028,2.157430229139028
2025-04-23 06:32:00,144.28700743422627,143.32298807149402,0.0,0.009300000000000001,0.0,2.157426621261495,2.157426621261495
2025-04-23 06:33:00,144.2869776552509,143.1507601233961,0.0,0.009300000000000001,0.0,2.1574230328181025,2.1574230328181025
2025-04-23 06:34:00,144.28694803718903,142.95127489575324,0.0,0.009300000000000001,0.0,2.1574194637674164,2.1574194637674164
2025-04-23 06:35:00,144.28691857969085,142.73918151222523,0.0,0.009300000000000001,0.0,2.157415914067281,2.157415914067281
2025-04-23 06:36:00,144.28688928239987,142.52912909646523,0.0,0.009300000000000001,0.0,2.1574123836747066,2.1574123836747066
2025-04-23 06:37:00,144.28686014495304,142.3357667721198,0.0,0.009300000000000001,0.0,2.1574088725458695,2.1574088725458695
2025-04-23 06:38:00,144.28683116698096,142.17374366282917,0.0,0.009300000000000001,0.0,2.157405380636263,2.157405380636263
2025-04-23 06:39:00,144.28680234810795,142.05770889222734,0.0,0.009300000000000001,0.0,2.1574019079005584,2.1574019079005584
2025-04-23 06:40:00,144.28677368795223,142.00231158394212,0.0,0.009300000000000001,0.0,2.1573984542927165,2.1573984542927165
2025-04-23 06:41:00,144.28674518612593,142.02220086159528,0.0,0.009300000000000001,0.0,2.157395019765978,2.157395019765978
2025-04-23 06:42:00,144.2867168422353,142.1320258488027,0.0,0.009300000000000001,0.0,2.1573916042728607,2.1573916042728607
2025-04-23 06:43:00,144.28668865588082,142.3464356691745,0.0,0.009300000000000001,0.0,2.1573882077651616,2.1573882077651616
2025-04-23 06:44:00,144.2866606266573,142.67616423402902,0.0,0.009300000000000001,0.0,2.1573848301940304,2.1573848301940304
2025-04-23 06:45:00,144.2866327541539,143.1162846055348,0.0,0.009300000000000001,0.0,2.157381471509945,2.157381471509945
2025-04-23 06:46:00,144.28660503795447,143.6579546335688,0.0,0.009300000000000001,0.0,2.1573781316627105,2.1573781316627105
2025-04-23 06:47:00,144.28657747763745,144.29233216800282,0.0,0.009300000000000001,0.0,2.157374810601511,2.157374810601511
2025-04-23 06:48:00,144.28655007277607,145.01057505870324,0.0,0.009300000000000001,0.0,2.1573715082748586,2.1573715082748586
2025-04-23 06:49:00,144.28652282293845,145.80384115553144,0.0,0.009300000000000001,0.0,2.1573682246307038,2.1573682246307038
2025-04-23 06:50:00,144.28649572768774,146.6632883083438,0.0,0.009300000000000001,0.0,2.1573649596163653,2.1573649596163653
2025-04-23 06:51:00,144.28646878658213,147.58007436699177,0.0,0.009300000000000001,0.0,2.157361713178575,2.157361713178575
2025-04-23 06:52:00,144.28644199917514,148.54535718132206,0.0,0.009300000000000001,0.0,2.1573584852634813,2.1573584852634813
2025-04-23 06:53:00,144.28641536501544,149.55029460117657,0.0,0.009300000000000001,0.0,2.1573552758166965,2.1573552758166965
2025-04-23 06:54:00,144.28638888364728,150.58604447639283,0.0,0.009300000000000001,0.0,2.1573520847832484,2.1573520847832484
2025-04-23 06:55:00,144.2863625546104,151.6437646568038,0.0,0.009300000000000001,0.0,2.1573489121076554,2.1573489121076554
2025-04-23 06:56:00,144.28633637744016,152.71461299223805,0.0,0.009300000000000001,0.0,2.1573457577339004,2.1573457577339004
2025-04-23 06:57:00,144.28631035166765,153.7897473325199,0.0,0.009300000000000001,0.0,2.1573426216054443,2.1573426216054443
2025-04-23 06:58:00,144.2862844768198,154.8603255274695,0.0,0.009300000000000001,0.0,2.157339503665249,2.157339503665249
2025-04-23 06:59:00,144.28625875241943,155.91820237348514,0.0,0.009300000000000001,0.0,2.1573364038557807,2.1573364038557807
2025-04-23 07:00:00,144.2862331779855,156.95802045328955,0.0,0.009300000000000001,0.0,2.1573333221190443,2.1573333221190443
2025-04-23 07:01:00,144.286207753033,157.97511929618378,0.0,0.009300000000000001,0.0,2.1573302583965717,2.1573302583965717
2025-04-23 07:02:00,144.28618247707323,158.96483843146515,0.0,0.009300000000000001,0.0,2.1573272126294603,2.1573272126294603
2025-04-23 07:03:00,144.28615734961372,159.9225173884272,0.0,0.009300000000000001,0.0,2.157324184758309,2.157324184758309
2025-04-23 07:04:00,144.2861323701585,160.84349569636,53.0,0.009300000000000001,0.0,2.157321174723344,2.157321174723344
2025-04-23 07:05:00,144.28610869080998,161.72311403715196,0.0,15.079341666666666,0.0,2.1573183213532596,2.1573183213532596
2025-04-23 07:06:00,144.28613802988556,162.55676365890653,0.0,0.009300000000000001,0.0,2.157321856722726,2.157321856722726
2025-04-23 07:07:00,144.28654556143408,163.34010926545855,0.0,0.009300000000000001,0.0,2.1573709646516086,2.1573709646516086
2025-04-23 07:08:00,144.28817764211195,164.06933674325043,0.0,0.009300000000000001,0.0,2.1575676361189706,2.1575676361189706
2025-04-23 07:09:00,144.29253083005668,164.74128218020573,0.0,0.009300000000000001,0.0,2.158092243735535,2.158092243735535
2025-04-23 07:10:00,144.30184500093782,165.35352498178,0.0,0.009300000000000001,0.0,2.1592148669494566,2.1592148669494566
2025-04-23 07:11:00,144.31918617637294,165.90447069937684,0.0,0.009300000000000001,0.0,2.1613055609211833,2.1613055609211833
2025-04-23 07:12:00,144.34851150658585,166.3934160130061,0.0,0.009300000000000001,0.0,2.164842833033476,2.164842833033476
2025-04-23 07:13:00,144.3947120076421,166.82059146851932,0.0,0.009300000000000001,0.0,2.1704200496543726,2.1704200496543726
2025-04-23 07:14:00,144.4636322464109,167.1871811625717,0.0,0.009300000000000001,0.0,2.178750007031747,2.178750007031747
2025-04-23 07:15:00,144.56208796818345,167.49534037024054,0.0,0.009300000000000001,0.0,2.1906706087093513,2.1906706087093513
2025-04-23 07:16:00,144.6978550057706,167.74818445412268,0.0,0.009300000000000001,0.0,2.207148898106244,2.207148898106244
2025-04-23 07:17:00,144.87945890082602,167.94957848565775,0.0,0.009300000000000001,0.0,2.2292631075423888,2.2292631075423888
2025-04-23 07:18:00,145.11579657509336,168.10375891637548,0.0,0.009300000000000001,0.0,2.258166275433663,2.258166275433663
2025-04-23 07:19:00,145.4158187159886,168.21501596347787,0.0,0.009300000000000001,0.0,2.2950586248037346,2.2950586248037346
2025-04-23 07:20:00,145.78826867340274,168.28743250664195,0.0,0.009300000000000001,0.0,2.3411675326016703,2.3411675326016703
2025-04-23 07:21:00,146.2414628638834,168.32466449220132,0.0,0.009300000000000001,0.0,2.3977323739227456,2.3977323739227456
2025-04-23 07:22:00,146.7831043959718,168.32975455848324,0.0,0.009300000000000001,0.0,2.4659921752449327,2.4659921752449327
2025-04-23 07:23:00,147.42012294510002,168.30497191070577,0.0,0.009300000000000001,0.0,2.547174091470485,2.547174091470485
2025-04-23 07:24:00,148.15853533040314,168.25167289779012,0.0,0.009300000000000001,0.0,2.642480907457207,2.642480907457207
2025-04-23 07:25:00,149.003323009279,168.17017850692002,0.0,0.009300000000000001,0.0,2.753076090719289,2.753076090719289
2025-04-23 07:26:00,149.95832498781095,168.05966727396492,0.0,0.009300000000000001,0.0,2.8800654187683605,2.8800654187683605
2025-04-23 07:27:00,151.02614744388296,167.91808490659477,0.0,0.009300000000000001,0.0,3.0244748818335507,3.0244748818335507
2025-04-23 07:28:00,152.2080943249979,167.74207488209848,0.0,0.009300000000000001,0.0,3.1872253799031554,3.1872253799031554
2025-04-23 07:29:00,153.50412553408003,169.27896597981746,0.0,0.009300000000000001,0.0,3.369105577059492,3.369105577059492
2025-04-23 07:30:00,154.91285002180769,170.87278499048136,0.0,0.009300000000000001,0.0,3.570744959189147,3.570744959189147
2025-04-23 07:31:00,156.4315593910909,172.52162868565017,0.0,0.009300000000000001,0.0,3.7925894637968156,3.7925894637968156
2025-04-23 07:32:00,158.0563035771623,174.22235216920637,0.0,0.009300000000000001,0.0,4.034881899499113,4.034881899499113
2025-04-23 07:33:00,159.78200494128558,175.9706829710636,0.0,0.009300000000000001,0.0,4.297648794701837,4.297648794701837
2025-04-23 07:34:00,161.60260241340754,177.7613651898186,0.0,0.009300000000000001,0.0,4.580694501301707,4.580694501301707
2025-04-23 07:35:00,163.51120476886288,179.588312769456,0.0,0.009300000000000001,0.0,4.883601001993206,4.883601001993206
2025-04-23 07:36:00,165.5002007964152,181.44471966738928,0.0,0.009300000000000001,0.0,5.205725922975822,5.205725922975822
2025-04-23 07:37:00,167.56147469404397,183.32327525024783,0.0,0.009300000000000001,0.0,5.546223017490766,5.546223017490766
2025-04-23 07:38:00,169.68659744670475,185.21635567163716,0.0,0.009300000000000001,0.0,5.904065695247608,5.904065695247608
2025-04-23 07:39:00,171.86696794676436,187.116164992574,0.0,0.009300000000000001,0.0,6.278068341484365,6.278068341484365
2025-04-23 07:40:00,174.09393669817288,189.01485888565836,0.0,0.009300000000000001,0.0,6.666909684251938,6.666909684251938
2025-04-23 07:41:00,176.35891144041264,190.90465025902245,0.0,0.009300000000000001,0.0,7.069157164495267,7.069157164495267
2025-04-23 07:42:00,178.65344525885942,192.777897366692,0.0,0.009300000000000001,0.0,7.483291418924914,7.483291418924914
2025-04-23 07:43:00,180.9693084781485,194.6271757019522,0.0,0.009300000000000001,0.0,7.907730146966503,7.907730146966503
2025-04-23 07:44:00,183.29854599909834,196.44533533427148,0.0,0.009300000000000001,0.0,8.340850790550569,8.340850790550569
2025-04-23 07:45:00,185.6335218580074,198.22554546859814,0.0,0.009300000000000001,0.0,8.781011602677111,8.781011602677111
2025-04-23 07:46:00,187.96695275395138,199.96132797265784,0.0,0.009300000000000001,0.0,9.226570813357833,9.226570813357833
2025-04-23 07:47:00,190.2919321720419,201.6465815002121,0.0,0.009300000000000001,0.0,9.675903717154418,9.675903717154418
2025-04-23 07:48:00,192.60194657272888,203.2755976803608,0.0,0.009300000000000001,0.0,10.127417603915234,10.127417603915234
2025-04-23 07:49:00,194.89088494661775,204.84307067235926,0.0,0.009300000000000001,0.0,10.579564533436287,10.579564533436287
2025-04-23 07:50:00,197.15304286686282,206.34410121801173,0.0,0.009300000000000001,0.0,11.030852016510678,11.030852016510678
2025-04-23 07:51:00,199.38312201542445,207.77419616792844,0.0,0.009300000000000001,0.0,11.479851710726283,11.479851710726283
2025-04-23 07:52:00,201.57622601912513,209.12926431758186,0.0,0.009300000000000001,0.0,11.925206271352938,11.925206271352938
2025-04-23 07:53:00,203.72785330755377,210.4056092652108,0.0,0.009300000000000001,0.0,12.36563451785223,12.36563451785223
2025-04-23 07:54:00,205.83388759697286,211.59991989572765,0.0,0.009300000000000001,0.0,12.799935087069214,12.799935087069214
2025-04-23 07:55:00,207.89058651124142,212.70925900164139,0.0,0.009300000000000001,0.0,13.226988747036915,13.226988747036915
2025-04-23 07:56:00,209.8945687708189,213.73105047206133,0.0,0.009300000000000001,0.0,13.645759542358661,13.645759542358661
2025-04-23 07:57:00,211.8428003125471,214.66306541247926,0.0,0.009300000000000001,0.0,14.055294934903852,14.055294934903852
2025-04-23 07:58:00,213.7325796445701,215.50340749968913,0.0,0.009300000000000001,0.0,14.45472509339339,14.45472509339339
2025-04-23 07:59:00,215.56152269104405,216.25201004671098,0.0,0.009300000000000001,0.0,14.843261473438572,14.843261473438572
2025-04-23 08:00:00,217.3275473389599,216.9151572102556,0.0,0.009300000000000001,0.0,15.220194816597292,15.220194816597292
2025-04-23 08:01:00,219.02885786337407,217.50093175531305,0.0,0.009300000000000001,0.0,15.58489268368162,15.58489268368162
2025-04-23 08:02:00,220.6639293766786,218.01768728420922,0.0,0.009300000000000001,0.0,15.936796624380133,15.936796624380133
2025-04-23 08:03:00,222.23149242145368,218.47403282945803,0.0,0.009300000000000001,0.0,16.27541907260523,16.27541907260523
2025-04-23 08:04:00,223.73051780424856,218.87881768754244,0.0,0.009300000000000001,0.0,16.60034004506402,16.60034004506402
2025-04-23 08:05:00,225.16020174876192,219.24111657209488,0.0,0.009300000000000001,0.0,16.911203709540764,16.911203709540764
2025-04-23 08:06:00,226.51995143085185,219.57021514890724,0.0,0.009300000000000001,0.0,17.207714879332528,17.207714879332528
2025-04-23 08:07:00,227.80937094418275,219.87559600157763,0.0,0.009300000000000001,0.0,17.489635481237823,17.489635481237823
2025-04-23 08:08:00,229.0282477337652,220.1669250650504,0.0,0.009300000000000001,0.0,17.756781036428645,17.756781036428645
2025-04-23 08:09:00,230.1765395248632,220.4540385545233,0.0,0.009300000000000001,0.0,18.00901718642243,18.00901718642243
2025-04-23 08:10:00,231.25436176647887,220.74693040893217,0.0,0.009300000000000001,0.0,18.24625629013394,18.24625629013394
2025-04-23 08:11:00,232.26197560166332,221.05574026126192,0.0,0.009300000000000001,0.0,18.468454112579053,18.468454112579053
2025-04-23 08:12:00,233.1997763710535,221.3907419420832,0.0,0.009300000000000001,0.0,18.675606621138222,18.675606621138222
2025-04-23 08:13:00,234.06828265114748,221.76233251782784,0.0,0.009300000000000001,0.0,18.86774690130217,18.86774690130217
2025-04-23 08:14:00,234.86812582476367,222.1778677814566,0.0,0.009300000000000001,0.0,19.044942200437045,19.044942200437045
2025-04-23 08:15:00,235.60004017776868,222.63219010981288,0.0,0.009300000000000001,0.0,19.207291105260968,19.207291105260968
2025-04-23 08:16:00,236.26485351340443,223.11708131732394,0.0,0.009300000000000001,0.0,19.35492085634065,19.35492085634065
2025-04-23 08:17:00,236.86347827331102,223.62440785681525,0.0,0.009300000000000001,0.0,19.487984800953452,19.487984800953452
2025-04-23 08:18:00,237.3969031525534,224.14611243453712,0.0,0.009300000000000001,0.0,19.606659984043834,19.606659984043834
2025-04-23 08:19:00,237.86618519455266,224.67420610509603,0.0,0.009300000000000001,0.0,19.711144875701486,19.711144875701486
2025-04-23 08:20:00,238.2724423507439,225.20076083111238,0.0,0.009300000000000001,0.0,19.801657232544226,19.801657232544226
2025-04-23 08:21:00,238.61684648898074,225.71790249162524,0.0,0.009300000000000001,0.0,19.878432089574762,19.878432089574762
2025-04-23 08:22:00,238.9006168341434,226.21780432270012,0.0,0.009300000000000001,0.0,19.941719878451003,19.941719878451003
2025-04-23 08:23:00,239.12501382404508,226.6926807733356,0.0,0.009300000000000001,0.0,19.99178466764714,19.99178466764714
2025-04-23 08:24:00,239.29133336354138,227.1347817595727,0.0,0.009300000000000001,0.0,20.028902519649684,20.028902519649684
2025-04-23 08:25:00,239.40090145969933,227.53638729966372,0.0,0.009300000000000001,0.0,20.05335996011428,20.05335996011428
2025-04-23 08:26:00,239.45506922095822,227.88980251323338,0.0,0.009300000000000001,0.0,20.065452553782993,20.065452553782993
2025-04-23 08:27:00,239.45520820338768,228.18735296753667,0.0,0.009300000000000001,0.0,20.065483581912144,20.065483581912144
2025-04-23 08:28:00,239.40270608740784,228.42138035417904,0.0,0.009300000000000001,0.0,20.05376281597059,20.05376281597059
2025-04-23 08:29:00,239.29896266866209,228.5864488715964,0.0,0.009300000000000001,0.0,20.030605382430274,20.030605382430274
2025-04-23 08:30:00,239.14538614711608,228.68597268897517,0.0,0.009300000000000001,0.0,19.99633071357129,19.99633071357129
2025-04-23 08:31:00,238.94338969888105,228.72558134325453,0.0,0.009300000000000001,0.0,19.951261579353382,19.951261579353382
2025-04-23 08:32:00,238.69438831572182,228.71090618702726,0.0,0.009300000000000001,0.0,19.895723195559558,19.895723195559558
2025-04-23 08:33:00,238.39979589769575,228.6475774811786,0.0,0.009300000000000001,0.0,19.830042403590454,19.830042403590454
2025-04-23 08:34:00,238.0610225848748,228.5412217266084,0.0,0.009300000000000001,0.0,19.754546917467525,19.754546917467525
2025-04-23 08:35:00,237.6794723146223,228.397459221508,0.0,0.009300000000000001,0.0,19.669564633798192,19.669564633798192
2025-04-23 08:36:00,237.2565405914216,228.22190183118863,0.0,0.009300000000000001,0.0,19.575423000647152,19.575423000647152
2025-04-23 08:37:00,236.79361245678453,228.02015095798998,0.0,0.009300000000000001,0.0,19.47244844145843,19.47244844145843
2025-04-23 08:38:00,236.29206064729587,227.79779569932487,0.0,0.009300000000000001,0.0,19.3609658303668,19.3609658303668
2025-04-23 08:39:00,235.7532439293773,227.5604111824428,0.0,0.009300000000000001,0.0,19.24129801543122,19.24129801543122
2025-04-23 08:40:00,235.17850559987144,227.31355706501435,0.0,0.009300000000000001,0.0,19.113765386513652,19.113765386513652
2025-04-23 08:41:00,234.56917214205947,227.06277619114863,0.0,0.009300000000000001,0.0,18.97868548471036,18.97868548471036
2025-04-23 08:42:00,233.92655202722545,226.8135933929576,0.0,0.009300000000000001,0.0,18.836372650422387,18.836372650422387
2025-04-23 08:43:00,233.25193465236913,226.57151442826896,0.0,0.009300000000000001,0.0,18.687137707323817,18.687137707323817
2025-04-23 08:44:00,232.5465894051453,226.34097286142017,0.0,0.009300000000000001,0.0,18.531287679653065,18.531287679653065
2025-04-23 08:45:00,231.8117648475699,226.12217269452879,0.0,0.009300000000000001,0.0,18.369125540409797,18.369125540409797
2025-04-23 08:46:00,231.04868801047957,225.91424421438794,0.0,0.009300000000000001,0.0,18.20094998819212,18.20094998819212
2025-04-23 08:47:00,230.25856379116553,225.7162955742452,0.0,0.009300000000000001,0.0,18.027055250551932,18.027055250551932
2025-04-23 08:48:00,229.44257444701785,225.52741228744713,0.0,0.009300000000000001,0.0,17.847730911883755,17.847730911883755
2025-04-23 08:49:00,228.60187917841924,225.34665681033283,0.0,0.009300000000000001,0.0,17.663261763990615,17.663261763990615
2025-04-23 08:50:00,227.73761379451292,225.17306820800195,0.0,0.009300000000000001,0.0,17.473927677593892,17.473927677593892
2025-04-23 08:51:00,226.85089045583942,225.0056618969514,0.0,0.009300000000000001,0.0,17.280003493168902,17.280003493168902
2025-04-23 08:52:00,225.94279748819238,224.8434294589313,0.0,0.009300000000000001,0.0,17.08175892959701,17.08175892959701
2025-04-23 08:53:00,225.01439926238368,224.6853385207099,0.0,0.009300000000000001,0.0,16.87945850922717,16.87945850922717
2025-04-23 08:54:00,224.06673613493194,224.53033269476228,0.0,0.009300000000000001,0.0,16.673361498036726,16.673361498036726
2025-04-23 08:55:00,223.10082444500054,224.3773315762082,0.0,0.009300000000000001,0.0,16.463721859671043,16.463721859671043
2025-04-23 08:56:00,222.1176565632055,224.2252307916201,0.0,0.009300000000000001,0.0,16.250788222226166,16.250788222226166
2025-04-23 08:57:00,221.1182009881975,224.07290209560514,0.0,0.009300000000000001,0.0,16.034803856719062,16.034803856719062
2025-04-23 08:58:00,220.10340248719027,223.91919351133345,0.0,0.009300000000000001,0.0,15.816006666262716,15.816006666262716
2025-04-23 08:59:00,219.07418227686412,223.76170324364156,0.0,0.009300000000000001,0.0,15.594629185034565,15.594629185034565
2025-04-23 09:00:00,218.03143824131703,223.59310109358302,0.0,0.009300000000000001,0.0,15.37089858619078,15.37089858619078
2025-04-23 09:01:00,216.97604518396773,223.40480751373195,0.0,0.009300000000000001,0.0,15.145036697938972,15.145036697938972
2025-04-23 09:02:00,215.90885511053523,223.18822015896276,0.0,0.009300000000000001,0.0,14.91726002704011,14.91726002704011
2025-04-23 09:03:00,214.83069754042992,222.93471419784123,0.0,0.009300000000000001,0.0,14.687779789061551,14.687779789061551
2025-04-23 09:04:00,213.74237984408992,222.63564264996086,0.0,0.009300000000000001,0.0,14.456801944753702,14.456801944753702
2025-04-23 09:05:00,212.6446876039871,222.2823367469489,0.0,0.009300000000000001,0.0,14.224527241967396,14.224527241967396
2025-04-23 09:06:00,211.53838499720732,221.86610631504664,0.0,0.009300000000000001,0.0,13.991151262573162,13.991151262573162
2025-04-23 09:07:00,210.424215197682,221.37824017734087,11.0,0.009300000000000001,0.0,13.756864473882263,13.756864473882263
2025-04-23 09:08:00,209.30546936703024,220.8125751446061,0.0,9.530066666666666,0.0,13.52238971655056,13.52238971655056
2025-04-23 09:09:00,208.19557694060512,220.17308630135074,0.0,0.009300000000000001,0.0,13.2905556316296,13.2905556316296
2025-04-23 09:10:00,207.10876033636356,219.46454171468713,0.0,0.009300000000000001,0.0,13.064317426785948,13.064317426785948
2025-04-23 09:11:00,206.0574701338881,218.68993761335324,0.0,0.009300000000000001,0.0,12.846222026967029,12.846222026967029
2025-04-23 09:12:00,205.05204447814856,217.85015779147426,0.0,0.009300000000000001,0.0,12.638344502653753,12.638344502653753
2025-04-23 09:13:00,204.10075276609314,216.94401729515374,0.0,0.009300000000000001,0.0,12.442305908174493,12.442305908174493
2025-04-23 09:14:00,203.2099261798181,215.97209861721925,0.0,0.009300000000000001,0.0,12.259309173169736,12.259309173169736
2025-04-23 09:15:00,202.38407876919285,214.94798976457486,0.0,0.009300000000000001,0.0,12.090172526876168,12.090172526876168
2025-04-23 09:16:00,201.62601564364243,213.88727546525615,0.0,0.009300000000000001,0.0,11.93535945494178,11.93535945494178
2025-04-23 09:17:00,200.93694048583725,212.8039390205441,0.0,0.009300000000000001,0.0,11.795007463071624,11.795007463071624
2025-04-23 09:18:00,200.31657666153862,211.7104834148106,0.0,0.009300000000000001,0.0,11.668958367518849,11.668958367518849
2025-04-23 09:19:00,199.76331317229835,210.61807726821797,0.0,0.009300000000000001,0.0,11.556792259099918,11.556792259099918
2025-04-23 09:20:00,199.274378233734,209.53672841499434,0.0,0.009300000000000001,0.0,11.457865646028921,11.457865646028921
2025-04-23 09:21:00,198.84603438527282,208.4754790131775,0.0,0.009300000000000001,0.0,11.371352590189085,11.371352590189085
2025-04-23 09:22:00,198.4737825087603,207.44260956322353,0.0,0.009300000000000001,0.0,11.296286442850803,11.296286442850803
2025-04-23 09:23:00,198.15256093754266,206.44583801708916,0.0,0.009300000000000001,0.0,11.231599630351237,11.231599630351237
2025-04-23 09:24:00,197.87692853270207,205.49250285446715,0.0,0.009300000000000001,0.0,11.176159524455825,11.176159524455825
2025-04-23 09:25:00,197.64122498652324,204.58972338625273,0.0,0.009300000000000001,0.0,11.128799310844276,11.128799310844276
2025-04-23 09:26:00,197.439705743555,203.7445346756053,0.0,0.009300000000000001,0.0,11.08834356409062,11.08834356409062
2025-04-23 09:27:00,197.26665191171048,202.96399744904852,0.0,0.009300000000000001,0.0,11.053628785179452,11.053628785179452
2025-04-23 09:28:00,197.11645728083005,202.25528511503336,0.0,0.009300000000000001,0.0,11.023519453792524,11.023519453792524
2025-04-23 09:29:00,196.9836953531815,201.62275665396336,0.0,0.009300000000000001,0.0,10.996920256837514,10.996920256837514
2025-04-23 09:30:00,196.8631694624545,201.05902431576504,0.0,0.009300000000000001,0.0,10.972785149718241,10.972785149718241
2025-04-23 09:31:00,196.74994889110062,200.55397215865196,0.0,0.009300000000000001,0.0,10.95012384391267,10.95012384391267
2025-04-23 09:32:00,196.63939357434833,200.09777489361468,0.0,0.009300000000000001,0.0,10.928006229603458,10.928006229603458
2025-04-23 09:33:00,196.5271696109921,199.6809133952097,0.0,0.009300000000000001,0.0,10.905565155526753,10.905565155526753
2025-04-23 09:34:00,196.40925744289572,199.29418288106285,0.0,0.009300000000000001,0.0,10.881997909537551,10.881997909537551
2025-04-23 09:35:00,196.28195424280676,198.92869529968377,0.0,0.009300000000000001,0.0,10.85656667621711,10.85656667621711
2025-04-23 09:36:00,196.14187177210914,198.57587718821839,0.0,0.009300000000000001,0.0,10.828598192537964,10.828598192537964
2025-04-23 09:37:00,195.98593073635735,198.22746402798327,0.0,0.009300000000000001,0.0,10.797482778056033,10.797482778056033
2025-04-23 09:38:00,195.81135247273187,197.87549193192092,0.0,0.009300000000000001,0.0,10.762672880677357,10.762672880677357
2025-04-23 09:39:00,195.6156486444618,197.51228733902252,0.0,0.009300000000000001,0.0,10.72368125106625,10.72368125106625
2025-04-23 09:40:00,195.39660948724082,197.13045526074376,0.0,0.009300000000000001,0.0,10.680078836698474,10.680078836698474
2025-04-23 09:41:00,195.1522910466653,196.72286651844308,0.0,0.009300000000000001,0.0,10.63149246914059,10.63149246914059
2025-04-23 09:42:00,194.88100175939184,196.2826443245391,0.0,0.009300000000000001,0.0,10.577602404310085,10.577602404310085
2025-04-23 09:43:00,194.58128866039655,195.80315048977,0.0,0.009300000000000001,0.0,10.51813976443475,10.51813976443475
2025-04-23 09:44:00,194.251923441422,195.27797148164038,0.0,0.009300000000000001,0.0,10.452883921540346,10.452883921540346
2025-04-23 09:45:00,193.8918885389743,194.70090451241842,0.0,0.009300000000000001,0.0,10.381659855078869,10.381659855078869
2025-04-23 09:46:00,193.50036339210502,194.06594379691768,0.0,0.009300000000000001,0.0,10.304335510392097,10.304335510392097
2025-04-23 09:47:00,193.07671097908312,193.36726708916922,0.0,0.009300000000000001,0.0,10.220819179811485,10.220819179811485
2025-04-23 09:48:00,192.62046471664146,192.59922258166796,0.0,0.009300000000000001,0.0,10.1310569241144,10.1310569241144
2025-04-23 09:49:00,192.13131578472397,191.7563162301198,0.0,0.009300000000000001,0.0,10.035030048630569,10.035030048630569
2025-04-23 09:50:00,191.60909988077532,190.83319850773154,0.0,0.009300000000000001,0.0,9.93275244157847,9.93275244157847
2025-04-23 09:51:00,191.0537685639562,189.82463574942588,0.0,0.009300000000000001,0.0,9.824264885862036,9.824264885862036
2025-04-23 09:52:00,190.46538139169797,188.72550228839623,0.0,0.009300000000000001,0.0,9.709633452460288,9.709633452460288
2025-04-23 09:53:00,189.84411164982234,187.53078618622632,0.0,0.009300000000000001,0.0,9.588950511856005,9.588950511856005
2025-04-23 09:54:00,189.1902368770913,186.2355797574402,0.0,0.009300000000000001,0.0,9.462332738928986,9.462332738928986
2025-04-23 09:55:00,188.5041291185625,184.8350698228576,0.0,0.009300000000000001,0.0,9.32991905156528,9.32991905156528
2025-04-23 09:56:00,187.78624575106124,183.32452853506584,0.0,0.009300000000000001,0.0,9.191868650637463,9.191868650637463
2025-04-23 09:57:00,187.03712085904158,181.699304754281,0.0,0.009300000000000001,0.0,9.048359159225996,9.048359159225996
2025-04-23 09:58:00,186.2573571401907,179.95481595395236,0.0,0.009300000000000001,0.0,8.899584858982113,8.899584858982113
2025-04-23 09:59:00,185.44761832055096,179.9233969462356,0.0,0.009300000000000001,0.0,8.745755021424543,8.745755021424543
2025-04-23 10:00:00,184.60862205903024,179.59433649169694,0.0,0.009300000000000001,0.0,8.587092331785884,8.587092331785884
2025-04-23 10:01:00,183.74113332113808,178.98711124775744,0.0,0.009300000000000001,0.0,8.423831402830363,8.423831402830363
2025-04-23 10:02:00,182.84595820174664,178.1212390012009,0.0,0.009300000000000001,0.0,8.256217375877196,8.256217375877196
2025-04-23 10:03:00,181.9239381766882,177.01627291977118,0.0,0.009300000000000001,0.0,8.084504606096809,8.084504606096809
2025-04-23 10:04:00,180.97594476310144,175.69179621251854,0.0,0.009300000000000001,0.0,7.908955429012915,7.908955429012915
2025-04-23 10:05:00,180.00287456863066,174.1674171789989,0.0,0.009300000000000001,0.0,7.729839005040025,7.729839005040025
2025-04-23 10:06:00,179.00564470987092,172.46276462771894,0.0,0.009300000000000001,0.0,7.547430238815104,7.547430238815104
2025-04-23 10:07:00,177.98518858082187,170.59748364458983,0.0,0.009300000000000001,0.0,7.362008770042605,7.362008770042605
2025-04-23 10:08:00,176.94245195256116,168.59123169260087,0.0,0.009300000000000001,0.0,7.173858032560382,7.173858032560382
2025-04-23 10:09:00,175.87838938585466,166.4636750244295,0.0,0.009300000000000001,0.0,6.983264378345108,6.983264378345108
2025-04-23 10:10:00,174.7939609389795,164.23448539026447,0.0,0.009300000000000001,0.0,6.790516263210876,6.790516263210876
2025-04-23 10:11:00,173.6901291536322,161.92333702371386,0.0,0.009300000000000001,0.0,6.595903491005334,6.595903491005334
2025-04-23 10:12:00,172.56785630241887,159.54990388929542,0.0,0.009300000000000001,0.0,6.399716513175145,6.399716513175145
2025-04-23 10:13:00,171.4281018820684,157.13385717564958,0.0,0.009300000000000001,0.0,6.202245780650286,6.202245780650286
2025-04-23 10:14:00,170.27182033716542,154.69486301927262,0.0,0.009300000000000001,0.0,6.00378114508643,6.00378114508643
2025-04-23 10:15:00,169.0999589998603,152.25258044422645,0.0,0.009300000000000001,0.0,5.80461130659954,5.80461130659954
2025-04-23 10:16:00,167.9134562316726,149.82665950394227,0.0,0.009300000000000001,0.0,5.605023305229127,5.605023305229127
2025-04-23 10:17:00,166.71323975415896,147.4367396118883,0.0,0.009300000000000001,0.0,5.405302053471375,5.405302053471375
2025-04-23 10:18:00,165.5002251558607,145.10244804851743,0.0,0.009300000000000001,0.0,5.205729907331574,5.205729907331574
2025-04-23 10:19:00,164.27531456357943,142.8433986325429,0.0,0.009300000000000001,0.0,5.006586273453765,5.006586273453765
2025-04-23 10:20:00,163.0393954666453,140.6791905452064,0.0,0.009300000000000001,0.0,4.808147249994858,4.808147249994858
2025-04-23 10:21:00,161.79333968344355,138.62940729680489,0.0,0.009300000000000001,0.0,4.6106852990190275,4.6106852990190275
2025-04-23 10:22:00,160.53800246004724,136.71361582532288,0.0,0.009300000000000001,0.0,4.4144689482941315,4.4144689482941315
2025-04-23 10:23:00,159.274221691365,134.95136571758064,0.0,0.009300000000000001,0.0,4.219762520477489,4.219762520477489
2025-04-23 10:24:00,158.00281725575732,133.36218854385032,0.0,0.009300000000000001,0.0,4.026825887780393,4.026825887780393
2025-04-23 10:25:00,156.7245904545931,131.96559729741233,0.0,0.009300000000000001,0.0,3.8359142502996852,3.8359142502996852
2025-04-23 10:26:00,155.4403235487214,130.78108593102735,0.0,0.009300000000000001,0.0,3.6472779363009717,3.6472779363009717
2025-04-23 10:27:00,154.15077938431008,129.82812898277487,0.0,0.009300000000000001,0.0,3.4611622228309757,3.4611622228309757
2025-04-23 10:28:00,152.856701100963,129.1261812841703,0.0,0.009300000000000001,0.0,3.2778071751248534,3.2778071751248534
2025-04-23 10:29:00,151.55881191546308,128.6856436643506,0.0,0.009300000000000001,0.0,3.097447503360529,3.097447503360529
2025-04-23 10:30:00,150.2578149749071,128.4807605645362,0.0,0.009300000000000001,0.0,2.920312435392747,2.920312435392747
2025-04-23 10:31:00,148.95439327339264,128.47672219339088,0.0,0.009300000000000001,0.0,2.74662560417792,2.74662560417792
2025-04-23 10:32:00,147.64920962679753,128.63869858135854,0.0,0.009300000000000001,0.0,2.5766049486746656,2.5766049486746656
2025-04-23 10:33:00,146.34290670054756,128.9318396084311,0.0,0.009300000000000001,0.0,2.4104626270751868,2.4104626270751868
2025-04-23 10:34:00,145.03610708561027,129.3212750801422,0.0,0.009300000000000001,0.0,2.24840494128881,2.24840494128881
2025-04-23 10:35:00,143.72941341827305,129.77211484734534,0.0,0.009300000000000001,0.0,2.090632271662575,2.090632271662575
2025-04-23 10:36:00,142.4234085395694,130.2494489656402,0.0,0.009300000000000001,0.0,1.9373390209825134,1.9373390209825134
2025-04-23 10:37:00,141.11865569050516,130.71834789059864,0.0,0.009300000000000001,0.0,1.7887135668552514,1.7887135668552514
2025-04-23 10:38:00,139.81569873950923,131.14386270521575,0.0,0.009300000000000001,0.0,1.6449382216223492,1.6449382216223492
2025-04-23 10:39:00,138.5150624387901,131.49102537626612,0.0,0.009300000000000001,0.0,1.5061891990086225,1.5061891990086225
2025-04-23 10:40:00,137.21725270652274,131.72484903649087,0.0,0.009300000000000001,0.0,1.3726365867519936,1.3726365867519936
2025-04-23 10:41:00,135.92275693201913,131.81032828976802,0.0,0.009300000000000001,0.0,1.2444443245052408,1.2444443245052408
2025-04-23 10:42:00,134.63204430125157,131.71243953663605,0.0,0.009300000000000001,0.0,1.1217701863403944,1.1217701863403944
2025-04-23 10:43:00,133.34556614030038,131.39614131774138,0.0,0.009300000000000001,0.0,1.0047657672232686,1.0047657672232686
2025-04-23 10:44:00,132.06375627449015,130.8362701961273,0.0,0.009300000000000001,0.0,0.8935764728602963,0.8935764728602963
2025-04-23 10:45:00,130.78703140115735,130.04722769945909,0.0,0.009300000000000001,0.0,0.7883415123518335,0.7883415123518335
2025-04-23 10:46:00,129.51579147416203,129.05329413507826,0.0,0.009300000000000001,0.0,0.6891938931148102,0.6891938931148102
2025-04-23 10:47:00,128.25042009841547,127.87873346137751,0.0,0.009300000000000001,0.0,0.5962604175649571,0.5962604175649571
2025-04-23 10:48:00,126.99128493284478,126.54779369076539,0.0,0.009300000000000001,0.0,0.5096616810727782,0.5096616810727782
2025-04-23 10:49:00,125.73873810035717,125.08470729963052,0.0,0.009300000000000001,0.0,0.42951207072992226,0.42951207072992226
2025-04-23 10:50:00,124.49311660349736,123.51369164399905,0.0,0.009300000000000001,0.0,0.3559197644821433,0.3559197644821433
2025-04-23 10:51:00,123.25474274461749,121.85894937970455,0.0,0.009300000000000001,0.0,0.28898673020307747,0.28898673020307747
2025-04-23 10:52:00,122.0239245494948,120.14466888600569,0.0,0.009300000000000001,0.0,0.22880872429839924,0.22880872429839924
2025-04-23 10:53:00,120.80095619344355,118.39502469169814,0.0,0.009300000000000001,0.0,0.17547528944380417,0.17547528944380417
2025-04-23 10:54:00,119.58611842907074,116.63417790287033,0.0,0.009300000000000001,0.0,0.12906975107167443,0.12906975107167443
2025-04-23 10:55:00,118.3796790149238,114.88627663155113,0.0,0.009300000000000001,0.0,0.08966921223088724,0.08966921223088724
2025-04-23 10:56:00,117.18189314437123,113.17545642459045,0.0,0.009300000000000001,0.0,0.057344546452022006,0.057344546452022006
2025-04-23 10:57:00,115.99300387414488,111.52584069220156,0.0,0.009300000000000001,0.0,0.03216038825595642,0.03216038825595642
2025-04-23 10:58:00,114.81324255205637,109.96154113567752,0.0,0.009300000000000001,0.0,0.014175120947491807,0.014175120947491807
2025-04-23 10:59:00,113.64282924347984,108.50039067764473,0.0,0.009300000000000001,0.0,0.0034408613377349983,0.0034408613377349983
2025-04-23 11:00:00,112.48197315626985,107.13514139829337,0.0,0.009300000000000001,3.4410386623416364e-06,0.0,3.4410386623416364e-06
2025-04-23 11:01:00,111.3308730638562,105.8522674471597,0.0,0.009300000000000001,0.0039023839712092534,0.0,0.0039023839712092534
2025-04-23 11:02:00,110.1897177263294,104.6382329604407,0.0,0.009300000000000001,0.015170879723925439,0.0,0.015170879723925439
2025-04-23 11:03:00,109.05868630939898,103.47949247995233,0.0,0.009300000000000001,0.033835752392786,0.0,0.033835752392786
2025-04-23 11:04:00,107.93794880117524,102.36249136991137,0.0,0.009300000000000001,0.05991742452391377,0.0,0.05991742452391377
2025-04-23 11:05:00,106.82766642679218,101.27366623155827,0.0,0.009300000000000001,0.09342987576978537,0.0,0.09342987576978537
2025-04-23 11:06:00,105.72799206095563,100.19944531570533,0.0,0.009300000000000001,0.13438059585547948,0.0,0.13438059585547948
2025-04-23 11:07:00,104.63907063856865,99.12624893336206,0.0,0.009300000000000001,0.18277053143490124,0.0,0.18277053143490124
2025-04-23 11:08:00,103.56103956365362,98.0404898646573,0.0,0.009300000000000001,0.2385940263969574,0.0,0.2385940263969574
2025-04-23 11:09:00,102.49402911686066,96.92857376634764,0.0,0.009300000000000001,0.30183875515845193,0.0,0.30183875515845193
2025-04-23 11:10:00,101.43816286192381,95.77689957827357,0.0,0.009300000000000001,0.3724856484534373,0.0,0.3724856484534373
2025-04-23 11:11:00,100.39355805150159,94.57185992920004,0.0,0.009300000000000001,0.4505088110977328,0.0,0.4505088110977328
2025-04-23 11:12:00,99.36032603291723,93.2998415425568,0.0,0.009300000000000001,0.5358754311714238,0.0,0.5358754311714238
2025-04-23 11:13:00,98.33857265439731,91.94722564267686,0.0,0.009300000000000001,0.6285456800216559,0.0,0.6285456800216559
2025-04-23 11:14:00,97.32839867249662,90.50590425345229,0.0,0.009300000000000001,0.7284726024412944,0.0,0.7284726024412944
2025-04-23 11:15:00,96.32990016149212,88.98982828142069,0.0,0.009300000000000001,0.835601996326478,0.0,0.835601996326478
2025-04-23 11:16:00,95.34316892563213,87.41846025432187,0.0,0.009300000000000001,0.9498722810563045,0.0,0.9498722810563045
2025-04-23 11:17:00,94.36829291523729,85.81125884596796,0.0,0.009300000000000001,1.071214353770132,0.0,1.071214353770132
2025-04-23 11:18:00,93.40535664777143,84.1876792973142,0.0,0.009300000000000001,1.1995514326421213,0.0,1.1995514326421213
2025-04-23 11:19:00,92.45444163513112,82.5671738437487,0.0,0.009300000000000001,1.3347988861665308,0.0,1.3347988861665308
2025-04-23 11:20:00,91.51562681854557,80.96919214999214,0.0,0.009300000000000001,1.4768640473712027,0.0,1.4768640473712027
2025-04-23 11:21:00,90.58898901263429,79.41318175415546,0.0,0.009300000000000001,1.6256460117690017,0.0,1.6256460117690017
2025-04-23 11:22:00,89.67460336033831,77.9185885226712,0.0,0.009300000000000001,1.7810354177369139,0.0,1.7810354177369139
2025-04-23 11:23:00,88.77254380062341,76.50485711799661,0.0,0.009300000000000001,1.9429142078789854,0.0,1.9429142078789854
2025-04-23 11:24:00,87.88288355105024,75.19143148118381,0.0,0.009300000000000001,2.111155369783127,0.0,2.111155369783127
2025-04-23 11:25:00,87.00569560751582,73.99775533162128,0.0,0.009300000000000001,2.2856226544199267,0.0,2.2856226544199267
2025-04-23 11:26:00,86.14105326369204,72.94327268647241,0.0,0.009300000000000001,2.4661702702579706,0.0,2.4661702702579706
2025-04-23 11:27:00,85.28903065291607,72.04742840256583,0.0,0.009300000000000001,2.6526425509825446,0.0,2.6526425509825446
2025-04-23 11:28:00,84.44970331551954,71.32966874372464,0.0,0.009300000000000001,2.8448735945090204,0.0,2.8448735945090204
2025-04-23 11:29:00,83.62314879481019,70.8018340211975,0.0,0.009300000000000001,3.0426868707795163,0.0,3.0426868707795163
2025-04-23 11:30:00,82.80944726512666,70.44533535506166,0.0,0.009300000000000001,3.245894795632174,0.0,3.245894795632174
2025-04-23 11:31:00,82.00868219555723,70.23397920459348,0.0,0.009300000000000001,3.4542982678467564,0.0,3.4542982678467564
2025-04-23 11:32:00,81.22094105301736,70.14157602689652,0.0,0.009300000000000001,3.667686166314294,0.0,3.667686166314294
2025-04-23 11:33:00,80.44631604838074,70.14194102303249,0.0,0.009300000000000001,3.8858348041782067,0.0,3.8858348041782067
2025-04-23 11:34:00,79.68490492919774,70.20889493073983,0.0,0.009300000000000001,4.108507336786225,0.0,4.108507336786225
2025-04-23 11:35:00,78.93681182213876,70.31626486687703,0.0,0.009300000000000001,4.335453120424952,0.0,4.335453120424952
2025-04-23 11:36:00,78.20214812756119,70.43788522198953,0.0,0.009300000000000001,4.5664070191548305,0.0,4.5664070191548305
2025-04-23 11:37:00,77.48103346737487,70.54759860817526,0.0,0.009300000000000001,4.8010886577222704,0.0,4.8010886577222704
2025-04-23 11:38:00,76.77359668548068,70.61925685952313,0.0,0.009300000000000001,5.039201619629523,0.0,5.039201619629523
2025-04-23 11:39:00,76.07997689722525,70.62672208156786,0.0,0.009300000000000001,5.280432591176696,0.0,5.280432591176696
2025-04-23 11:40:00,75.40032458022246,70.5438677421114,0.0,0.009300000000000001,5.524450454894472,0.0,5.524450454894472
2025-04-23 11:41:00,74.73480269312228,70.34457978999177,0.0,0.009300000000000001,5.770905339576825,0.0,5.770905339576825
2025-04-23 11:42:00,74.08358780094791,70.00275778042025,0.0,0.009300000000000001,6.019427639498338,0.0,6.019427639498338
2025-04-23 11:43:00,73.44687117487518,69.49231597476073,0.0,0.009300000000000001,6.269627022852263,0.0,6.269627022852263
2025-04-23 11:44:00,72.82485982015169,68.7954860061748,0.0,0.009300000000000001,6.521091459535277,0.0,6.521091459535277
2025-04-23 11:45:00,72.21777736764079,67.92772268434352,0.0,0.009300000000000001,6.773386311739964,0.0,6.773386311739964
2025-04-23 11:46:00,71.62586474183568,66.9127997503037,0.0,0.009300000000000001,7.026053547930829,0.0,7.026053547930829
2025-04-23 11:47:00,71.04938049122252,65.77450856908517,0.0,0.009300000000000001,7.278611161986622,0.0,7.278611161986622
2025-04-23 11:48:00,70.4886006366126,64.53665797804281,0.0,0.009300000000000001,7.530552904357441,0.0,7.530552904357441
2025-04-23 11:49:00,69.94381786205379,63.22307347776814,0.0,0.009300000000000001,7.781348459840903,0.0,7.781348459840903
2025-04-23 11:50:00,69.41533984587826,61.85759556313695,0.0,0.009300000000000001,8.03044423436012,0.0,8.03044423436012
2025-04-23 11:51:00,68.90348651371451,60.464076976321365,0.0,0.009300000000000001,8.277264936248294,0.0,8.277264936248294
2025-04-23 11:52:00,68.40858600086852,59.066378669171,0.0,0.009300000000000001,8.521216149039542,0.0,8.521216149039542
2025-04-23 11:53:00,67.93096914976734,57.68836430065653,0.0,0.009300000000000001,8.76168808374438,0.0,8.76168808374438
2025-04-23 11:54:00,67.47096244914756,56.3538931760582,0.0,0.009300000000000001,8.998060659771792,0.0,8.998060659771792
2025-04-23 11:55:00,67.02887944943551,55.08681166234592,0.0,0.009300000000000001,9.229709988247727,0.0,9.229709988247727
2025-04-23 11:56:00,66.60501085638153,53.9109432818137,0.0,0.009300000000000001,9.456016218995009,0.0,9.456016218995009
2025-04-23 11:57:00,66.19961369130567,52.85007787232522,0.0,0.009300000000000001,9.676372572156112,0.0,9.676372572156112
2025-04-23 11:58:00,65.81290007739355,51.9279603736097,0.0,0.009300000000000001,9.89019522726794,0.0,9.89019522726794
2025-04-23 11:59:00,65.44502632859624,51.16247692834901,0.0,0.009300000000000001,10.096933613744358,0.0,10.096933613744358
2025-04-23 12:00:00,65.096083049627,50.5482360187358,0.0,0.009300000000000001,10.296080564270147,0.0,10.296080564270147
2025-04-23 12:01:00,64.76608689029877,50.07396918424958,0.0,0.009300000000000001,10.487181774755818,0.0,10.487181774755818
2025-04-23 12:02:00,64.45497444714181,49.72832791108716,0.0,0.009300000000000001,10.669844064517623,0.0,10.669844064517623
2025-04-23 12:03:00,64.16259860171762,49.4998799704766,0.0,0.009300000000000001,10.843742036158293,0.0,10.843742036158293
2025-04-23 12:04:00,63.888727368478904,49.377108266537135,0.0,0.009300000000000001,11.00862287386273,0.0,11.00862287386273
2025-04-23 12:05:00,63.63304513145773,49.34841207296742,0.0,0.009300000000000001,11.1643091664458,0.0,11.1643091664458
2025-04-23 12:06:00,63.395156002041894,49.40211039082179,0.0,0.009300000000000001,11.310699776476556,0.0,11.310699776476556
2025-04-23 12:07:00,63.17458893844735,49.526447067982744,0.0,0.009300000000000001,11.4477688857257,0.0,11.4477688857257
2025-04-23 12:08:00,62.97080422798424,49.709597281426994,0.0,0.009300000000000001,11.575563424564042,0.0,11.575563424564042
2025-04-23 12:09:00,62.78320093542193,49.93967498559046,0.0,0.009300000000000001,11.694199139473051,0.0,11.694199139473051
2025-04-23 12:10:00,62.61112495176198,50.20474096114124,0.0,0.009300000000000001,11.803855572920538,0.0,11.803855572920538
2025-04-23 12:11:00,62.45387732537923,50.49281114612076,0.0,0.009300000000000001,11.904770229440336,0.0,11.904770229440336
2025-04-23 12:12:00,62.31072261209537,50.79186498601723,0.0,0.009300000000000001,11.997232186803162,0.0,11.997232186803162
2025-04-23 12:13:00,62.180897035495875,51.08985359408271,0.0,0.009300000000000001,12.081575386872212,0.0,12.081575386872212
2025-04-23 12:14:00,62.06361629948624,51.37470756388923,0.0,0.009300000000000001,12.15817181124197,0.0,12.15817181124197
2025-04-23 12:15:00,61.95808293952204,51.63434432055893,0.0,0.009300000000000001,12.227424715145139,0.0,12.227424715145139
2025-04-23 12:16:00,61.86349313636063,51.85667493451571,0.0,0.009300000000000001,12.289762061549684,0.0,12.289762061549684
2025-04-23 12:17:00,61.779042946670906,52.029610352095034,0.0,0.009300000000000001,12.345630267318565,0.0,12.345630267318565
2025-04-23 12:18:00,61.70393392899273,52.141067021503304,0.0,0.009300000000000001,12.395488345669909,0.0,12.395488345669909
2025-04-23 12:19:00,61.63737816217393,52.17897191125492,0.0,0.009300000000000001,12.439802504474706,0.0,12.439802504474706
2025-04-23 12:20:00,61.57860266740046,52.131266932202365,0.0,0.009300000000000001,12.479041238388294,0.0,12.479041238388294
2025-04-23 12:21:00,61.526853255108804,51.98591278444871,0.0,0.009300000000000001,12.513670934460528,0.0,12.513670934460528
2025-04-23 12:22:00,61.48139782517421,51.730892257535736,0.0,0.009300000000000001,12.544151995608608,0.0,12.544151995608608
2025-04-23 12:23:00,61.44152915344812,51.35421301698145,0.0,0.009300000000000001,12.57093547396174,0.0,12.57093547396174
2025-04-23 12:24:00,61.40656720051086,50.84390991303272,0.0,0.009300000000000001,12.594460196359819,0.0,12.594460196359819
2025-04-23 12:25:00,61.375860979852504,50.188046848846184,0.0,0.009300000000000001,12.615150356917603,0.0,12.615150356917603
2025-04-23 12:26:00,61.34879002295257,49.37471824556792,0.0,0.009300000000000001,12.633413546265102,0.0,12.633413546265102
2025-04-23 12:27:00,61.32476547818095,48.392050141234364,0.0,0.009300000000000001,12.649639183551463,0.0,12.649639183551463
2025-04-23 12:28:00,61.303230879314135,47.22820095928857,0.0,0.009300000000000001,12.664197315270334,0.0,12.664197315270334
2025-04-23 12:29:00,61.28366261792555,47.91945352832491,0.0,0.009300000000000001,12.677437744170758,0.0,12.677437744170758
2025-04-23 12:30:00,61.265570152104985,48.57731766545091,0.0,0.009300000000000001,12.689689451717555,0.0,12.689689451717555
2025-04-23 12:31:00,61.24849598199215,49.20119529312919,0.0,0.009300000000000001,12.701260278543172,0.0,12.701260278543172
2025-04-23 12:32:00,61.23201542055442,49.79052114664999,0.0,0.009300000000000001,12.712436828902103,0.0,12.712436828902103
2025-04-23 12:33:00,61.21573618595738,50.344762366501826,0.0,0.009300000000000001,12.723484567133204,0.0,12.723484567133204
2025-04-23 12:34:00,61.19929783981445,50.863417936620976,0.0,0.009300000000000001,12.734648076418102,0.0,12.734648076418102
2025-04-23 12:35:00,61.18237109358928,51.34601799079402,0.0,0.009300000000000001,12.746151452579033,0.0,12.746151452579033
2025-04-23 12:36:00,61.16465700348686,51.79212300754881,0.0,0.009300000000000001,12.75819880819274,0.0,12.75819880819274
2025-04-23 12:37:00,61.14588607231887,52.20132291201993,0.0,0.009300000000000001,12.770974864832848,0.0,12.770974864832848
2025-04-23 12:38:00,61.125817275079534,52.57323610152451,0.0,0.009300000000000001,12.784645613734199,0.0,12.784645613734199
2025-04-23 12:39:00,61.10423702332148,52.90750840993806,0.0,0.009300000000000001,12.799359027554347,0.0,12.799359027554347
2025-04-23 12:40:00,61.08095808188357,53.203812024422334,0.0,0.009300000000000001,12.815245808156192,0.0,12.815245808156192
2025-04-23 12:41:00,61.05581845009066,53.46184436662509,0.0,0.009300000000000001,12.8324201574355,0.0,12.8324201574355
2025-04-23 12:42:00,61.02868021821982,53.68132694914628,0.0,0.009300000000000001,12.850980560146896,0.0,12.850980560146896
2025-04-23 12:43:00,60.99942840880374,53.862004216841505,0.0,0.009300000000000001,12.871010569445678,0.0,12.871010569445678
2025-04-23 12:44:00,60.96796981121704,54.00364238140828,0.0,0.009300000000000001,12.89257958744789,0.0,12.89257958744789
2025-04-23 12:45:00,60.934231816959425,54.10602825666918,0.0,0.009300000000000001,12.915743634534744,0.0,12.915743634534744
2025-04-23 12:46:00,60.89816126210741,54.16896810102363,0.0,0.009300000000000001,12.940546102380974,0.0,12.940546102380974
2025-04-23 12:47:00,60.859723282546746,54.19228647268028,0.0,0.009300000000000001,12.967018486794103,0.0,12.967018486794103
2025-04-23 12:48:00,60.81890018681718,54.17582510250176,0.0,0.009300000000000001,12.99518109740863,0.0,12.99518109740863
2025-04-23 12:49:00,60.775690350693516,54.11944178858577,0.0,0.009300000000000001,13.025043742108917,0.0,13.025043742108917
2025-04-23 12:50:00,60.73010713698693,54.023009316066386,0.0,0.009300000000000001,13.056606384759595,0.0,13.056606384759595
2025-04-23 12:51:00,60.682177843474236,53.88641440504331,0.0,0.009300000000000001,13.089859775419194,0.0,13.089859775419194
2025-04-23 12:52:00,60.63194268134385,53.70955668902785,0.0,0.009300000000000001,13.124786052710597,0.0,13.124786052710597
2025-04-23 12:53:00,60.579453786082816,53.49234772582995,0.0,0.009300000000000001,13.161359318432007,0.0,13.161359318432007
2025-04-23 12:54:00,60.52477426231347,53.234710042394845,74.0,0.009300000000000001,13.199546184824165,0.0,13.199546184824165
2025-04-23 12:55:00,60.46795429599762,52.936553247007225,0.0,18.5093,13.239322392971625,0.0,13.239322392971625
2025-04-23 12:56:00,60.4090405737618,52.59778344861652,0.0,0.009300000000000001,13.280666270310109,0.0,13.280666270310109
2025-04-23 12:57:00,60.34841615366684,52.218643127606455,0.0,0.009300000000000001,13.323319302731596,0.0,13.323319302731596
2025-04-23 12:58:00,60.28708435830498,51.79999502889217,0.0,0.009300000000000001,13.366582435448324,0.0,13.366582435448324
2025-04-23 12:59:00,60.22680969916179,51.34476052236764,0.0,0.009300000000000001,13.409210318864602,0.0,13.409210318864602
2025-04-23 13:00:00,60.17022050453282,50.86191453907891,0.0,0.009300000000000001,13.449331645808812,0.0,13.449331645808812
2025-04-23 13:01:00,60.12088884593041,50.36267318937432,0.0,0.009300000000000001,13.484386556199354,0.0,13.484386556199354
2025-04-23 13:02:00,60.083382890185895,49.85924867892122,0.0,0.009300000000000001,13.511087581042645,0.0,13.511087581042645
2025-04-23 13:03:00,60.06329120876681,49.36487361802314,0.0,0.009300000000000001,13.525408721697422,0.0,13.525408721697422
2025-04-23 13:04:00,60.06722114065082,48.89379938449375,0.0,0.009300000000000001,13.522606541350974,0.0,13.522606541350974
2025-04-23 13:05:00,60.102774245362646,48.46127157669378,0.0,0.009300000000000001,13.497277263636605,0.0,13.497277263636605
2025-04-23 13:06:00,60.17850211932029,48.08348582987725,0.0,0.009300000000000001,13.443453988194186,0.0,13.443453988194186
2025-04-23 13:07:00,60.30384570299314,47.777527123349536,0.0,0.009300000000000001,13.354747824409444,0.0,13.354747824409444
2025-04-23 13:08:00,60.489061082914105,47.56129558247957,0.0,0.009300000000000001,13.224535554061262,0.0,13.224535554061262
2025-04-23 13:09:00,60.745149833351135,47.4534368203713,0.0,0.009300000000000001,13.046183761624404,0.0,13.046183761624404
2025-04-23 13:10:00,61.083817439787815,47.473300361344315,0.0,0.009300000000000001,12.813293580750004,0.0,12.813293580750004
2025-04-23 13:11:00,61.51727949055586,47.64074583256633,0.0,0.009300000000000001,12.520085900734042,0.0,12.520085900734042
2025-04-23 13:12:00,62.057745737161135,47.97562702437924,0.0,0.009300000000000001,12.162015987359103,0.0,12.162015987359103
2025-04-23 13:13:00,62.7170281332512,48.49739992926659,0.0,0.009300000000000001,11.736272725903344,0.0,11.736272725903344
2025-04-23 13:14:00,63.50622227045386,49.222697008405675,0.0,0.009300000000000001,11.242167021095707,0.0,11.242167021095707
2025-04-23 13:15:00,64.43543621642223,50.15873452185297,0.0,0.009300000000000001,10.681397057055657,0.0,10.681397057055657
2025-04-23 13:16:00,65.51355781731544,51.30940133888447,0.0,0.009300000000000001,10.058171627718238,0.0,10.058171627718238
2025-04-23 13:17:00,66.74805402482494,52.677165434308456,0.0,0.009300000000000001,9.379180415673265,0.0,9.379180415673265
2025-04-23 13:18:00,68.14479894597488,54.26290193826594,0.0,0.009300000000000001,8.653410398512449,0.0,8.653410398512449
2025-04-23 13:19:00,69.70793111288025,56.06575040598874,0.0,0.009300000000000001,7.89181916665758,0.0,7.89181916665758
2025-04-23 13:20:00,71.43974450434308,58.08300583939577,0.0,0.009300000000000001,7.106887511751658,0.0,7.106887511751658
2025-04-23 13:21:00,73.34062113655396,60.310051277794415,0.0,0.009300000000000001,6.312083983097305,0.0,6.312083983097305
2025-04-23 13:22:00,75.40901423856656,62.740340973355224,0.0,0.009300000000000001,5.521282054243283,0.0,5.521282054243283
2025-04-23 13:23:00,77.64148908388312,65.36544122269729,0.0,0.009300000000000001,4.748174844940472,0.0,4.748174844940472
2025-04-23 13:24:00,80.03282347192085,68.17513084835466,0.0,0.009300000000000001,4.005731783993388,0.0,4.005731783993388
2025-04-23 13:25:00,82.57616303135296,71.15755650211739,0.0,0.009300000000000001,3.305735528172896,0.0,3.305735528172896
2025-04-23 13:26:00,85.26322015631766,74.29943160124053,0.0,0.009300000000000001,2.6584264659718433,0.0,2.6584264659718433
2025-04-23 13:27:00,88.0845013898141,77.58626371184008,0.0,0.009300000000000001,2.0722682430119748,0.0,2.0722682430119748
2025-04-23 13:28:00,91.02954718830993,81.00259431350057,0.0,0.009300000000000001,1.5538337544004603,0.0,1.5538337544004603
2025-04-23 13:29:00,94.0871697777008,84.5326591166204,0.0,0.009300000000000001,1.1077995140569972,0.0,1.1077995140569972
2025-04-23 13:30:00,97.24567812500042,88.16188041826003,0.0,0.009300000000000001,0.7370287314425884,0.0,0.7370287314425884
2025-04-23 13:31:00,100.49308276787684,91.8758045475201,0.0,0.009300000000000001,0.44272005060439423,0.0,0.44272005060439423
2025-04-23 13:32:00,103.81727658488819,95.65986017439144,0.0,0.009300000000000001,0.22459904860138766,0.0,0.22459904860138766
2025-04-23 13:33:00,107.20619018918396,99.49951370345616,0.0,0.009300000000000001,0.08113213029952063,0.0,0.08113213029952063
2025-04-23 13:34:00,110.64792243196983,103.38039977735261,0.0,0.009300000000000001,0.009746261790987839,0.0,0.009746261790987839
2025-04-23 13:35:00,114.13084761884781,107.28842849311542,0.0,0.009300000000000001,0.0,0.0070421490208976995,0.0070421490208976995
2025-04-23 13:36:00,117.6437016381766,111.20987153053595,0.0,0.009300000000000001,0.0,0.06899238637008986,0.06899238637008986
2025-04-23 13:37:00,121.1756494366437,115.13142962773438,0.0,0.009300000000000001,0.0,0.1911194418002168,0.1911194418002168
2025-04-23 13:38:00,124.71633628363855,119.04028384553277,0.0,0.009300000000000001,0.0,0.36865098728112394,0.36865098728112394
2025-04-23 13:39:00,128.25592513801436,122.92413293421698,0.0,0.009300000000000001,0.0,0.5966520354863286,0.5966520354863286
2025-04-23 13:40:00,131.78512223316827,126.77121891861681,0.0,0.009300000000000001,0.0,0.8701346887639412,0.8701346887639412
2025-04-23 13:41:00,135.29519277051963,130.57034279158427,0.0,0.009300000000000001,0.0,1.184147156549076,1.184147156549076
2025-04-23 13:42:00,138.77796838247318,134.31087197695672,0.0,0.009300000000000001,0.0,1.5338441680804438,1.5338441680804438
2025-04-23 13:43:00,142.22584780791547,137.98274100505338,0.0,0.009300000000000001,0.0,1.9145411024861572,1.9145411024861572
2025-04-23 13:44:00,145.63178196829665,141.57762046773476,0.0,0.009300000000000001,0.0,2.3217529188604975,2.3217529188604975
2025-04-23 13:45:00,148.98920809085115,145.0924027785566,0.0,0.009300000000000001,0.0,2.7512147354696954,2.7512147354696954
2025-04-23 13:46:00,152.29208643498367,148.5256872622226,0.0,0.009300000000000001,0.0,3.1989050993849717,3.1989050993849717
2025-04-23 13:47:00,155.53491633773052,151.87661232106808,0.0,0.009300000000000001,0.0,3.66106134284831,3.66106134284831
2025-04-23 13:48:00,158.71271663430778,155.14483585560814,0.0,0.009300000000000001,0.0,4.134184743503639,4.134184743503639
2025-04-23 13:49:00,161.82100472921442,158.33051433564074,0.0,0.009300000000000001,0.0,4.615040477178849,4.615040477178849
2025-04-23 13:50:00,164.8557747092788,161.43428091329326,0.0,0.009300000000000001,0.0,5.100653554815061,5.100653554815061
2025-04-23 13:51:00,167.8134748384864,164.45722291785023,0.0,0.009300000000000001,0.0,5.588301733782926,5.588301733782926
2025-04-23 13:52:00,170.69098472352795,167.40085902130133,0.0,0.009300000000000001,0.0,6.075506217030852,6.075506217030852
2025-04-23 13:53:00,173.48559239312985,170.26711631767202,0.0,0.009300000000000001,0.0,6.560020801059164,6.560020801059164
2025-04-23 13:54:00,176.19497149352839,173.05830751849757,0.0,0.009300000000000001,0.0,7.039820003997699,7.039820003997699
2025-04-23 13:55:00,178.81715876674636,175.77710843109983,0.0,0.009300000000000001,0.0,7.513086595935922,7.513086595935922
2025-04-23 13:56:00,181.3505319472895,178.4265358552835,0.0,0.009300000000000001,0.0,7.97819886276009,7.97819886276009
2025-04-23 13:57:00,183.79398046943422,181.01011829062404,0.0,0.009300000000000001,0.0,8.433753968283197,8.433753968283197
2025-04-23 13:58:00,186.14737580084008,183.53236627008,0.0,0.009300000000000001,0.0,8.878651271971282,8.878651271971282
2025-04-23 13:59:00,188.41092233484716,185.99624250095945,0.0,0.009300000000000001,0.0,9.311966407871669,9.311966407871669
2025-04-23 14:00:00,190.5849621794848,188.39732439993583,0.0,0.009300000000000001,0.0,9.732904228241422,9.732904228241422
2025-04-23 14:01:00,192.6699697160172,190.72944090558633,0.0,0.009300000000000001,0.0,10.140787525211639,10.140787525211639
2025-04-23 14:02:00,194.66654479496515,192.9865464257448,0.0,0.009300000000000001,0.0,10.535046561115774,10.535046561115774
2025-04-23 14:03:00,196.57540513781998,195.16271323921558,0.0,0.009300000000000001,0.0,10.915209380989804,10.915209380989804
2025-04-23 14:04:00,198.39737832618619,197.25212348491624,0.0,0.009300000000000001,0.0,11.280892870809529,11.280892870809529
2025-04-23 14:05:00,200.13339363547735,199.2490609955734,0.0,0.009300000000000001,0.0,11.631794519373921,11.631794519373921
2025-04-23 14:06:00,201.78447388663747,201.14790314944406,0.0,0.009300000000000001,0.0,11.967684839139352,11.967684839139352
2025-04-23 14:07:00,203.35172743287367,202.94311285704842,0.0,0.009300000000000001,0.0,12.288400400796387,12.288400400796387
2025-04-23 14:08:00,204.83634035996295,204.6292307614765,0.0,0.009300000000000001,0.0,12.593837437240778,12.593837437240778
2025-04-23 14:09:00,206.23956895232786,206.2008677044639,0.0,0.009300000000000001,0.0,12.88394597430618,12.88394597430618
2025-04-23 14:10:00,207.56273245879174,207.65269749214698,0.0,0.009300000000000001,0.0,13.15872444783585,13.15872444783585
2025-04-23 14:11:00,208.80720617910154,208.97944998158576,0.0,0.009300000000000001,0.0,13.418214769132568,13.418214769132568
2025-04-23 14:12:00,209.97441488319907,210.17590450003505,0.0,0.009300000000000001,0.0,13.66249780337304,13.66249780337304
2025-04-23 14:13:00,211.06582656867332,211.2368836023969,0.0,0.009300000000000001,0.0,13.891689228106298,13.891689228106298
2025-04-23 14:14:00,212.0829465570621,212.15953366487773,0.0,0.009300000000000001,0.0,14.105935741404538,14.105935741404538
2025-04-23 14:15:00,213.0273119261697,212.9501788093728,0.0,0.009300000000000001,0.0,14.30541159156775,14.30541159156775
2025-04-23 14:16:00,213.90048627297415,213.61745617430668,0.0,0.009300000000000001,0.0,14.490315402478572,14.490315402478572
2025-04-23 14:17:00,214.70405479977043,214.1700245034209,0.0,0.009300000000000001,0.0,14.660867270751117,14.660867270751117
2025-04-23 14:18:00,215.43961971476864,214.6165595463721,0.0,0.009300000000000001,0.0,14.817306112720734,14.817306112720734
2025-04-23 14:19:00,216.10879593731653,214.9657497639545,0.0,0.009300000000000001,0.0,14.959887241081669,14.959887241081669
2025-04-23 14:20:00,216.71320709716088,215.2262923273615,0.0,0.009300000000000001,0.0,15.088880152603647,15.088880152603647
2025-04-23 14:21:00,217.25448181663774,215.40688940037566,0.0,0.009300000000000001,0.0,15.204566509854793,15.204566509854793
2025-04-23 14:22:00,217.73425026434361,215.51624469304005,0.0,0.009300000000000001,0.0,15.307238301235467,15.307238301235467
2025-04-23 14:23:00,218.1541409686477,215.56306027517036,0.0,0.009300000000000001,0.0,15.397196164892947,15.397196164892947
2025-04-23 14:24:00,218.51577787933567,215.55603363799884,0.0,0.009300000000000001,0.0,15.474747863251764,15.474747863251764
2025-04-23 14:25:00,218.82077766570384,215.50385499226832,0.0,0.009300000000000001,0.0,15.540206895961733,15.540206895961733
2025-04-23 14:26:00,219.0707472395305,215.41520479120365,0.0,0.009300000000000001,0.0,15.593891240049762,15.593891240049762
2025-04-23 14:27:00,219.2672814915246,215.2987514669603,0.0,0.009300000000000001,0.0,15.636122206962085,15.636122206962085
2025-04-23 14:28:00,219.4119612300783,215.16314936937698,0.0,0.009300000000000001,0.0,15.667223407012752,15.667223407012752
2025-04-23 14:29:00,219.50635131141874,215.01533223956918,0.0,0.009300000000000001,0.0,15.68751981251574,15.68751981251574
2025-04-23 14:30:00,219.55199895055677,214.85539755120325,0.0,0.009300000000000001,0.0,15.697336911577475,15.697336911577475
2025-04-23 14:31:00,219.5504322027587,214.68171896164293,0.0,0.009300000000000001,0.0,15.696999945168532,15.696999945168532
2025-04-23 14:32:00,219.50315860561574,214.49264961057668,0.0,0.009300000000000001,0.0,15.686833220684026,15.686833220684026
2025-04-23 14:33:00,219.41166397214843,214.28652091312242,0.0,0.009300000000000001,0.0,15.667159495746105,15.667159495746105
2025-04-23 14:34:00,219.27741132575687,214.06164149477758,0.0,0.009300000000000001,0.0,15.638299426499087,15.638299426499087
2025-04-23 14:35:00,219.10183996820408,213.81629625940252,0.0,0.009300000000000001,0.0,15.600571075107224,15.600571075107224
2025-04-23 14:36:00,218.88636467220385,213.5487455818084,0.0,0.009300000000000001,0.0,15.554289471587204,15.554289471587204
2025-04-23 14:37:00,218.63237499056262,213.25722461689895,0.0,0.009300000000000001,0.0,15.499766225495016,15.499766225495016
2025-04-23 14:38:00,218.34123467420477,212.93994271769594,0.0,0.009300000000000001,0.0,15.437309183342665,15.437309183342665
2025-04-23 14:39:00,218.01428119178442,212.59508295495078,0.0,0.009300000000000001,0.0,15.367222127949702,15.367222127949702
2025-04-23 14:40:00,217.65282534395283,212.22080173141214,0.0,0.009300000000000001,0.0,15.289804516235248,15.289804516235248
2025-04-23 14:41:00,217.25815096571282,211.81522848418012,0.0,0.009300000000000001,0.0,15.2053512522345,15.2053512522345
2025-04-23 14:42:00,216.83151471064065,211.37646546892836,0.0,0.009300000000000001,0.0,15.114152492378858,15.114152492378858
2025-04-23 14:43:00,216.37414591109922,210.90258762011706,0.0,0.009300000000000001,0.0,15.016493480314391,15.016493480314391
2025-04-23 14:44:00,215.88724650889728,210.39164248165235,0.0,0.009300000000000001,0.0,14.912654408749393,14.912654408749393
2025-04-23 14:45:00,215.37199105117094,209.84165020276765,0.0,0.009300000000000001,0.0,14.80291030602072,14.80291030602072
2025-04-23 14:46:00,214.82952674657375,209.25060359421389,0.0,0.009300000000000001,0.0,14.687530945253746,14.687530945253746
2025-04-23 14:47:00,214.26097357716054,208.6164682401432,0.0,0.009300000000000001,0.0,14.566780774156538,14.566780774156538
2025-04-23 14:48:00,213.6674244616383,207.93718266135994,0.0,0.009300000000000001,0.0,14.440918863647303,14.440918863647303
2025-04-23 14:49:00,213.04994546593363,207.21065852588805,0.0,0.009300000000000001,0.0,14.310198873655322,14.310198873655322
2025-04-23 14:50:00,212.4095760572921,206.43478090307042,0.0,0.009300000000000001,0.0,14.174869034567912,14.174869034567912
2025-04-23 14:51:00,211.74732939837878,205.60740855766946,0.0,0.009300000000000001,0.0,14.035172142917736,14.035172142917736
2025-04-23 14:52:00,211.06419267809403,204.7263742806829,0.0,0.009300000000000001,0.0,13.891345570015051,13.891345570015051
2025-04-23 14:53:00,210.36112747605085,203.78948525382106,0.0,0.009300000000000001,0.0,13.74362128233457,13.74362128233457
2025-04-23 14:54:00,209.63907015788428,202.79452344481632,0.0,0.009300000000000001,0.0,13.592225872558675,13.592225872558675
2025-04-23 14:55:00,208.89893229877643,201.73924603094812,0.0,0.009300000000000001,0.0,13.437380600267698,13.437380600267698
2025-04-23 14:56:00,208.14160113278615,200.62138584837268,0.0,0.009300000000000001,0.0,13.27930144134861,13.27930144134861
2025-04-23 14:57:00,207.36794002576622,199.43865186504013,0.0,0.009300000000000001,0.0,13.11819914526512,13.11819914526512
2025-04-23 14:58:00,206.5787889698404,198.18872967517152,0.0,0.009300000000000001,0.0,12.95427929940342,12.95427929940342
2025-04-23 14:59:00,205.77496509759098,197.18101092551024,0.0,0.009300000000000001,0.0,12.787742399767918,12.787742399767918
2025-04-23 15:00:00,204.95726321428072,196.20834173791368,0.0,0.009300000000000001,0.0,12.618783927361454,12.618783927361454
2025-04-23 15:01:00,204.12645634659867,195.2670079897183,0.0,0.009300000000000001,0.0,12.447594429636219,12.447594429636219
2025-04-23 15:02:00,203.28329630657993,194.35327434360664,0.0,0.009300000000000001,0.0,12.2743596064523,12.2743596064523
2025-04-23 15:03:00,202.42851426950398,193.4633848255055,0.0,0.009300000000000001,0.0,12.099260400025127,12.099260400025127
2025-04-23 15:04:00,201.56282136472706,192.59356341541854,0.0,0.009300000000000001,0.0,11.922473088387482,11.922473088387482
2025-04-23 15:05:00,200.68690927855005,191.74001465029403,0.0,0.009300000000000001,0.0,11.74416938192794,11.74416938192794
2025-04-23 15:06:00,199.80145086836734,190.89892423817378,0.0,0.009300000000000001,0.0,11.564516522607235,11.564516522607235
2025-04-23 15:07:00,198.907100787484,190.0664596830102,0.0,0.009300000000000001,0.0,11.383677385485827,11.383677385485827
2025-04-23 15:08:00,198.00449612012804,189.2387709196787,0.0,0.009300000000000001,0.0,11.201810582229154,11.201810582229154
2025-04-23 15:09:00,197.0942570263249,188.41199095885216,0.0,0.009300000000000001,0.0,11.019070566285873,11.019070566285873
2025-04-23 15:10:00,196.17698572255654,187.58223486765988,0.0,0.009300000000000001,0.0,10.835607405309656,10.835607405309656
2025-04-23 15:11:00,195.25324600196876,186.7455792898951,0.0,0.009300000000000001,0.0,10.651562691012417,10.651562691012417
2025-04-23 15:12:00,194.32357603662925,185.89807524827285,0.0,0.009300000000000001,0.0,10.467072141576246,10.467072141576246
2025-04-23 15:13:00,193.38850334408954,185.03576311099206,0.0,0.009300000000000001,0.0,10.282268576883036,10.282268576883036
2025-04-23 15:14:00,192.44854518366876,184.15467298801929,0.0,0.009300000000000001,0.0,10.097281962086047,10.097281962086047
2025-04-23 15:15:00,191.50420892923523,183.25082510387023,0.0,0.009300000000000001,0.0,9.912239445347481,9.912239445347481
2025-04-23 15:16:00,190.55599250637357,182.32023023477686,0.0,0.009300000000000001,0.0,9.72726540689943,9.72726540689943
2025-04-23 15:17:00,189.6043848813369,181.35889019763974,0.0,0.009300000000000001,0.0,9.542481516498631,9.542481516498631
2025-04-23 15:18:00,188.64986659372602,180.36279838270704,0.0,0.009300000000000001,0.0,9.358006797278051,9.358006797278051
2025-04-23 15:19:00,187.69291032790179,179.32794032498703,0.0,0.009300000000000001,0.0,9.173957694620656,9.173957694620656
2025-04-23 15:20:00,186.73398152024743,178.2502943115103,0.0,0.009300000000000001,0.0,8.990448149097512,8.990448149097512
2025-04-23 15:21:00,185.77353900089207,177.12583202305336,0.0,0.009300000000000001,0.0,8.807589672800383,8.807589672800383
2025-04-23 15:22:00,184.81203566960792,175.95051921003582,0.0,0.009300000000000001,0.0,8.62549142859951,8.62549142859951
2025-04-23 15:23:00,183.84991920644822,174.72031640315834,0.0,0.009300000000000001,0.0,8.444260312006108,8.444260312006108
2025-04-23 15:24:00,182.8876328183955,173.43117966005082,0.0,0.009300000000000001,0.0,8.264001035428961,8.264001035428961
2025-04-23 15:25:00,181.925616023904,172.07906134981488,0.0,0.009300000000000001,0.0,8.084816214707418,8.084816214707418
2025-04-23 15:26:00,180.96430547778925,170.65991097791346,0.0,0.009300000000000001,0.0,7.9068064578774555,7.9068064578774555
2025-04-23 15:27:00,180.00413583946988,169.16967605441258,0.0,0.009300000000000001,0.0,7.73007045619825,7.73007045619825
2025-04-23 15:28:00,179.0455406881236,167.6043030091373,0.0,0.009300000000000001,0.0,7.554705077531062,7.554705077531062
2025-04-23 15:29:00,178.08895348888953,165.96315261122484,0.0,0.009300000000000001,0.0,7.380805462226255,7.380805462226255
2025-04-23 15:30:00,177.13480861484868,164.25924435115644,0.0,0.009300000000000001,0.0,7.208465121737966,7.208465121737966
2025-04-23 15:31:00,176.18354243014116,162.50901416382328,0.0,0.009300000000000001,0.0,7.037776040251405,7.037776040251405
2025-04-23 15:32:00,175.23559444024013,160.72890112544943,0.0,0.009300000000000001,0.0,6.868828779673711,6.868828779673711
2025-04-23 15:33:00,174.2914085160921,158.93534867773238,0.0,0.009300000000000001,0.0,6.701712588407952,6.701712588407952
2025-04-23 15:34:00,173.35143419954537,157.14480593327139,0.0,0.009300000000000001,0.0,6.5365155143982,6.5365155143982
2025-04-23 15:35:00,172.4161280982095,155.373729070427,0.0,0.009300000000000001,0.0,6.373324523000931,6.373324523000931
2025-04-23 15:36:00,171.4859553785929,153.6385828264586,0.0,0.009300000000000001,0.0,6.212225620302414,6.212225620302414
2025-04-23 15:37:00,170.56139136702106,151.9558420984426,0.0,0.009300000000000001,0.0,6.0533039825578765,6.0533039825578765
2025-04-23 15:38:00,169.642923268387,150.341993662023,0.0,0.009300000000000001,0.0,5.896644092471,5.896644092471
2025-04-23 15:39:00,168.73105201315448,148.81353801841456,0.0,0.009300000000000001,0.0,5.742329883051998,5.742329883051998
2025-04-23 15:40:00,167.8262942431095,147.3869913801542,0.0,0.009300000000000001,0.0,5.590444889779067,5.590444889779067
2025-04-23 15:41:00,166.92918444598476,146.0788878057256,0.0,0.009300000000000001,0.0,5.441072411720864,5.441072411720864
2025-04-23 15:42:00,166.04027724804445,144.90578149214394,0.0,0.009300000000000001,0.0,5.29429568213591,5.29429568213591
2025-04-23 15:43:00,165.16014987171764,143.88424923258924,0.0,0.009300000000000001,0.0,5.150198048813932,5.150198048813932
2025-04-23 15:44:00,164.28940476200222,143.0257449220652,0.0,0.009300000000000001,0.0,5.008863164021429,5.008863164021429
2025-04-23 15:45:00,163.42867238008108,142.3211579887799,0.0,0.009300000000000001,0.0,4.870375183298996,4.870375183298996
2025-04-23 15:46:00,162.57861415467704,141.75626070773615,0.0,0.009300000000000001,0.0,4.734818971454976,4.734818971454976
2025-04-23 15:47:00,161.73992557018803,141.3168594096119,0.0,0.009300000000000001,0.0,4.602280312810294,4.602280312810294
2025-04-23 15:48:00,160.91333935439113,140.9887976684643,0.0,0.009300000000000001,0.0,4.47284612094801,4.47284612094801
2025-04-23 15:49:00,160.09962870602834,140.75795952931531,0.0,0.009300000000000001,0.0,4.346604640762378,4.346604640762378
2025-04-23 15:50:00,159.2996104721637,140.61027268550905,0.0,0.009300000000000001,0.0,4.223645632315209,4.223645632315209
2025-04-23 15:51:00,158.51414814497127,140.53171147549955,0.0,0.009300000000000001,0.0,4.104060521725453,4.104060521725453
2025-04-23 15:52:00,157.74415449579172,140.50829951690753,0.0,0.009300000000000001,0.0,3.9879424988938665,3.9879424988938665
2025-04-23 15:53:00,156.99059359966805,140.526111731056,0.0,0.009300000000000001,0.0,3.8753865352467254,3.8753865352467254
2025-04-23 15:54:00,156.25448192627056,140.5712754338953,0.0,0.009300000000000001,0.0,3.7664892869968685,3.7664892869968685
2025-04-23 15:55:00,155.53688808586324,140.62997008196942,0.0,0.009300000000000001,0.0,3.661348841119467,3.661348841119467
2025-04-23 15:56:00,154.83893072868048,140.68842517179277,0.0,0.009300000000000001,0.0,3.5600642532699274,3.5600642532699274
2025-04-23 15:57:00,154.16177401581328,140.7329157107364,0.0,0.009300000000000001,0.0,3.4627348208687883,3.4627348208687883
2025-04-23 15:58:00,153.5066200300927,140.74975462791136,0.0,0.009300000000000001,0.0,3.3694590329671725,3.3694590329671725
2025-04-23 15:59:00,152.8746975047723,140.72738283837526,0.0,0.009300000000000001,0.0,3.2803331444037758,3.2803331444037758
2025-04-23 16:00:00,152.267246348812,140.66265777498808,0.0,0.009300000000000001,0.0,3.1954493384880207,3.1954493384880207
2025-04-23 16:01:00,151.68549766970713,140.5545294046693,0.0,0.009300000000000001,0.0,3.1148934724806314,3.1148934724806314
2025-04-23 16:02:00,151.13064935158232,140.40191447096763,0.0,0.009300000000000001,0.0,3.0387424436606825,3.0387424436606825
2025-04-23 16:03:00,150.60383772057327,140.20366815944286,0.0,0.009300000000000001,0.0,2.967061267080707,2.967061267080707
2025-04-23 16:04:00,150.106106363691,139.95855291653015,0.0,0.009300000000000001,0.0,2.8999000109735595,2.8999000109735595
2025-04-23 16:05:00,149.6383736663841,139.66520598710215,0.0,0.009300000000000001,0.0,2.8372907804152163,2.8372907804152163
2025-04-23 16:06:00,149.201400986834,139.32210758876442,0.0,0.009300000000000001,0.0,2.7792449621126987,2.7792449621126987
2025-04-23 16:07:00,148.79576349950148,138.92755175540185,0.0,0.009300000000000001,0.0,2.725750934852156,2.725750934852156
2025-04-23 16:08:00,148.4218255774244,138.47962171947643,0.0,0.009300000000000001,0.0,2.6767724104918456,2.6767724104918456
2025-04-23 16:09:00,148.07972217189177,137.97617129170118,0.0,0.009300000000000001,0.0,2.632247507002333,2.632247507002333
2025-04-23 16:10:00,147.76934707694,137.41481312553668,0.0,0.009300000000000001,0.0,2.592088581309246,2.592088581309246
2025-04-23 16:11:00,147.49034834859356,136.7929141364315,0.0,0.009300000000000001,0.0,2.556182780140246,2.556182780140246
2025-04-23 16:12:00,147.24213058938582,136.10759778634312,0.0,0.009300000000000001,0.0,2.5243932130766216,2.5243932130766216
2025-04-23 16:13:00,147.02386337754405,135.3557525129229,0.0,0.009300000000000001,0.0,2.4965606192937657,2.4965606192937657
2025-04-23 16:14:00,146.83449484547882,134.53766085499595,0.0,0.009300000000000001,0.0,2.4725053881245302,2.4725053881245302
2025-04-23 16:15:00,146.67276928696654,133.66786370071503,0.0,0.009300000000000001,0.0,2.4520297996702296,2.4520297996702296
2025-04-23 16:16:00,146.53724766824317,132.76433415768284,0.0,0.009300000000000001,0.0,2.4349203694497645,2.4349203694497645
2025-04-23 16:17:00,146.42632999874965,131.84488437670714,0.0,0.009300000000000001,0.0,2.4209502047356524,2.4209502047356524
2025-04-23 16:18:00,146.338278647733,130.92718886840174,0.0,0.009300000000000001,0.0,2.4098813050777235,2.4098813050777235
2025-04-23 16:19:00,146.27124184525834,130.02880800419845,0.0,0.009300000000000001,0.0,2.401466762352857,2.401466762352857
2025-04-23 16:20:00,146.22327676052237,129.16721109466081,0.0,0.009300000000000001,0.0,2.3954528347222146,2.3954528347222146
2025-04-23 16:21:00,146.1923716942275,128.359798581858,0.0,0.009300000000000001,0.0,2.391580883471435,2.391580883471435
2025-04-23 16:22:00,146.17646704857214,127.62392300935521,0.0,0.009300000000000001,0.0,2.3895891719682725,2.3895891719682725
2025-04-23 16:23:00,146.17347484563595,126.97690854059887,0.0,0.009300000000000001,0.0,2.3892145324506,2.3892145324506
2025-04-23 16:24:00,146.18129665267168,126.4360688842085,0.0,0.009300000000000001,0.0,2.390193909810947,2.390193909810947
2025-04-23 16:25:00,146.1978398426117,126.01872355448323,0.0,0.009300000000000001,0.0,2.3922657927532103,2.3922657927532103
2025-04-23 16:26:00,146.22103217219282,125.74221244952668,0.0,0.009300000000000001,0.0,2.395171542382658,2.395171542382658
2025-04-23 16:27:00,146.24883470092655,125.62390877021711,0.0,0.009300000000000001,0.0,2.3986566270508587,2.3986566270508587
2025-04-23 16:28:00,146.27925310404243,125.68123033315084,0.0,0.009300000000000001,0.0,2.4024717705820366,2.4024717705820366
2025-04-23 16:29:00,146.31034745362146,125.92449716040483,0.0,0.009300000000000001,0.0,2.4063740191995286,2.4063740191995286
2025-04-23 16:30:00,146.3402405562414,126.33548324306943,0.0,0.009300000000000001,0.0,2.410127730780941,2.410127730780941
2025-04-23 16:31:00,146.36712494411435,126.88888010649853,0.0,0.009300000000000001,0.0,2.413505488638597,2.413505488638597
2025-04-23 16:32:00,146.3892686211636,127.55945474775723,0.0,0.009300000000000001,0.0,2.416288940916622,2.416288940916622
2025-04-23 16:33:00,146.40501966678892,128.322054239387,0.0,0.009300000000000001,0.0,2.4182695659366797,2.4182695659366797
2025-04-23 16:34:00,146.41280979901396,129.15160929255336,0.0,0.009300000000000001,0.0,2.419249363392245,2.419249363392245
2025-04-23 16:35:00,146.41115699594963,130.02313687850895,0.0,0.009300000000000001,0.0,2.4190414711482946,2.4190414711482946
2025-04-23 16:36:00,146.39867121284934,130.91174594564896,0.0,0.009300000000000001,0.0,2.4174712032412033,2.4174712032412033
2025-04-23 16:37:00,146.3742511723486,131.7928342097507,0.0,0.009300000000000001,0.0,2.414401123097115,2.414401123097115
2025-04-23 16:38:00,146.33720444998139,132.64220823948995,0.0,0.009300000000000001,0.0,2.409746384329333,2.409746384329333
2025-04-23 16:39:00,146.28691175880428,133.43574774106503,0.0,0.009300000000000001,0.0,2.4034326907886028,2.4034326907886028
2025-04-23 16:40:00,146.2227998416878,134.1493784504882,0.0,0.009300000000000001,0.0,2.3953930661145497,2.3953930661145497
2025-04-23 16:41:00,146.14434507113165,134.75907573340106,0.0,0.009300000000000001,0.0,2.385568472761427,2.385568472761427
2025-04-23 16:42:00,146.05107578963245,135.2408669254419,0.0,0.009300000000000001,0.0,2.3739082564864873,2.3739082564864873
2025-04-23 16:43:00,145.94257366106373,135.57083268362612,0.0,0.009300000000000001,0.0,2.360370447884655,2.360370447884655
2025-04-23 16:44:00,145.81847423851855,135.73178702952634,0.0,0.009300000000000001,0.0,2.344921945062905,2.344921945062905
2025-04-23 16:45:00,145.67846690702197,135.73331571799886,0.0,0.009300000000000001,0.0,2.3275385962306236,2.3275385962306236
2025-04-23 16:46:00,145.52229432513786,135.5917372527765,0.0,0.009300000000000001,0.0,2.3082051971807305,2.3082051971807305
2025-04-23 16:47:00,145.3497514640595,135.3234224502216,0.0,0.009300000000000001,0.0,2.286915415889626,2.286915415889626
2025-04-23 16:48:00,145.16068432370733,134.94479315542367,0.0,0.009300000000000001,0.0,2.2636716544524904,2.2636716544524904
2025-04-23 16:49:00,144.9549883908452,134.47232070031546,0.0,0.009300000000000001,0.0,2.2384848570702243,2.2384848570702243
2025-04-23 16:50:00,144.73260689300304,133.92252415759606,0.0,0.009300000000000001,0.0,2.2113742716610933,2.2113742716610933
2025-04-23 16:51:00,144.49352889316418,133.31196843541775,0.0,0.009300000000000001,0.0,2.182367171775623,2.182367171775623
2025-04-23 16:52:00,144.23778726310937,132.6572622507303,0.0,0.009300000000000001,0.0,2.151498544772708,2.151498544772708
2025-04-23 16:53:00,143.96545656756112,131.97505601342525,0.0,0.009300000000000001,0.0,2.118810751617879,2.118810751617879
2025-04-23 16:54:00,143.67665088652015,131.28203964867237,0.0,0.009300000000000001,0.0,2.0843531631541836,2.0843531631541836
2025-04-23 16:55:00,143.3715215992032,130.5949403808574,0.0,0.009300000000000001,0.0,2.0481817772502398,2.0481817772502398
2025-04-23 16:56:00,143.0502551496113,129.93052049915042,0.0,0.009300000000000001,0.0,2.010358820829933,2.010358820829933
2025-04-23 16:57:00,142.71307081085814,129.3055751218341,0.0,0.009300000000000001,0.0,1.9709523404256315,1.9709523404256315
2025-04-23 16:58:00,142.36021846288048,128.73692997401423,0.0,0.009300000000000001,0.0,1.9300357845617346,1.9300357845617346
2025-04-23 16:59:00,141.99197639596727,128.2378401430522,0.0,0.009300000000000001,0.0,1.8876875809651608,1.8876875809651608
2025-04-23 17:00:00,141.60864915063192,127.80719077414716,0.0,0.009300000000000001,0.0,1.8439907113100347,1.8439907113100347
2025-04-23 17:01:00,141.2105654026694,127.44029209968326,0.0,0.009300000000000001,0.0,1.7990322859323624,1.7990322859323624
2025-04-23 17:02:00,140.79807590075887,127.13247642492884,0.0,0.009300000000000001,0.0,1.7529031206978467,1.7529031206978467
2025-04-23 17:03:00,140.3715514626644,126.8790961242371,0.0,0.009300000000000001,0.0,1.7056973179683068,1.7056973179683068
2025-04-23 17:04:00,139.9313810349312,126.67552170074242,0.0,0.009300000000000001,0.0,1.6575118533916857,1.6575118533916857
2025-04-23 17:05:00,139.47796981995552,126.51713991343023,0.0,0.009300000000000001,0.0,1.608446170034087,1.608446170034087
2025-04-23 17:06:00,139.0117374734066,126.39935197455891,0.0,0.009300000000000001,0.0,1.5586017811816029,1.5586017811816029
2025-04-23 17:07:00,138.5331163741872,126.31757181962035,0.0,0.009300000000000001,0.0,1.508081882962261,1.508081882962261
2025-04-23 17:08:00,138.04254996842317,126.26722445132965,0.0,0.009300000000000001,0.0,1.456990977775601,1.456990977775601
2025-04-23 17:09:00,137.54049118836295,126.24374435852432,0.0,0.009300000000000001,0.0,1.405434509367021,1.405434509367021
2025-04-23 17:10:00,137.02740094653439,126.24257401032142,0.0,0.009300000000000001,0.0,1.3535185102468223,1.3535185102468223
2025-04-23 17:11:00,136.50374670504442,126.25916242541703,0.0,0.009300000000000001,0.0,1.3013492620284022,1.3013492620284022
2025-04-23 17:12:00,135.97000111950527,126.28896381601254,0.0,0.009300000000000001,0.0,1.2490329691465216,1.2490329691465216
2025-04-23 17:13:00,135.42664075672585,126.32743630550601,0.0,0.009300000000000001,0.0,1.196675446312545,1.196675446312545
2025-04-23 17:14:00,134.87414488501335,126.3700407187938,0.0,0.009300000000000001,0.0,1.144381819971874,1.144381819971874
2025-04-23 17:15:00,134.31299433567912,126.41223944377643,0.0,0.009300000000000001,0.0,1.092256243944061,1.092256243944061
2025-04-23 17:16:00,133.74367043413378,126.44949536245365,0.0,0.009300000000000001,0.0,1.0404016293523657,1.0404016293523657
2025-04-23 17:17:00,133.16665399878286,126.47727084982019,0.0,0.009300000000000001,0.0,0.9889193888826369,0.9889193888826369
2025-04-23 17:18:00,132.58242440579332,126.49102683863214,0.0,0.009300000000000001,0.0,0.937909195352693,0.937909195352693
2025-04-23 17:19:00,131.99145871768692,126.48622194800043,0.0,0.009300000000000001,0.0,0.8874687545218031,0.8874687545218031
2025-04-23 17:20:00,131.39423087363014,126.4583116736807,0.0,0.009300000000000001,0.0,0.8376935920239804,0.8376935920239804
2025-04-23 17:21:00,130.79121093922407,126.40274763786321,0.0,0.009300000000000001,0.0,0.788676854269718,0.788676854269718
2025-04-23 17:22:00,130.18286441355295,126.31497689622134,0.0,0.009300000000000001,0.0,0.7405091231262202,0.7405091231262202
2025-04-23 17:23:00,129.56965159122134,126.19044129994884,0.0,0.009300000000000001,0.0,0.6932782441569564,0.6932782441569564
2025-04-23 17:24:00,128.95202697709786,126.02457691050346,0.0,0.009300000000000001,0.0,0.6470691681761425,0.6470691681761425
2025-04-23 17:25:00,128.33043875148314,125.81281346477502,0.0,0.009300000000000001,0.0,0.601963805852811,0.601963805852811
2025-04-23 17:26:00,127.70532828343298,125.55057388840844,0.0,0.009300000000000001,0.0,0.558040895081159,0.558040895081159
2025-04-23 17:27:00,127.07712968998857,125.23327385503411,0.0,0.009300000000000001,0.0,0.5153758808196824,0.5153758808196824
2025-04-23 17:28:00,126.44626943909756,124.85632138918884,0.0,0.009300000000000001,0.0,0.4740408070894547,0.4740408070894547
2025-04-23 17:29:00,125.81316599404721,123.06731267025935,0.0,0.009300000000000001,0.0,0.4341042208128165,0.4341042208128165
2025-04-23 17:30:00,125.17822949727527,121.51842740148135,0.0,0.009300000000000001,0.0,0.39563108716649703,0.39563108716649703
2025-04-23 17:31:00,124.54186149147402,120.19517582903038,0.0,0.009300000000000001,0.0,0.35868271611765135,0.35868271611765135
2025-04-23 17:32:00,123.9044546759561,119.08305935570235,0.0,0.009300000000000001,0.0,0.3233166998078808,0.3233166998078808
2025-04-23 17:33:00,123.26639269630817,118.16757033056717,0.0,0.009300000000000001,0.0,0.28958686044760323,0.28958686044760323
2025-04-23 17:34:00,122.62804996541831,117.43419186999624,0.0,0.009300000000000001,0.0,0.2575432083823835,0.2575432083823835
2025-04-23 17:35:00,121.98979151402476,116.86839770821103,0.0,0.009300000000000001,0.0,0.22723190999233586,0.22723190999233586
2025-04-23 17:36:00,121.35197286899725,116.45565207556456,0.0,0.009300000000000001,0.0,0.1986952650865725,0.1986952650865725
2025-04-23 17:37:00,120.71493995762616,116.18140960283047,0.0,0.009300000000000001,0.0,0.1719716934561923,0.1719716934561923
2025-04-23 17:38:00,120.07902903626012,116.03111524984067,0.0,0.009300000000000001,0.0,0.14709573025088296,0.14709573025088296
2025-04-23 17:39:00,119.44456664169756,115.99020425687686,0.0,0.009300000000000001,0.0,0.12409802984707093,0.12409802984707093
2025-04-23 17:40:00,118.81186956380228,116.0441021172861,0.0,0.009300000000000001,0.0,0.10300537787800142,0.10300537787800142
2025-04-23 17:41:00,118.18124483787824,116.17822456985564,0.0,0.009300000000000001,0.0,0.08384071109927982,0.08384071109927982
2025-04-23 17:42:00,117.5529897554022,116.3779776095455,0.0,0.009300000000000001,0.0,0.06662314476665981,0.06662314476665981
2025-04-23 17:43:00,116.92739189177502,116.62875751523981,0.0,0.009300000000000001,0.0,0.05136800720616316,0.05136800720616316
2025-04-23 17:44:00,116.30472914981546,116.9159508932406,0.0,0.009300000000000001,0.0,0.03808688126015078,0.03808688126015078
2025-04-23 17:45:00,115.6852698177793,117.22493473528695,0.0,0.009300000000000001,0.0,0.026787652296307935,0.026787652296307935
2025-04-23 17:46:00,115.06927264074668,117.54107648994221,0.0,0.009300000000000001,0.0,0.01747456247014848,0.01747456247014848
2025-04-23 17:47:00,114.45698690427722,117.84973414624933,0.0,0.009300000000000001,0.0,0.010148270934976174,0.010148270934976174
2025-04-23 17:48:00,113.84865252928932,118.13625632860996,0.0,0.009300000000000001,0.0,0.004805919696761149,0.004805919696761149
2025-04-23 17:49:00,113.24450017717328,118.38598240189765,0.0,0.009300000000000001,0.0,0.0014412048146727795,0.0014412048146727795
2025-04-23 17:50:00,112.64475136420114,118.58424258586776,0.0,0.009300000000000001,0.0,4.445265136417424e-05,4.445265136417424e-05
2025-04-23 17:51:00,112.04961858434687,118.71635807797747,0.0,0.009300000000000001,0.000602700880308903,0.0,0.000602700880308903
2025-04-23 17:52:00,111.4593054396791,118.76764118377874,0.0,0.009300000000000001,0.003099783960679803,0.0,0.003099783960679803
2025-04-23 17:53:00,110.87400677753645,118.72339545409342,0.0,0.009300000000000001,0.007516422793354759,0.0,0.007516422793354759
2025-04-23 17:54:00,110.29390883374074,118.56891582822661,83.0,0.009300000000000001,0.013830318274696914,0.0,0.013830318274696914
2025-04-23 17:55:00,109.71918625197348,118.2894856533431,0.0,20.7593,0.022016298322665943,0.0,0.022016298322665943
2025-04-23 17:56:00,109.15004160231976,117.87041620301125,0.0,0.009300000000000001,0.03204571085012642,0.0,0.03204571085012642
2025-04-23 17:57:00,108.58695430674895,117.2972956026837,0.0,0.009300000000000001,0.04388025805403435,0.0,0.04388025805403435
2025-04-23 17:58:00,108.03093383151382,116.55624202209648,0.0,0.009300000000000001,0.05746061674864144,0.0,0.05746061674864144
2025-04-23 17:59:00,107.48365114520391,115.64059411991069,0.0,0.009300000000000001,0.07269344721500831,0.0,0.07269344721500831
2025-04-23 18:00:00,106.94753697029942,114.57068625503115,0.0,0.009300000000000001,0.08943689954287232,0.0,0.08943689954287232
2025-04-23 18:01:00,106.42586809141154,113.37425783508195,0.0,0.009300000000000001,0.1074849507684256,0.0,0.1074849507684256
2025-04-23 18:02:00,105.92283341204603,112.07996038658172,0.0,0.009300000000000001,0.1265517399730186,0.0,0.1265517399730186
2025-04-23 18:03:00,105.44357559213792,110.7173991924784,0.0,0.009300000000000001,0.14625740279281843,0.0,0.14625740279281843
2025-04-23 18:04:00,104.99420785153744,109.31715009563513,0.0,0.009300000000000001,0.1661171548246257,0.0,0.1661171548246257
2025-04-23 18:05:00,104.58180741616398,107.91075294498417,0.0,0.009300000000000001,0.18553558565981024,0.0,0.18553558565981024
2025-04-23 18:06:00,104.21438795606953,106.53068403359043,0.0,0.009300000000000001,0.20380827763985448,0.0,0.20380827763985448
2025-04-23 18:07:00,103.90085363338635,105.21031014659904,0.0,0.009300000000000001,0.2201329199792219,0.0,0.2201329199792219
2025-04-23 18:08:00,103.65093752121797,103.98382698012645,0.0,0.009300000000000001,0.23363199321957792,0.0,0.23363199321957792
2025-04-23 18:09:00,103.47512693515003,102.88618447277119,0.0,0.009300000000000001,0.243388823833819,0.0,0.243388823833819
2025-04-23 18:10:00,103.3845781291278,101.95300150149143,0.0,0.009300000000000001,0.2484982961181055,0.0,0.2484982961181055
2025-04-23 18:11:00,103.39105781966293,101.22050740581169,0.0,0.009300000000000001,0.24813075150805453,0.0,0.24813075150805453
2025-04-23 18:12:00,103.50689491117933,100.72549371316879,0.0,0.009300000000000001,0.24160983411811413,0.0,0.24160983411811413
2025-04-23 18:13:00,103.74468275948063,100.50501640237925,0.0,0.009300000000000001,0.22851756655049055,0.0,0.22851756655049055
2025-04-23 18:14:00,104.11675473421147,100.58863670038785,0.0,0.009300000000000001,0.20881914048707623,0.0,0.20881914048707623
2025-04-23 18:15:00,104.6347947380919,100.97632730436365,0.0,0.009300000000000001,0.18297623237680066,0.0,0.18297623237680066
2025-04-23 18:16:00,105.30951747064195,101.65985694256293,0.0,0.009300000000000001,0.15204120053703538,0.0,0.15204120053703538
2025-04-23 18:17:00,106.15039326485444,102.62974997671475,0.0,0.009300000000000001,0.11772265838567704,0.0,0.11772265838567704
2025-04-23 18:18:00,107.1654101658663,103.8750484806923,0.0,0.009300000000000001,0.08241333319367335,0.0,0.08241333319367335
2025-04-23 18:19:00,108.36086950030747,105.38310780986174,0.0,0.009300000000000001,0.04917350561710525,0.0,0.04917350561710525
2025-04-23 18:20:00,109.7412154398806,107.13942616466201,0.0,0.009300000000000001,0.021666756021261578,0.0,0.021666756021261578
2025-04-23 18:21:00,111.30890351563919,109.12751310488282,0.0,0.009300000000000001,0.004049018991773537,0.0,0.004049018991773537
2025-04-23 18:22:00,113.06431660855887,111.32880554023606,0.0,0.009300000000000001,0.0,0.0008167053625000773,0.0008167053625000773
2025-04-23 18:23:00,115.00573818087425,113.7226409616926,0.0,0.009300000000000001,0.0,0.016624314657648877,0.016624314657648877
2025-04-23 18:24:00,117.12939030555069,116.28629547095404,0.0,0.009300000000000001,0.0,0.05608574634805596,0.05608574634805596
2025-04-23 18:25:00,119.42953845064876,118.99508856481721,0.0,0.009300000000000001,0.0,0.12357559274309109,0.12357559274309109
2025-04-23 18:26:00,121.89865751811426,121.82254917396413,0.0,0.009300000000000001,0.0,0.22304648158373136,0.22304648158373136
2025-04-23 18:27:00,124.52764671789778,124.74063053708164,0.0,0.009300000000000001,0.0,0.35787600255582086,0.35787600255582086
2025-04-23 18:28:00,127.30607652771167,127.71995716061836,0.0,0.009300000000000001,0.0,0.5307524876418076,0.5307524876418076
2025-04-23 18:29:00,130.22245004653308,130.7347132080365,0.0,0.009300000000000001,0.0,0.7436039057762334,0.7436039057762334
2025-04-23 18:30:00,133.26446299200686,133.77678360446117,0.0,0.009300000000000001,0.0,0.9975693874032867,0.9975693874032867
2025-04-23 18:31:00,136.41925020725634,136.8421194362449,0.0,0.009300000000000001,0.0,1.2930091430856547,1.2930091430856547
2025-04-23 18:32:00,139.6736106027972,139.9263358571324,0.0,0.009300000000000001,0.0,1.6295461122481092,1.6295461122481092
2025-04-23 18:33:00,143.01420611658895,143.02491104831233,0.0,0.009300000000000001,0.0,2.0061315549047807,2.0061315549047807
2025-04-23 18:34:00,146.42771115681674,146.13333566119897,0.0,0.009300000000000001,0.0,2.4211239793949564,2.4211239793949564
2025-04-23 18:35:00,149.90087701286714,149.247177228408,0.0,0.009300000000000001,0.0,2.8723681943102197,2.8723681943102197
2025-04-23 18:36:00,153.4207354693808,152.36228377780915,0.0,0.009300000000000001,0.0,3.3572971024883813,3.3572971024883813
2025-04-23 18:37:00,156.9747310539668,155.4749160802407,0.0,0.009300000000000001,0.0,3.873028871152539,3.873028871152539
2025-04-23 18:38:00,160.5507944243546,158.58182103666113,0.0,0.009300000000000001,0.0,4.416454407379009,4.416454407379009
2025-04-23 18:39:00,164.1373981967136,161.680287506469,0.0,0.009300000000000001,0.0,4.9843170317173975,4.9843170317173975
2025-04-23 18:40:00,167.72359764905923,164.76818701090886,0.0,0.009300000000000001,0.0,5.573283031004506,5.573283031004506
2025-04-23 18:41:00,171.29905855274737,167.8440015645657,0.0,0.009300000000000001,0.0,6.180002546929155,6.180002546929155
2025-04-23 18:42:00,174.854074160944,170.90684066383466,0.0,0.009300000000000001,0.0,6.801160835432101,6.801160835432101
2025-04-23 18:43:00,178.37957314835157,173.9564492266472,0.0,0.009300000000000001,0.0,7.433520337437746,7.433520337437746
2025-04-23 18:44:00,181.86712006887024,176.99161774315527,0.0,0.009300000000000001,0.0,8.073954263452709,8.073954263452709
2025-04-23 18:45:00,185.3089096865116,180.00540568571253,0.0,0.009300000000000001,0.0,8.719472543693726,8.719472543693726
2025-04-23 18:46:00,188.6977563439083,182.9899017983162,0.0,0.009300000000000001,0.0,9.367241059650977,9.367241059650977
2025-04-23 18:47:00,192.02707936327766,185.9377998045483,0.0,0.009300000000000001,0.0,10.014595076412181,10.014595076412181
2025-04-23 18:48:00,195.29088532609717,188.8423806872509,0.0,0.009300000000000001,0.0,10.659047757285254,10.659047757285254
2025-04-23 18:49:00,198.48374794854237,191.6974925639643,0.0,0.009300000000000001,0.0,11.298294578590728,11.298294578590728
2025-04-23 18:50:00,201.6007861580457,194.4975287634855,0.0,0.009300000000000001,0.0,11.930214384472338,11.930214384472338
2025-04-23 18:51:00,204.6376408801761,197.23740461274807,0.0,0.009300000000000001,0.0,12.552867737530981,12.552867737530981
2025-04-23 18:52:00,207.59045096250057,199.91253336068368,0.0,0.009300000000000001,0.0,13.164493136803063,13.164493136803063
2025-04-23 18:53:00,210.45582859138932,202.51880159502724,0.0,0.009300000000000001,0.0,13.763501593873118,13.763501593873118
2025-04-23 18:54:00,213.2308344972706,205.05254444757153,0.0,0.009300000000000001,0.0,14.348469983050997,14.348469983050997
2025-04-23 18:55:00,215.91295319221373,207.51052083175063,0.0,0.009300000000000001,0.0,14.918133513786909,14.918133513786909
2025-04-23 18:56:00,218.50023363646554,209.89005410917594,0.0,0.009300000000000001,0.0,15.471413053414846,15.471413053414846
2025-04-23 18:57:00,220.99191086181213,212.18965371299825,0.0,0.009300000000000001,0.0,16.007547050386883,16.007547050386883
2025-04-23 18:58:00,223.3877303619477,214.40833953827635,0.0,0.009300000000000001,0.0,16.52594592840289,16.52594592840289
2025-04-23 18:59:00,225.68762128931897,216.54533766994132,0.0,0.009300000000000001,0.0,17.026117053168154,17.026117053168154
2025-04-23 19:00:00,227.89169026999124,218.60014179102137,0.0,0.009300000000000001,0.0,17.507658057971454,17.507658057971454
2025-04-23 19:01:00,230.00021332292098,220.57243750855557,0.0,0.009300000000000001,0.0,17.970250220619526,17.970250220619526
2025-04-23 19:02:00,232.01362664262928,222.4620706051476,0.0,0.009300000000000001,0.0,18.41365201117692,18.41365201117692
2025-04-23 19:03:00,233.93251674533263,224.26903718509658,0.0,0.009300000000000001,0.0,18.837692883240788,18.837692883240788
2025-04-23 19:04:00,235.75761031986247,225.99347352531655,0.0,0.009300000000000001,0.0,19.242267352664403,19.242267352664403
2025-04-23 19:05:00,237.4897640173016,227.63564586497287,0.0,0.009300000000000001,0.0,19.627329387844988,19.627329387844988
2025-04-23 19:06:00,239.1299543401176,229.19594029461575,0.0,0.009300000000000001,0.0,19.992887122157224,19.992887122157224
2025-04-23 19:07:00,240.67926774134625,230.67485285536358,0.0,0.009300000000000001,0.0,20.33899788992011,20.33899788992011
2025-04-23 19:08:00,242.13889100954924,232.0729799238606,0.0,0.009300000000000001,0.0,20.66576358110387,20.66576358110387
2025-04-23 19:09:00,243.510101990839,233.3910089343019,0.0,0.009300000000000001,0.0,20.973326305896975,20.973326305896975
2025-04-23 19:10:00,244.79426068190517,234.6297094714597,0.0,0.009300000000000001,0.0,21.261864357619487,21.261864357619487
2025-04-23 19:11:00,245.9928007154711,235.78992475613992,0.0,0.009300000000000001,0.0,21.531588460853925,21.531588460853925
2025-04-23 19:12:00,247.10722125047334,236.87256353536176,0.0,0.009300000000000001,0.0,21.782738290757536,21.782738290757536
2025-04-23 19:13:00,248.13907927248994,237.87859238278583,0.0,0.009300000000000001,0.0,22.015579249109525,22.015579249109525
2025-04-23 19:14:00,249.08998230487435,238.80932658782783,0.0,0.009300000000000001,0.0,22.230399482583593,22.230399482583593
2025-04-23 19:15:00,249.9615815272123,239.6673178080542,0.0,0.009300000000000001,0.0,22.427507128915565,22.427507128915565
2025-04-23 19:16:00,250.75556529479826,240.4554530547198,0.0,0.009300000000000001,0.0,22.607227776981418,22.607227776981418
2025-04-23 19:17:00,251.47365305059517,241.17665042674793,0.0,0.009300000000000001,0.0,22.769902127258437,22.769902127258437
2025-04-23 19:18:00,252.11758961944506,241.83385340494098,0.0,0.009300000000000001,0.0,22.915883839678003,22.915883839678003
2025-04-23 19:19:00,252.68913987301613,242.43002551692754,0.0,0.009300000000000001,0.0,23.04553755645629,23.04553755645629
2025-04-23 19:20:00,253.1900837530261,242.96814536038568,0.0,0.009300000000000001,0.0,23.159237088096308,23.159237088096308
2025-04-23 19:21:00,253.62221163960203,243.45120197140278,0.0,0.009300000000000001,0.0,23.257363751369105,23.257363751369105
2025-04-23 19:22:00,253.98732005117685,243.88219052437222,0.0,0.009300000000000001,0.0,23.340304848700054,23.340304848700054
2025-04-23 19:23:00,254.28720766204242,244.26410834954615,0.0,0.009300000000000001,0.0,23.408452278990644,23.408452278990644
2025-04-23 19:24:00,254.52367162354662,244.59995125423288,0.0,0.009300000000000001,0.0,23.462201270502337,23.462201270502337
2025-04-23 19:25:00,254.69850417491187,244.89271013361514,0.0,0.009300000000000001,0.0,23.501949226999955,23.501949226999955
2025-04-23 19:26:00,254.81348952974355,245.1453678572587,0.0,0.009300000000000001,0.0,23.528094678906974,23.528094678906974
2025-04-23 19:27:00,254.87040102447125,245.3608964175535,0.0,0.009300000000000001,0.0,23.54103633175334,23.54103633175334
2025-04-23 19:28:00,254.87099851520836,245.54225432657333,0.0,0.009300000000000001,0.0,23.541172204701596,23.541172204701596
2025-04-23 19:29:00,254.8170260098134,245.69146953927077,0.0,0.009300000000000001,0.0,23.528898852415196,23.528898852415196
2025-04-23 19:30:00,254.71020952227903,245.8068931812673,0.0,0.009300000000000001,0.0,23.504610663988693,23.504610663988693
2025-04-23 19:31:00,254.55225513695308,245.88594173967337,0.0,0.009300000000000001,0.0,23.46869923308713,23.46869923308713
2025-04-23 19:32:00,254.34484727049917,245.92601003391513,0.0,0.009300000000000001,0.0,23.42155279384576,23.42155279384576
2025-04-23 19:33:00,254.08964711993139,245.92446966376923,0.0,0.009300000000000001,0.0,23.36355571746337,23.36355571746337
2025-04-23 19:34:00,253.7882912854962,245.87866763224474,0.0,0.009300000000000001,0.0,23.29508806477736,23.29508806477736
2025-04-23 19:35:00,253.44239055762293,245.7859251325335,0.0,0.009300000000000001,0.0,23.216525190444717,23.216525190444717
2025-04-23 19:36:00,253.0535288576197,245.64353648870622,0.0,0.009300000000000001,0.0,23.128237394665945,23.128237394665945
2025-04-23 19:37:00,252.6232623222456,245.44876824028455,0.0,0.009300000000000001,0.0,23.030589618682995,23.030589618682995
2025-04-23 19:38:00,252.1531185227442,245.19885836127463,0.0,0.009300000000000001,0.0,22.923941180553946,22.923941180553946
2025-04-23 19:39:00,251.64459580937276,244.8910156046963,0.0,0.009300000000000001,0.0,22.808645547965966,22.808645547965966
2025-04-23 19:40:00,251.0991627729049,244.52241896408572,0.0,0.009300000000000001,0.0,22.68505014508331,22.68505014508331
2025-04-23 19:41:00,250.51825781501844,244.0902172438833,0.0,0.009300000000000001,0.0,22.553496190650982,22.553496190650982
2025-04-23 19:42:00,249.90328881990632,243.5915287310445,0.0,0.009300000000000001,0.0,22.41431856478123,22.41431856478123
2025-04-23 19:43:00,249.25563291986222,243.0234409606256,0.0,0.009300000000000001,0.0,22.267845702041747,22.267845702041747
2025-04-23 19:44:00,248.57663634799542,242.38301056849843,0.0,0.009300000000000001,0.0,22.114399508644162,22.114399508644162
2025-04-23 19:45:00,247.86761437161965,241.66726322473932,0.0,0.009300000000000001,0.0,21.954295301697734,21.954295301697734
2025-04-23 19:46:00,247.12985130023796,240.87319364161382,0.0,0.009300000000000001,0.0,21.78784176864657,21.78784176864657
2025-04-23 19:47:00,246.3646005624104,239.99776565044462,0.0,0.009300000000000001,0.0,21.615340945154603,21.615340945154603
2025-04-23 19:48:00,245.57308484614077,239.03791234199804,0.0,0.009300000000000001,0.0,21.437088209832677,21.437088209832677
2025-04-23 19:49:00,244.75649629775722,237.99053626536477,0.0,0.009300000000000001,0.0,21.253372294328514,21.253372294328514
2025-04-23 19:50:00,243.9159967745848,236.8525096806325,0.0,0.009300000000000001,0.0,21.064475307413716,21.064475307413716
2025-04-23 19:51:00,243.05271814701834,235.62067486095853,0.0,0.009300000000000001,0.0,20.87067277180788,20.87067277180788
2025-04-23 19:52:00,242.16776264590172,234.2918444399494,0.0,0.009300000000000001,0.0,20.672233672579907,20.672233672579907
2025-04-23 19:53:00,241.2622032514048,232.86280180053745,0.0,0.009300000000000001,0.0,20.469420516057234,20.469420516057234
2025-04-23 19:54:00,240.33708411986083,231.33030150181858,0.0,0.009300000000000001,0.0,20.26248939825761,20.26248939825761
2025-04-23 19:55:00,239.39342104528802,229.6910697405735,0.0,0.009300000000000001,0.0,20.051690081938943,20.051690081938943
2025-04-23 19:56:00,238.43220195256794,227.94180484444638,0.0,0.009300000000000001,0.0,19.83726608143266,19.83726608143266
2025-04-23 19:57:00,237.45438741949107,226.07917779399023,0.0,0.009300000000000001,0.0,19.619454754496,19.619454754496
2025-04-23 19:58:00,236.46091122510745,224.0998327710177,0.0,0.009300000000000001,0.0,19.398487400479635,19.398487400479635
2025-04-23 19:59:00,235.4526809220384,223.3951285436419,0.0,0.009300000000000001,0.0,19.174589364165747,19.174589364165747
2025-04-23 20:00:00,234.43057843061317,222.759277556748,0.0,0.009300000000000001,0.0,18.947980144685733,18.947980144685733
2025-04-23 20:01:00,233.39546065289503,222.18539714957456,0.0,0.009300000000000001,0.0,18.718873508976174,18.718873508976174
2025-04-23 20:02:00,232.34816010485366,221.66658027526648,0.0,0.009300000000000001,0.0,18.48747760927883,18.48747760927883
2025-04-23 20:03:00,231.2894855651247,221.19589614963473,0.0,0.009300000000000001,0.0,18.25399510423433,18.25399510423433
2025-04-23 20:04:00,230.22022273897787,220.76639091512428,0.0,0.009300000000000001,0.0,18.01862328315835,18.01862328315835
2025-04-23 20:05:00,229.14113493628696,220.37108831878416,0.0,0.009300000000000001,0.0,17.781554193128514,17.781554193128514
2025-04-23 20:06:00,228.05296376246497,220.00299040320266,0.0,0.009300000000000001,0.0,17.542974768545463,17.542974768545463
2025-04-23 20:07:00,226.95642982149158,219.65507820953468,0.0,0.009300000000000001,0.0,17.303066962865255,17.303066962865255
2025-04-23 20:08:00,225.85223343032348,219.32031249191226,0.0,0.009300000000000001,0.0,17.06200788223191,17.06200788223191
2025-04-23 20:09:00,224.74105534413792,218.99163444268783,0.0,0.009300000000000001,0.0,16.819969920770564,16.819969920770564
2025-04-23 20:10:00,223.62355749201993,218.66196642812176,0.0,0.009300000000000001,0.0,16.577120897329255,16.577120897329255
2025-04-23 20:11:00,222.50038372286363,218.32421273428338,0.0,0.009300000000000001,0.0,16.3336241934875,16.3336241934875
2025-04-23 20:12:00,221.37216056142063,217.9712603230996,0.0,0.009300000000000001,0.0,16.089638892676085,16.089638892676085
2025-04-23 20:13:00,220.2394979745929,217.59597959864766,0.0,0.009300000000000001,0.0,15.845319920280964,15.845319920280964
2025-04-23 20:14:00,219.10299014823633,217.1912251839587,0.0,0.009300000000000001,0.0,15.600818184630334,15.600818184630334
2025-04-23 20:15:00,217.96321627491795,216.749836708775,0.0,0.009300000000000001,0.0,15.356280718792,15.356280718792
2025-04-23 20:16:00,216.8207413532501,216.2646396088842,0.0,0.009300000000000001,0.0,15.111850823135384,15.111850823135384
2025-04-23 20:17:00,215.6761169996193,215.72844593784808,0.0,0.009300000000000001,0.0,14.867668208641758,14.867668208641758
2025-04-23 20:18:00,214.5298822733284,215.13405519214476,0.0,0.009300000000000001,0.0,14.623869140975208,14.623869140975208
2025-04-23 20:19:00,213.38256451638875,214.47425515096083,0.0,0.009300000000000001,0.0,14.380586585358744,14.380586585358744
2025-04-23 20:20:00,212.23468020943008,213.74182273210133,0.0,0.009300000000000001,0.0,14.137950352331657,14.137950352331657
2025-04-23 20:21:00,211.08673584544593,212.929524865735,0.0,0.009300000000000001,0.0,13.896087244501185,13.896087244501185
2025-04-23 20:22:00,209.93922882336298,212.03011938796388,0.0,0.009300000000000001,0.0,13.655121204437211,13.655121204437211
2025-04-23 20:23:00,208.79264836371647,211.03635595649837,0.0,0.009300000000000001,0.0,13.415173463900887,13.415173463900887
2025-04-23 20:24:00,207.6474764490344,209.94097699104185,0.0,0.009300000000000001,0.0,13.176362694641746,13.176362694641746
2025-04-23 20:25:00,206.50418879188257,208.7367186413353,0.0,0.009300000000000001,0.0,12.938805161045586,12.938805161045586
2025-04-23 20:26:00,205.36325583390573,207.41631178619875,0.0,0.009300000000000001,0.0,12.702614874968756,12.702614874968756
2025-04-23 20:27:00,204.225143779619,205.97248306732263,0.0,0.009300000000000001,0.0,12.467903753151393,12.467903753151393
2025-04-23 20:28:00,203.09031566916227,204.39795596202205,0.0,0.009300000000000001,0.0,12.234781777664931,12.234781777664931
2025-04-23 20:29:00,201.9592324947309,202.6905232868003,0.0,0.009300000000000001,0.0,12.003357159917867,12.003357159917867
2025-04-23 20:30:00,200.83235436594316,200.86826252411396,0.0,0.009300000000000001,0.0,11.77373650881864,11.77373650881864
2025-04-23 20:31:00,199.71014172999648,198.9543228811315,0.0,0.009300000000000001,0.0,11.546025003775576,11.546025003775576
2025-04-23 20:32:00,198.59305504097063,196.97185357190364,0.0,0.009300000000000001,0.0,11.320326248291867,11.320326248291867
2025-04-23 20:33:00,197.4815348216605,194.94398387919628,0.0,0.009300000000000001,0.0,11.096738189611754,11.096738189611754
2025-04-23 20:34:00,196.37601404018685,192.89383553110116,0.0,0.009300000000000001,0.0,10.875355603643392,10.875355603643392
2025-04-23 20:35:00,195.27693551161354,190.84454010265316,0.0,0.009300000000000001,0.0,10.656273515277936,10.656273515277936
2025-04-23 20:36:00,194.18475336513274,188.81924048301536,0.0,0.009300000000000001,0.0,10.43958736859594,10.43958736859594
2025-04-23 20:37:00,193.0999343740978,186.84109220551218,0.0,0.009300000000000001,0.0,10.225393159980218,10.225393159980218
2025-04-23 20:38:00,192.02295946215222,184.93326495375803,0.0,0.009300000000000001,0.0,10.01378759642505,10.01378759642505
2025-04-23 20:39:00,190.95432538208254,183.1189442405105,0.0,0.009300000000000001,0.0,9.804868277258604,9.804868277258604
2025-04-23 20:40:00,189.89454656909905,181.4213332609508,0.0,0.009300000000000001,0.0,9.598733898535567,9.598733898535567
2025-04-23 20:41:00,188.8441571734173,179.86365492526556,0.0,0.009300000000000001,0.0,9.395484480007791,9.395484480007791
2025-04-23 20:42:00,187.8037132786566,178.469154077045,0.0,0.009300000000000001,0.0,9.195221614934788,9.195221614934788
2025-04-23 20:43:00,186.77379531279394,177.2610999042371,0.0,0.009300000000000001,0.0,8.998048743090472,8.998048743090472
2025-04-23 20:44:00,185.75501065711694,176.25661817532637,0.0,0.009300000000000001,0.0,8.80407144716046,8.80407144716046
2025-04-23 20:45:00,184.74799645550937,175.44818293029658,0.0,0.009300000000000001,0.0,8.613397772271341,8.613397772271341
2025-04-23 20:46:00,183.75342262096774,174.82213060547028,0.0,0.009300000000000001,0.0,8.426138567578324,8.426138567578324
2025-04-23 20:47:00,182.77199502775247,174.36483359843373,0.0,0.009300000000000001,0.0,8.24240784756046,8.24240784756046
2025-04-23 20:48:00,181.80445886501892,174.0627036216683,0.0,0.009300000000000001,0.0,8.062323168787241,8.062323168787241
2025-04-23 20:49:00,180.85160210985302,173.9021951755858,0.0,0.009300000000000001,0.0,7.886006015242434,7.886006015242434
2025-04-23 20:50:00,179.91425905274144,173.8698090739989,0.0,0.009300000000000001,0.0,7.713582181590328,7.713582181590328
2025-04-23 20:51:00,178.99331377473248,173.95209592128177,0.0,0.009300000000000001,0.0,7.545182138785092,7.545182138785092
2025-04-23 20:52:00,178.0897034308124,174.13565939574664,0.0,0.009300000000000001,0.0,7.380941359868603,7.380941359868603
2025-04-23 20:53:00,177.20442113634303,174.40715913608128,0.0,0.009300000000000001,0.0,7.22100057543128,7.22100057543128
2025-04-23 20:54:00,176.3385181814038,174.75331295569103,0.0,0.009300000000000001,0.0,7.0655059178842015,7.0655059178842015
2025-04-23 20:55:00,175.49310521166916,175.1608980235763,0.0,0.009300000000000001,0.0,6.914608901523582,6.914608901523582
2025-04-23 20:56:00,174.66935191700534,175.61675055292926,0.0,0.009300000000000001,0.0,6.768466171939796,6.768466171939796
2025-04-23 20:57:00,173.86848466794635,176.1077634376098,0.0,0.009300000000000001,0.0,6.62723894493602,6.62723894493602
2025-04-23 20:58:00,173.09178145005512,176.62088118650686,0.0,0.009300000000000001,0.0,6.49109204410979,6.49109204410979
2025-04-23 20:59:00,172.34056338984456,177.14530287564548,0.0,0.009300000000000001,0.0,6.36019244117907,6.36019244117907
2025-04-23 21:00:00,171.61618217491832,177.6791038468863,0.0,0.009300000000000001,0.0,6.234707208717445,6.234707208717445
2025-04-23 21:01:00,170.92000278193527,178.22258415733148,0.0,0.009300000000000001,0.0,6.114800816434417,6.114800816434417
2025-04-23 21:02:00,170.2533811720494,178.77603484857818,0.0,0.009300000000000001,0.0,6.000631743797254,6.000631743797254
2025-04-23 21:03:00,169.61763701020982,179.33971066601885,0.0,0.009300000000000001,0.0,5.8923484448377685,5.8923484448377685
2025-04-23 21:04:00,169.01402199372825,179.91379838740835,0.0,0.009300000000000001,0.0,5.790084781101237,5.790084781101237
2025-04-23 21:05:00,168.44368497314218,180.49838194372745,0.0,0.009300000000000001,0.0,5.693955124701263,5.693955124701263
2025-04-23 21:06:00,167.90763560886873,181.09340607583653,0.0,0.009300000000000001,0.0,5.60404940837487,5.60404940837487
2025-04-23 21:07:00,167.40670870613076,181.69864066940164,0.0,0.009300000000000001,0.0,5.520428444727489,5.520428444727489
2025-04-23 21:08:00,166.94153150422522,182.31364804416302,0.0,0.009300000000000001,0.0,5.443119838616266,5.443119838616266
2025-04-23 21:09:00,166.51249601920273,182.9377552966145,0.0,0.009300000000000001,0.0,5.3721147711876664,5.3721147711876664
2025-04-23 21:10:00,166.119738083216,183.57003333935205,0.0,0.009300000000000001,0.0,5.307365849968392,5.307365849968392
2025-04-23 21:11:00,165.76312408628013,184.20928364283398,0.0,0.009300000000000001,0.0,5.2487861143981105,5.2487861143981105
2025-04-23 21:12:00,165.44224573439047,184.8540329934989,0.0,0.009300000000000001,0.0,5.196249181135761,5.196249181135761
2025-04-23 21:13:00,165.15642250937668,185.5025359536197,0.0,0.009300000000000001,0.0,5.149590425867187,5.149590425867187
2025-04-23 21:14:00,164.90471102987786,186.1520031961537,0.0,0.009300000000000001,0.0,5.108609038363937,5.108609038363937
2025-04-23 21:15:00,164.6859202018105,186.79627357683523,0.0,0.009300000000000001,0.0,5.073070757430353,5.073070757430353
2025-04-23 21:16:00,164.49863090353642,187.4281768977191,0.0,0.009300000000000001,0.0,5.04271108830617,5.04271108830617
2025-04-23 21:17:00,164.34121894412286,188.04033789156534,0.0,0.009300000000000001,0.0,5.017238820039662,5.017238820039662
2025-04-23 21:18:00,164.21188012192553,188.62520128042257,0.0,0.009300000000000001,0.0,4.996339686656957,4.996339686656957
2025-04-23 21:19:00,164.1086563562026,189.1750579072418,0.0,0.009300000000000001,0.0,4.979680047004642,4.979680047004642
2025-04-23 21:20:00,164.02946203499525,189.6820710837571,0.0,0.009300000000000001,0.0,4.966910489086043,4.966910489086043
2025-04-23 21:21:00,163.97210989561867,190.13830247097658,0.0,0.009300000000000001,0.0,4.957669292527353,4.957669292527353
2025-04-23 21:22:00,163.9343359157026,190.53573697022279,0.0,0.009300000000000001,0.0,4.9515857060067106,4.9515857060067106
2025-04-23 21:23:00,163.91382283528998,190.86630624523156,0.0,0.009300000000000001,0.0,4.948283014662259,4.948283014662259
2025-04-23 21:24:00,163.90822205116285,191.1219106164778,0.0,0.009300000000000001,0.0,4.947381385956599,4.947381385956599
2025-04-23 21:25:00,163.91517372336514,191.29443916769833,0.0,0.009300000000000001,0.0,4.948500491877313,4.948500491877313
2025-04-23 21:26:00,163.93232501254352,191.37578798323267,0.0,0.009300000000000001,0.0,4.951261911487821,4.951261911487821
2025-04-23 21:27:00,163.95734642772047,191.3578764957962,0.0,0.009300000000000001,0.0,4.955291321501629,4.955291321501629
2025-04-23 21:28:00,163.9879463101739,191.2326619703597,0.0,0.009300000000000001,0.0,4.9602204844357916,4.9602204844357916
2025-04-23 21:29:00,164.02188351285008,190.9942384751092,0.0,0.009300000000000001,0.0,4.9656890445890935,4.9656890445890935
2025-04-23 21:30:00,164.05697835856265,190.64510671428587,0.0,0.009300000000000001,0.0,4.971346142039453,4.971346142039453
2025-04-23 21:31:00,164.0911219761803,190.1899244897328,0.0,0.009300000000000001,0.0,4.9768518543998725,4.9768518543998725
2025-04-23 21:32:00,164.12228412380816,189.63342823252947,0.0,0.009300000000000001,0.0,4.981878475446054,4.981878475446054
2025-04-23 21:33:00,164.14851961304385,188.98043942724794,0.0,0.009300000000000001,0.0,4.9861116390841955,4.9861116390841955
2025-04-23 21:34:00,164.16797344988515,188.23586975286042,0.0,0.009300000000000001,0.0,4.989251296554337,4.989251296554337
2025-04-23 21:35:00,164.17888480670487,187.40472505471408,0.0,0.009300000000000001,0.0,4.991012554305992,4.991012554305992
2025-04-23 21:36:00,164.1795899366154,186.49210825889574,0.0,0.009300000000000001,0.0,4.991126379652264,4.991126379652264
2025-04-23 21:37:00,164.16852413708847,185.50322133585152,0.0,0.009300000000000001,0.0,4.989340181095288,4.989340181095288
2025-04-23 21:38:00,164.1442228643238,184.44336641475556,0.0,0.009300000000000001,0.0,4.985418270104681,4.985418270104681
2025-04-23 21:39:00,164.10532209390757,183.31794614416842,0.0,0.009300000000000001,0.0,4.979142211091825,4.979142211091825
2025-04-23 21:40:00,164.05055801703526,182.13246338826002,0.0,0.009300000000000001,0.0,4.970311066331842,4.970311066331842
2025-04-23 21:41:00,163.97876615518578,180.89252034148362,0.0,0.009300000000000001,0.0,4.958741542619848,4.958741542619848
2025-04-23 21:42:00,163.8888799697742,179.60381713822875,0.0,0.009300000000000001,0.0,4.944268046482668,4.944268046482668
2025-04-23 21:43:00,163.77992903708332,178.2721500277526,0.0,0.009300000000000001,0.0,4.92674265478941,4.92674265478941
2025-04-23 21:44:00,163.6510368527593,176.9042900635916,0.0,0.009300000000000001,0.0,4.90603500759737,4.90603500759737
2025-04-23 21:45:00,163.50141832440366,175.5106232509014,0.0,0.009300000000000001,0.0,4.88203213002934,4.88203213002934
2025-04-23 21:46:00,163.33037700534058,174.1025051254761,0.0,0.009300000000000001,0.0,4.854638189894792,4.854638189894792
2025-04-23 21:47:00,163.13730211749981,172.69137689171544,0.0,0.009300000000000001,0.0,4.823774197644697,4.823774197644697
2025-04-23 21:48:00,162.92166540655015,171.28876227775817,0.0,0.009300000000000001,0.0,4.789377655081573,4.789377655081573
2025-04-23 21:49:00,162.68301786793626,169.9062642615189,0.0,0.009300000000000001,0.0,4.751402159043561,4.751402159043561
2025-04-23 21:50:00,162.4209863783211,168.5555617021306,0.0,0.009300000000000001,0.0,4.709816966040274,4.709816966040274
2025-04-23 21:51:00,162.13527026309714,167.24840590745572,0.0,0.009300000000000001,0.0,4.66460652354905,4.66460652354905
2025-04-23 21:52:00,161.82563782710005,165.99661716479983,0.0,0.009300000000000001,0.0,4.61576997338622,4.61576997338622
2025-04-23 21:53:00,161.49192287241652,164.81208125871964,0.0,0.009300000000000001,0.0,4.563320632255251,4.563320632255251
2025-04-23 21:54:00,161.13402122421553,163.70674599685407,0.0,0.009300000000000001,0.0,4.507285454246999,4.507285454246999
2025-04-23 21:55:00,160.75188728282768,162.69261776200372,0.0,0.009300000000000001,0.0,4.447704479732969,4.447704479732969
2025-04-23 21:56:00,160.34556142593274,161.7817889143183,0.0,0.009300000000000001,0.0,4.384635045612205,4.384635045612205
2025-04-23 21:57:00,159.91558487395983,160.9868526566969,0.0,0.009300000000000001,0.0,4.318215541213861,4.318215541213861
2025-04-23 21:58:00,159.46280504332532,160.32070838802585,0.0,0.009300000000000001,0.0,4.248633651083683,4.248633651083683
2025-04-23 21:59:00,158.98805169455673,159.7917188074368,0.0,0.009300000000000001,0.0,4.176075558908225,4.176075558908225
2025-04-23 22:00:00,158.49213396789554,159.39014981831178,0.0,0.009300000000000001,0.0,4.100725321051229,4.100725321051229
2025-04-23 22:01:00,157.975844201097,159.10173147768083,0.0,0.009300000000000001,0.0,4.022765292986566,4.022765292986566
2025-04-23 22:02:00,157.43996069449938,158.91217980515688,0.0,0.009300000000000001,0.0,3.942376391178233,3.942376391178233
2025-04-23 22:03:00,156.88524969764077,158.80719876955277,0.0,0.009300000000000001,0.0,3.8597382341945323,3.8597382341945323
2025-04-23 22:04:00,156.3124668167999,158.77248169642198,0.0,0.009300000000000001,0.0,3.77502919490621,3.77502919490621
2025-04-23 22:05:00,155.7223579893161,158.7937122423785,0.0,0.009300000000000001,0.0,3.688426387086157,3.688426387086157
2025-04-23 22:06:00,155.11566013216023,158.85656504366796,0.0,0.009300000000000001,0.0,3.6001056036112193,3.6001056036112193
2025-04-23 22:07:00,154.49310154458436,158.94670611881716,0.0,0.009300000000000001,0.0,3.510241219064194,3.510241219064194
2025-04-23 22:08:00,153.85540212466765,159.04979308517994,0.0,0.009300000000000001,0.0,3.4190060663488495,3.4190060663488495
2025-04-23 22:09:00,153.20327344500694,159.15147523462792,0.0,0.009300000000000001,0.0,3.3265712946149084,3.3265712946149084
2025-04-23 22:10:00,152.53741872211734,159.23739350295088,0.0,0.009300000000000001,0.0,3.233106214092088,3.233106214092088
2025-04-23 22:11:00,151.85853270621507,159.29318035963982,0.0,0.009300000000000001,0.0,3.1387781321791266,3.1387781321791266
2025-04-23 22:12:00,151.16730151216592,159.3044596388352,0.0,0.009300000000000001,0.0,3.0437521841979427,3.0437521841979427
2025-04-23 22:13:00,150.46440240794877,159.25684632779067,0.0,0.009300000000000001,0.0,2.9481911615183436,2.9481911615183436
2025-04-23 22:14:00,149.75050357360368,159.13594632582098,0.0,0.009300000000000001,0.0,2.852255339220026,2.852255339220026
2025-04-23 22:15:00,149.02626384102987,158.92735618410006,0.0,0.009300000000000001,0.0,2.7561023050423357,2.7561023050423357
2025-04-23 22:16:00,148.29233242296488,158.61666283464024,0.0,0.009300000000000001,0.0,2.659886791045439,2.659886791045439
2025-04-23 22:17:00,147.54934863786963,158.1894433151771,0.0,0.009300000000000001,0.0,2.5637605091470865,2.5637605091470865
2025-04-23 22:18:00,146.79794163615625,157.63126449539755,0.0,0.009300000000000001,0.0,2.46787199148915,2.46787199148915
2025-04-23 22:19:00,146.0387301321541,156.9276828089056,0.0,0.009300000000000001,0.0,2.372366436416778,2.372366436416778
2025-04-23 22:20:00,145.27232214535462,156.0642439944675,0.0,0.009300000000000001,0.0,2.2773855607115783,2.2773855607115783
2025-04-23 22:21:00,144.49931475376994,155.02648284937,0.0,0.009300000000000001,0.0,2.183067458600993,2.183067458600993
2025-04-23 22:22:00,143.72029386165008,153.79992299713794,0.0,0.009300000000000001,0.0,2.0895464679659987,2.0895464679659987
2025-04-23 22:23:00,142.93583398330836,152.37007667135933,0.0,0.009300000000000001,0.0,1.996953044083798,1.996953044083798
2025-04-23 22:24:00,142.14649804438577,150.72244451694988,0.0,0.009300000000000001,0.0,1.9054136411690004,1.9054136411690004
2025-04-23 22:25:00,141.35283720152964,148.84251540983166,0.0,0.009300000000000001,0.0,1.8150506019132748,1.8150506019132748
2025-04-23 22:26:00,140.55539068115962,146.715766295699,0.0,0.009300000000000001,0.0,1.7259820551694636,1.7259820551694636
2025-04-23 22:27:00,139.75468563773546,144.32766204828644,0.0,0.009300000000000001,0.0,1.638321821878165,1.638321821878165
2025-04-23 22:28:00,138.951237031723,141.66365534733447,0.0,0.009300000000000001,0.0,1.5521793292938653,1.5521793292938653
2025-04-23 22:29:00,138.14554752726647,142.49295933349254,0.0,0.009300000000000001,0.0,1.4676595335322133,1.4676595335322133
2025-04-23 22:30:00,137.33810740941763,143.13384624573783,0.0,0.009300000000000001,0.0,1.3848628504281186,1.3848628504281186
2025-04-23 22:31:00,136.52939452063862,143.59643585942933,0.0,0.009300000000000001,0.0,1.303885094668181,1.303885094668181
2025-04-23 22:32:00,135.71987421618317,143.89083546271755,0.0,0.009300000000000001,0.0,1.2248174271367078,1.2248174271367078
2025-04-23 22:33:00,134.90999933786696,144.02713983031504,0.0,0.009300000000000001,0.0,1.1477463103945231,1.1477463103945231
2025-04-23 22:34:00,134.10021020566222,144.0154312150908,0.0,0.009300000000000001,0.0,1.072753472192029,1.072753472192029
2025-04-23 22:35:00,133.29093462648848,143.86577935686125,0.0,0.009300000000000001,0.0,0.9999158769026408,0.9999158769026408
2025-04-23 22:36:00,132.48258791952273,143.5882415077002,0.0,0.009300000000000001,0.0,0.9293057047494728,0.9293057047494728
2025-04-23 22:37:00,131.67557295731308,143.19286247305251,0.0,0.009300000000000001,0.0,0.8609903386868358,0.8609903386868358
2025-04-23 22:38:00,130.87028022195219,142.68967466790775,0.0,0.009300000000000001,0.0,0.7950323587882024,0.7950323587882024
2025-04-23 22:39:00,130.06708787554697,142.08869818726964,0.0,0.009300000000000001,0.0,0.7314895439839753,0.7314895439839753
2025-04-23 22:40:00,129.2663618442077,141.39994089014525,0.0,0.009300000000000001,0.0,0.6704148809849666,0.6704148809849666
2025-04-23 22:41:00,128.4684559147748,140.63339849627184,0.0,0.009300000000000001,0.0,0.6118565802214233,0.6118565802214233
2025-04-23 22:42:00,127.67371184350084,139.79905469479883,0.0,0.009300000000000001,0.0,0.5558580986219475,0.5558580986219475
2025-04-23 22:43:00,126.88245947590943,138.90688126414662,0.0,0.009300000000000001,0.0,0.5024581690520185,0.5024581690520185
2025-04-23 22:44:00,126.09501687706276,137.96683820227423,0.0,0.009300000000000001,0.0,0.4516908362279904,0.4516908362279904
2025-04-23 22:45:00,125.31169047148012,136.98887386659783,0.0,0.009300000000000001,0.0,0.40358549891854456,0.40358549891854456
2025-04-23 22:46:00,124.53277519196655,135.9829251228192,0.0,0.009300000000000001,0.0,0.3581669582429774,0.3581669582429774
2025-04-23 22:47:00,123.75855463662755,134.95891750194073,0.0,0.009300000000000001,0.0,0.3154554718726167,0.3154554718726167
2025-04-23 22:48:00,122.98930123336636,133.92676536476247,0.0,0.009300000000000001,0.0,0.2754668139393857,0.2754668139393857
2025-04-23 22:49:00,122.22527641118155,132.8963720731798,0.0,0.009300000000000001,0.0,0.23821234045325226,0.23821234045325226
2025-04-23 22:50:00,121.46673077760553,131.877630167622,0.0,0.009300000000000001,0.0,0.20369906002839802,0.20369906002839802
2025-04-23 22:51:00,120.71390430164885,130.88042154999636,0.0,0.009300000000000001,0.0,0.17192970971581276,0.17192970971581276
2025-04-23 22:52:00,119.96702650163935,129.91461767152762,0.0,0.009300000000000001,0.0,0.14290283573844392,0.14290283573844392
2025-04-23 22:53:00,119.2263166373713,128.99007972490685,0.0,0.009300000000000001,0.0,0.11661287892329121,0.11661287892329121
2025-04-23 22:54:00,118.49198390600398,128.11665884019015,0.0,0.009300000000000001,0.0,0.0930502646230712,0.0930502646230712
2025-04-23 22:55:00,117.76422764117639,127.30419628391337,0.0,0.009300000000000001,0.0,0.07220149691861535,0.07220149691861535
2025-04-23 22:56:00,117.04323751482889,126.56252366091368,0.0,0.009300000000000001,0.0,0.054049256891635915,0.054049256891635915
2025-04-23 22:57:00,116.32919374124933,125.90146311837574,0.0,0.009300000000000001,0.0,0.03857250475585235,0.03857250475585235
2025-04-23 22:58:00,115.62226728288573,125.33082755164443,0.0,0.009300000000000001,0.0,0.025746585633187286,0.025746585633187286
2025-04-23 22:59:00,114.92262005749285,124.85667875630674,0.0,0.009300000000000001,0.0,0.015543338760193313,0.015543338760193313
2025-04-23 23:00:00,114.23040514620405,124.47010147106998,0.0,0.009300000000000001,0.0,0.007931209908598462,0.007931209908598462
2025-04-23 23:01:00,113.54576700214405,124.15842975156829,0.0,0.009300000000000001,0.0,0.0028753668025325732,0.0028753668025325732
2025-04-23 23:02:00,112.86884165922132,123.90898923421952,0.0,0.009300000000000001,0.0,0.00033781731380802765,0.00033781731380802765
2025-04-23 23:03:00,112.19975694076135,123.70909734485855,0.0,0.009300000000000001,0.0002775302155192832,0.0,0.0002775302155192832
2025-04-23 23:04:00,111.5386326676643,123.54606350689494,0.0,0.009300000000000001,0.0026505582732136252,0.0,0.0026505582732136252
2025-04-23 23:05:00,110.8855808657916,123.40718934869949,0.0,0.009300000000000001,0.007410163452049918,0.0,0.007410163452049918
2025-04-23 23:06:00,110.24070597230649,123.27976890994485,0.0,0.009300000000000001,0.014506944017641844,0.0,0.014506944017641844
2025-04-23 23:07:00,109.6041050407135,123.15108884664494,0.0,0.009300000000000001,0.023888963307741283,0.0,0.023888963307741283
2025-04-23 23:08:00,108.97586794436084,123.00842863465735,0.0,0.009300000000000001,0.03550187995161589,0.0,0.03550187995161589
2025-04-23 23:09:00,108.35607757818755,122.83906077143052,0.0,0.009300000000000001,0.04928907931380414,0.0,0.04928907931380414
2025-04-23 23:10:00,107.74481005851524,122.63025097579546,0.0,0.009300000000000001,0.06519180593911333,0.0,0.06519180593911333
2025-04-23 23:11:00,107.14213492070078,122.36925838561842,0.0,0.009300000000000001,0.0831492967760327,0.0,0.0831492967760327
2025-04-23 23:12:00,106.548115314482,122.04333575314661,0.0,0.009300000000000001,0.10309891495647663,0.0,0.10309891495647663
2025-04-23 23:13:00,105.9628081968641,121.63972963789463,0.0,0.009300000000000001,0.1249762839106836,0.0,0.1249762839106836
2025-04-23 23:14:00,105.38626452240857,121.14988908641736,0.0,0.009300000000000001,0.14871542159734805,0.0,0.14871542159734805
2025-04-23 23:15:00,104.8185294308005,120.58209128832917,0.0,0.009300000000000001,0.1742488746307849,0.0,0.1742488746307849
2025-04-23 23:16:00,104.25964243158298,119.94881629258644,0.0,0.009300000000000001,0.20150785208873917,0.0,0.20150785208873917
2025-04-23 23:17:00,103.70963758595963,119.2625386998061,0.0,0.009300000000000001,0.23042235878692865,0.0,0.23042235878692865
2025-04-23 23:18:00,103.16854368557841,118.53572784104938,0.0,0.009300000000000001,0.2609213278090074,0.0,0.2609213278090074
2025-04-23 23:19:00,102.63638442822025,117.78084795351047,0.0,0.009300000000000001,0.29293275208383424,0.0,0.29293275208383424
2025-04-23 23:20:00,102.1131785903271,117.01035835304464,0.0,0.009300000000000001,0.3263838148052772,0.0,0.3263838148052772
2025-04-23 23:21:00,101.5989401963133,116.23671360347949,0.0,0.009300000000000001,0.3612010184938214,0.0,0.3612010184938214
2025-04-23 23:22:00,101.09367868461388,115.47236368266337,0.0,0.009300000000000001,0.39731031250348486,0.0,0.39731031250348486
2025-04-23 23:23:00,100.59739907043168,114.72975414521237,0.0,0.009300000000000001,0.43463721878221734,0.0,0.43463721878221734
2025-04-23 23:24:00,100.1101021051535,114.02132628192659,0.0,0.009300000000000001,0.47310695569911404,0.0,0.47310695569911404
2025-04-23 23:25:00,99.63178443241294,113.35951727585292,0.0,0.009300000000000001,0.5126445597571925,0.0,0.5126445597571925
2025-04-23 23:26:00,99.1624387407849,112.75676035497953,0.0,0.009300000000000001,0.5531750050166186,0.0,0.5531750050166186
2025-04-23 23:27:00,98.70205391310334,112.22548494155367,0.0,0.009300000000000001,0.5946233200591848,0.0,0.5946233200591848
2025-04-23 23:28:00,98.25061517239952,111.77811679801991,0.0,0.009300000000000001,0.6369147023318733,0.0,0.6369147023318733
2025-04-23 23:29:00,97.80810422446464,111.42254507119476,0.0,0.009300000000000001,0.6799746297140375,0.0,0.6799746297140375
2025-04-23 23:30:00,97.37449939704523,111.14852313629824,0.0,0.009300000000000001,0.7237289691605178,0.0,0.7237289691605178
2025-04-23 23:31:00,96.94977577568486,110.94126802795947,0.0,0.009300000000000001,0.7681040822801445,0.0,0.7681040822801445
2025-04-23 23:32:00,96.5339053362306,110.78599367111109,0.0,0.009300000000000001,0.8130269277176866,0.0,0.8130269277176866
2025-04-23 23:33:00,96.12685707402609,110.66791101018224,0.0,0.009300000000000001,0.858425160215138,0.0,0.858425160215138
2025-04-23 23:34:00,95.72859712981784,110.57222813500499,0.0,0.009300000000000001,0.904227226237062,0.0,0.904227226237062
2025-04-23 23:35:00,95.33908891240398,110.48415040346302,0.0,0.009300000000000001,0.9503624560533324,0.0,0.9503624560533324
2025-04-23 23:36:00,94.95829321805856,110.38888056091592,0.0,0.009300000000000001,0.9967611521818849,0.0,0.9967611521818849
2025-04-23 23:37:00,94.58616834676705,110.27161885643471,0.0,0.009300000000000001,1.0433546741027697,0.0,1.0433546741027697
2025-04-23 23:38:00,94.22267021531142,110.1175631558869,0.0,0.009300000000000001,1.0900755191648415,0.0,1.0900755191648415
2025-04-23 23:39:00,93.86775246724565,109.911909051912,0.0,0.009300000000000001,1.1368573996152278,0.0,1.1368573996152278
2025-04-23 23:40:00,93.5213665798043,109.63984997083011,0.0,0.009300000000000001,1.1836353156916075,0.0,1.1836353156916075
2025-04-23 23:41:00,93.18346196778927,109.28657727652872,0.0,0.009300000000000001,1.23034562472696,0.0,1.23034562472696
2025-04-23 23:42:00,92.85398608448102,108.83728037137378,0.0,0.009300000000000001,1.2769261062258244,0.0,1.2769261062258244
2025-04-23 23:43:00,92.5328845196221,108.27714679419341,0.0,0.009300000000000001,1.3233160228810803,0.0,1.3233160228810803
2025-04-23 23:44:00,92.2201010945225,107.59799274660986,0.0,0.009300000000000001,1.369456177509412,0.0,1.369456177509412
2025-04-23 23:45:00,91.91557795433688,106.818154478997,0.0,0.009300000000000001,1.4152889658937462,0.0,1.4152889658937462
2025-04-23 23:46:00,91.61925565756508,105.96259708630058,0.0,0.009300000000000001,1.4607584255295138,0.0,1.4607584255295138
2025-04-23 23:47:00,91.331073262828,105.05628416358743,0.0,0.009300000000000001,1.5058102802817754,0.0,1.5058102802817754
2025-04-23 23:48:00,91.05096841297144,104.12417789014928,0.0,0.009300000000000001,1.5503919809685254,0.0,1.5503919809685254
2025-04-23 23:49:00,90.77887741655111,103.19123911098777,0.0,0.009300000000000001,1.594452741895152,0.0,1.594452741895152
2025-04-23 23:50:00,90.51473532675244,102.28242741573423,0.0,0.009300000000000001,1.6379435733728995,0.0,1.6379435733728995
2025-04-23 23:51:00,90.25847601779896,101.42270121505814,0.0,0.009300000000000001,1.6808173102634343,0.0,1.6808173102634343
2025-04-23 23:52:00,90.0100322589029,100.63701781461765,0.0,0.009300000000000001,1.7230286365990835,0.0,1.7230286365990835
2025-04-23 23:53:00,89.76933578581271,99.95033348660714,0.0,0.009300000000000001,1.7645341063364992,0.0,1.7645341063364992
2025-04-23 23:54:00,89.53631737001056,99.38760353895468,0.0,0.009300000000000001,1.8052921603090897,0.0,1.8052921603090897
2025-04-23 23:55:00,89.31090688561419,98.97378238222396,0.0,0.009300000000000001,1.8452631394503516,0.0,1.8452631394503516
2025-04-23 23:56:00,89.09303337403645,98.73382359427374,0.0,0.009300000000000001,1.8844092943674875,0.0,1.8844092943674875
2025-04-23 23:57:00,88.88262510645583,98.69267998272846,0.0,0.009300000000000001,1.9226947913507484,0.0,1.9226947913507484
2025-04-23 23:58:00,88.67960964415074,98.87530364531243,0.0,0.009300000000000001,1.9600857149103605,0.0,1.9600857149103605
2025-04-23 23:59:00,88.48391389675031,99.29701856483355,0.0,0.009300000000000001,1.9965500669378238,0.0,1.9965500669378238
2025-04-24 00:00:00,88.2954641784533,99.9346382756008,,,2.032057762594594,0.0,2.032057762594594
