Time,BG,CGM,CHO,insulin,LBGI,HBGI,Risk
2025-04-23 00:00:00,142.67000000000002,166.2648631807003,0.0,0.019666666666666666,0.0,1.9659402308848901,1.9659402308848901
2025-04-23 00:01:00,142.67000000000013,165.7831984270001,0.0,0.019666666666666666,0.0,1.9659402308849017,1.9659402308849017
2025-04-23 00:02:00,142.66999999999814,165.49039881246603,0.0,0.019666666666666666,0.0,1.9659402308846876,1.9659402308846876
2025-04-23 00:03:00,142.6699999999759,165.17095595091035,0.0,0.019666666666666666,0.0,1.965940230882085,1.965940230882085
2025-04-23 00:04:00,142.66999999987246,164.83087102586214,0.0,0.019666666666666666,0.0,1.9659402308700689,1.9659402308700689
2025-04-23 00:05:00,142.66999999955172,164.47614522077512,0.0,0.019666666666666666,0.0,1.9659402308327614,1.9659402308327614
2025-04-23 00:06:00,142.66999999877,164.11277971899563,0.0,0.019666666666666666,0.0,1.9659402307418397,1.9659402307418397
2025-04-23 00:07:00,142.66999999714758,163.74677570373385,0.0,0.019666666666666666,0.0,1.9659402305531275,1.9659402305531275
2025-04-23 00:08:00,142.66999999414483,163.38413435804014,0.0,0.019666666666666666,0.0,1.9659402302038587,1.9659402302038587
2025-04-23 00:09:00,142.6699999890439,163.03085686478656,0.0,0.019666666666666666,0.0,1.9659402296105761,1.9659402296105761
2025-04-23 00:10:00,142.6699999809359,162.6929444066542,0.0,0.019666666666666666,0.0,1.9659402286675016,1.9659402286675016
2025-04-23 00:11:00,142.66999996871274,162.3763981661249,0.0,0.019666666666666666,0.0,1.9659402272458122,1.9659402272458122
2025-04-23 00:12:00,142.66999995106363,162.08721932547778,0.0,0.019666666666666666,0.0,1.9659402251929972,1.9659402251929972
2025-04-23 00:13:00,142.66999992647501,161.83140906678926,0.0,0.019666666666666666,0.0,1.9659402223330382,1.9659402223330382
2025-04-23 00:14:00,142.66999989323386,161.61496857193626,0.0,0.019666666666666666,0.0,1.9659402184666925,1.9659402184666925
2025-04-23 00:15:00,142.66999984943354,161.44389902260207,0.0,0.019666666666666666,0.0,1.9659402133721708,1.9659402133721708
2025-04-23 00:16:00,142.6699997929814,161.32420160028403,0.0,0.019666666666666666,0.0,1.9659402068061023,1.9659402068061023
2025-04-23 00:17:00,142.66999972160843,161.261877486303,0.0,0.019666666666666666,0.0,1.9659401985045521,1.9659401985045521
2025-04-23 00:18:00,142.66999963287938,161.26292786181375,0.0,0.019666666666666666,0.0,1.965940188184274,1.965940188184274
2025-04-23 00:19:00,142.66999952420434,161.33335390781627,0.0,0.019666666666666666,0.0,1.9659401755440264,1.9659401755440264
2025-04-23 00:20:00,142.66999939285031,161.47915680516752,0.0,0.019666666666666666,0.0,1.9659401602659534,1.9659401602659534
2025-04-23 00:21:00,142.66999923595336,161.7063377345935,0.0,0.019666666666666666,0.0,1.965940142016915,1.965940142016915
2025-04-23 00:22:00,142.66999905053075,162.02089787670144,0.0,0.019666666666666666,0.0,1.9659401204500062,1.9659401204500062
2025-04-23 00:23:00,142.66999883349297,162.42883841199176,0.0,0.019666666666666666,0.0,1.965940095205857,1.965940095205857
2025-04-23 00:24:00,142.66999858165556,162.93616052086998,0.0,0.019666666666666666,0.0,1.965940065914078,1.965940065914078
2025-04-23 00:25:00,142.66999829175072,163.54886538365815,0.0,0.019666666666666666,0.0,1.9659400321946063,1.9659400321946063
2025-04-23 00:26:00,142.6699979604385,164.27295418060635,0.0,0.019666666666666666,0.0,1.9659399936589401,1.9659399936589401
2025-04-23 00:27:00,142.66999758431754,165.11442809190316,0.0,0.019666666666666666,0.0,1.9659399499114707,1.9659399499114707
2025-04-23 00:28:00,142.66999715993552,166.07928829768616,0.0,0.019666666666666666,0.0,1.9659399005506593,1.9659399005506593
2025-04-23 00:29:00,142.66999668379876,167.17177862482512,0.0,0.019666666666666666,0.0,1.9659398451701273,1.9659398451701273
2025-04-23 00:30:00,142.6699961523819,168.38911348725202,0.0,0.019666666666666666,0.0,1.965939783359851,1.965939783359851
2025-04-23 00:31:00,142.66999556213656,169.72674994564926,0.0,0.019666666666666666,0.0,1.9659397147071065,1.9659397147071065
2025-04-23 00:32:00,142.66999490949976,171.1801450606847,0.0,0.019666666666666666,0.0,1.9659396387974712,1.9659396387974712
2025-04-23 00:33:00,142.66999419090186,172.7447558930195,0.0,0.019666666666666666,0.0,1.9659395552157495,1.9659395552157495
2025-04-23 00:34:00,142.66999340277388,174.4160395033155,0.0,0.019666666666666666,0.0,1.9659394635468406,1.9659394635468406
2025-04-23 00:35:00,142.6699925415545,176.18945295224216,0.0,0.019666666666666666,0.0,1.96593936337649,1.96593936337649
2025-04-23 00:36:00,142.6699916036966,178.06045330048315,0.0,0.019666666666666666,0.0,1.9659392542921637,1.9659392542921637
2025-04-23 00:37:00,142.6699905856731,180.0244976087423,0.0,0.019666666666666666,0.0,1.965939135883611,1.965939135883611
2025-04-23 00:38:00,142.66998948398287,182.07704293774918,0.0,0.019666666666666666,0.0,1.9659390077435774,1.9659390077435774
2025-04-23 00:39:00,142.66998829515575,184.2135463482645,0.0,0.019666666666666666,0.0,1.965938869468479,1.965938869468479
2025-04-23 00:40:00,142.66998701575744,186.42946490108474,0.0,0.019666666666666666,0.0,1.9659387206588335,1.9659387206588335
2025-04-23 00:41:00,142.66998564239398,188.72025565704678,0.0,0.019666666666666666,0.0,1.9659385609199134,1.9659385609199134
2025-04-23 00:42:00,142.66998417171595,191.08137567703196,0.0,0.019666666666666666,0.0,1.965938389862124,1.965938389862124
2025-04-23 00:43:00,142.66998260042203,193.50828202196982,0.0,0.019666666666666666,0.0,1.965938207101495,1.965938207101495
2025-04-23 00:44:00,142.6699809252628,195.98975865970675,0.0,0.019666666666666666,0.0,1.9659380122600552,1.9659380122600552
2025-04-23 00:45:00,142.66997914304355,198.48789718560406,0.0,0.019666666666666666,0.0,1.9659378049662422,1.9659378049662422
2025-04-23 00:46:00,142.6699772506274,200.9581161019459,0.0,0.019666666666666666,0.0,1.9659375848551952,1.9659375848551952
2025-04-23 00:47:00,142.6699752449379,203.35583391107684,0.0,0.019666666666666666,0.0,1.9659373515690912,1.9659373515690912
2025-04-23 00:48:00,142.6699731229612,205.63646911540417,0.0,0.019666666666666666,0.0,1.9659371047573924,1.9659371047573924
2025-04-23 00:49:00,142.66997088174844,207.75544021739995,0.0,0.019666666666666666,0.0,1.9659368440770955,1.9659368440770955
2025-04-23 00:50:00,142.6699685184174,209.66816571960302,0.0,0.019666666666666666,0.0,1.96593656919296,1.96593656919296
2025-04-23 00:51:00,142.66996603015426,211.33006412462063,0.0,0.019666666666666666,0.0,1.965936279777719,1.965936279777719
2025-04-23 00:52:00,142.66996341421515,212.69655393512994,0.0,0.019666666666666666,0.0,1.9659359755122363,1.9659359755122363
2025-04-23 00:53:00,142.66996066792728,213.7230536538792,0.0,0.019666666666666666,0.0,1.9659356560856485,1.9659356560856485
2025-04-23 00:54:00,142.66995778869017,214.36498178368896,0.0,0.019666666666666666,0.0,1.9659353211954456,1.9659353211954456
2025-04-23 00:55:00,142.66995477397643,214.57775682745284,0.0,0.019666666666666666,0.0,1.9659349705477014,1.9659349705477014
2025-04-23 00:56:00,142.66995162133273,214.31679728813862,0.0,0.019666666666666666,0.0,1.965934603857058,1.965934603857058
2025-04-23 00:57:00,142.6699483283802,213.5375216687884,0.0,0.019666666666666666,0.0,1.965934220846822,1.965934220846822
2025-04-23 00:58:00,142.66994489281512,212.19534847251956,0.0,0.019666666666666666,0.0,1.9659338212490476,1.9659338212490476
2025-04-23 00:59:00,142.66994131240912,210.2661735834182,0.0,0.019666666666666666,0.0,1.9659334048045611,1.9659334048045611
2025-04-23 01:00:00,142.66993758500942,207.8078024092202,0.0,0.019666666666666666,0.0,1.9659329712629727,1.9659329712629727
2025-04-23 01:01:00,142.66993370853905,204.89851773863063,0.0,0.019666666666666666,0.0,1.965932520382698,1.965932520382698
2025-04-23 01:02:00,142.66992968099672,201.61660236043028,0.0,0.019666666666666666,0.0,1.965932051930974,1.965932051930974
2025-04-23 01:03:00,142.66992550045683,198.04033906347567,0.0,0.019666666666666666,0.0,1.9659315656838305,1.9659315656838305
2025-04-23 01:04:00,142.6699211650692,194.24801063669872,0.0,0.019666666666666666,0.0,1.965931061426095,1.965931061426095
2025-04-23 01:05:00,142.66991667305885,190.3178998691065,0.0,0.019666666666666666,0.0,1.9659305389512818,1.9659305389512818
2025-04-23 01:06:00,142.66991202272553,186.3282895497809,0.0,0.019666666666666666,0.0,1.9659299980616662,1.9659299980616662
2025-04-23 01:07:00,142.66990721244343,182.35746246787815,0.0,0.019666666666666666,0.0,1.9659294385681512,1.9659294385681512
2025-04-23 01:08:00,142.6699022406606,178.4837014126284,0.0,0.019666666666666666,0.0,1.9659288602902334,1.9659288602902334
2025-04-23 01:09:00,142.66989710589843,174.78528917333512,0.0,0.019666666666666666,0.0,1.9659282630559203,1.9659282630559203
2025-04-23 01:10:00,142.66989180675083,171.34050853937435,0.0,0.019666666666666666,0.0,1.9659276467017048,1.9659276467017048
2025-04-23 01:11:00,142.6698863418838,168.22764230019416,0.0,0.019666666666666666,0.0,1.9659270110724,1.9659270110724
2025-04-23 01:12:00,142.66988071003462,165.5249732453139,0.0,0.019666666666666666,0.0,1.9659263560211635,1.9659263560211635
2025-04-23 01:13:00,142.6698749100109,163.3107841643233,0.0,0.019666666666666666,0.0,1.9659256814093173,1.9659256814093173
2025-04-23 01:14:00,142.66986894068995,161.6411022474579,0.0,0.019666666666666666,0.0,1.9659249871062663,1.9659249871062663
2025-04-23 01:15:00,142.6698628010178,160.4829322873264,0.0,0.019666666666666666,0.0,1.9659242729894613,1.9659242729894613
2025-04-23 01:16:00,142.66985649000839,159.78102347718163,0.0,0.019666666666666666,0.0,1.9659235389441863,1.9659235389441863
2025-04-23 01:17:00,142.6698500067426,159.4801250103434,0.0,0.019666666666666666,0.0,1.965922784863547,1.965922784863547
2025-04-23 01:18:00,142.66984335036713,159.5249860801972,0.0,0.019666666666666666,0.0,1.9659220106483366,1.9659220106483366
2025-04-23 01:19:00,142.66983652009378,159.86035588019374,0.0,0.019666666666666666,0.0,1.9659212162068633,1.9659212162068633
2025-04-23 01:20:00,142.66982951519827,160.43098360384758,0.0,0.019666666666666666,0.0,1.9659204014548965,1.9659204014548965
2025-04-23 01:21:00,142.66982233501926,161.18161844473624,0.0,0.019666666666666666,0.0,1.9659195663155296,1.9659195663155296
2025-04-23 01:22:00,142.66981497895728,162.05700959649914,0.0,0.019666666666666666,0.0,1.9659187107190332,1.9659187107190332
2025-04-23 01:23:00,142.66980744647356,163.0019062528364,0.0,0.019666666666666666,0.0,1.9659178346027628,1.9659178346027628
2025-04-23 01:24:00,142.66979973708922,163.96105760750794,0.0,0.019666666666666666,0.0,1.96591693791105,1.96591693791105
2025-04-23 01:25:00,142.66979185038392,164.87921285433234,0.0,0.019666666666666666,0.0,1.965916020594967,1.965916020594967
2025-04-23 01:26:00,142.66978378599484,165.7011211871856,0.0,0.019666666666666666,0.0,1.9659150826123595,1.9659150826123595
2025-04-23 01:27:00,142.6697755436156,166.37153180000024,0.0,0.019666666666666666,0.0,1.9659141239276112,1.9659141239276112
2025-04-23 01:28:00,142.66976712299515,166.8351938867641,0.0,0.019666666666666666,0.0,1.9659131445115112,1.9659131445115112
2025-04-23 01:29:00,142.6697585239366,167.05004332885758,0.0,0.019666666666666666,0.0,1.9659121443411618,1.9659121443411618
2025-04-23 01:30:00,142.6697497462961,167.02676275706816,0.0,0.019666666666666666,0.0,1.9659111233998785,1.9659111233998785
2025-04-23 01:31:00,142.66974078998183,166.78922148957378,0.0,0.019666666666666666,0.0,1.965910081676971,1.965910081676971
2025-04-23 01:32:00,142.66973165495267,166.36128884460308,0.0,0.019666666666666666,0.0,1.9659090191676643,1.9659090191676643
2025-04-23 01:33:00,142.66972234121732,165.76683414043458,0.0,0.019666666666666666,0.0,1.965907935872999,1.965907935872999
2025-04-23 01:34:00,142.669712848833,165.02972669539523,0.0,0.019666666666666666,0.0,1.9659068317996466,1.9659068317996466
2025-04-23 01:35:00,142.6697031779044,164.1738358278595,0.0,0.019666666666666666,0.0,1.9659057069597723,1.9659057069597723
2025-04-23 01:36:00,142.6696933285826,163.22303085624827,0.0,0.019666666666666666,0.0,1.9659045613709827,1.9659045613709827
2025-04-23 01:37:00,142.6696833010639,162.2011810990276,0.0,0.019666666666666666,0.0,1.9659033950561162,1.9659033950561162
2025-04-23 01:38:00,142.6696730955888,161.1321558747077,0.0,0.019666666666666666,0.0,1.9659022080431556,1.9659022080431556
2025-04-23 01:39:00,142.66966271244078,160.03982450184196,0.0,0.019666666666666666,0.0,1.9659010003651018,1.9659010003651018
2025-04-23 01:40:00,142.66965215194546,158.94805629902567,0.0,0.019666666666666666,0.0,1.9658997720598506,1.9658997720598506
2025-04-23 01:41:00,142.66964141446917,157.88072058489496,0.0,0.019666666666666666,0.0,1.965898523169982,1.965898523169982
2025-04-23 01:42:00,142.66963050041832,156.86168667812603,0.0,0.019666666666666666,0.0,1.9658972537428296,1.9658972537428296
2025-04-23 01:43:00,142.669619410238,155.91482389743373,0.0,0.019666666666666666,0.0,1.9658959638301368,1.9658959638301368
2025-04-23 01:44:00,142.66960814441103,155.05919447235212,0.0,0.019666666666666666,0.0,1.9658946534881048,1.9658946534881048
2025-04-23 01:45:00,142.66959670345705,154.29463227557787,0.0,0.019666666666666666,0.0,1.9658933227771767,1.9658933227771767
2025-04-23 01:46:00,142.66958508793132,153.61616409062475,0.0,0.019666666666666666,0.0,1.9658919717619687,1.9658919717619687
2025-04-23 01:47:00,142.66957329842393,153.0188167010413,0.0,0.019666666666666666,0.0,1.9658906005111016,1.9658906005111016
2025-04-23 01:48:00,142.6695613355585,152.49761689040972,0.0,0.019666666666666666,0.0,1.9658892090971547,1.9658892090971547
2025-04-23 01:49:00,142.66954919999162,152.047591442345,0.0,0.019666666666666666,0.0,1.9658877975964864,1.9658877975964864
2025-04-23 01:50:00,142.66953689241143,151.6637671404939,0.0,0.019666666666666666,0.0,1.9658863660891641,1.9658863660891641
2025-04-23 01:51:00,142.66952441353698,151.34117076853386,0.0,0.019666666666666666,0.0,1.965884914658844,1.965884914658844
2025-04-23 01:52:00,142.66951176411717,151.07482911017232,0.0,0.019666666666666666,0.0,1.965883443392641,1.965883443392641
2025-04-23 01:53:00,142.6694989449299,150.85976894914566,0.0,0.019666666666666666,0.0,1.9658819523810587,1.9658819523810587
2025-04-23 01:54:00,142.66948595678102,150.69101706921828,0.0,0.019666666666666666,0.0,1.9658804417178308,1.9658804417178308
2025-04-23 01:55:00,142.66947280050354,150.5636002541816,0.0,0.019666666666666666,0.0,1.9658789114998563,1.9658789114998563
2025-04-23 01:56:00,142.66945947695672,150.47254528785345,0.0,0.019666666666666666,0.0,1.9658773618271208,1.9658773618271208
2025-04-23 01:57:00,142.66944598702523,150.41287895407697,0.0,0.019666666666666666,0.0,1.9658757928025246,1.9658757928025246
2025-04-23 01:58:00,142.66943233161828,150.3796280367199,0.0,0.019666666666666666,0.0,1.9658742045318303,1.9658742045318303
2025-04-23 01:59:00,142.66941851166868,150.36828396481505,0.0,0.019666666666666666,0.0,1.9658725971235713,1.9658725971235713
2025-04-23 02:00:00,142.66940452813222,150.37619674798464,0.0,0.019666666666666666,0.0,1.9658709706888953,1.9658709706888953
2025-04-23 02:01:00,142.66939038198666,150.40118104101433,0.0,0.019666666666666666,0.0,1.9658693253415762,1.9658693253415762
2025-04-23 02:02:00,142.66937607423108,150.44105149871112,0.0,0.019666666666666666,0.0,1.9658676611978374,1.9658676611978374
2025-04-23 02:03:00,142.66936160588497,150.49362277590245,0.0,0.019666666666666666,0.0,1.9658659783762662,1.9658659783762662
2025-04-23 02:04:00,142.66934697798757,150.5567095274355,0.0,0.019666666666666666,0.0,1.9658642769977683,1.9658642769977683
2025-04-23 02:05:00,142.6693321915971,150.6281264081764,0.0,0.019666666666666666,0.0,1.9658625571854118,1.9658625571854118
2025-04-23 02:06:00,142.66931724779,150.70568807300953,0.0,0.019666666666666666,0.0,1.9658608190644293,1.9658608190644293
2025-04-23 02:07:00,142.66930214766012,150.7872091768367,0.0,0.019666666666666666,0.0,1.965859062762084,1.965859062762084
2025-04-23 02:08:00,142.66928689231824,150.8705043745766,0.0,0.019666666666666666,0.0,1.965857288407578,1.965857288407578
2025-04-23 02:09:00,142.66927148289116,150.95338832116394,0.0,0.019666666666666666,0.0,1.9658554961319898,1.9658554961319898
2025-04-23 02:10:00,142.66925592052118,151.033675671549,0.0,0.019666666666666666,0.0,1.9658536860681939,1.9658536860681939
2025-04-23 02:11:00,142.6692402063652,151.10918108069657,0.0,0.019666666666666666,0.0,1.9658518583507743,1.9658518583507743
2025-04-23 02:12:00,142.66922434159446,151.17771920358584,0.0,0.019666666666666666,0.0,1.9658500131159695,1.9658500131159695
2025-04-23 02:13:00,142.66920832739345,151.2371046952092,0.0,0.019666666666666666,0.0,1.9658481505015963,1.9658481505015963
2025-04-23 02:14:00,142.6691921649596,151.2851522105721,0.0,0.019666666666666666,0.0,1.9658462706468873,1.9658462706468873
2025-04-23 02:15:00,142.6691758555026,151.31967640469207,0.0,0.019666666666666666,0.0,1.96584437369262,1.96584437369262
2025-04-23 02:16:00,142.66915940024379,151.33849193259843,0.0,0.019666666666666666,0.0,1.9658424597808424,1.9658424597808424
2025-04-23 02:17:00,142.6691428004155,151.33941344933143,0.0,0.019666666666666666,0.0,1.9658405290548995,1.9658405290548995
2025-04-23 02:18:00,142.66912605726057,151.32025560994185,0.0,0.019666666666666666,0.0,1.9658385816593817,1.9658385816593817
2025-04-23 02:19:00,142.66910917203185,151.27883306949045,0.0,0.019666666666666666,0.0,1.9658366177400002,1.9658366177400002
2025-04-23 02:20:00,142.66909214599156,151.2129604830474,0.0,0.019666666666666666,0.0,1.965834637443615,1.965834637443615
2025-04-23 02:21:00,142.66907498041064,151.12045250569156,0.0,0.019666666666666666,0.0,1.9658326409180518,1.9658326409180518
2025-04-23 02:22:00,142.6690576765686,150.9991237925104,0.0,0.019666666666666666,0.0,1.9658306283121443,1.9658306283121443
2025-04-23 02:23:00,142.66904023575268,150.84678899859907,0.0,0.019666666666666666,0.0,1.9658285997756302,1.9658285997756302
2025-04-23 02:24:00,142.66902265925742,150.66126277906005,0.0,0.019666666666666666,0.0,1.965826555459127,1.965826555459127
2025-04-23 02:25:00,142.66900494838427,150.4403597890027,0.0,0.019666666666666666,0.0,1.9658244955139883,1.9658244955139883
2025-04-23 02:26:00,142.6689871044411,150.18189468354285,0.0,0.019666666666666666,0.0,1.9658224200923518,1.9658224200923518
2025-04-23 02:27:00,142.6689691287417,149.88368211780224,0.0,0.019666666666666666,0.0,1.965820329347057,1.965820329347057
2025-04-23 02:28:00,142.66895102260534,149.543536746908,0.0,0.019666666666666666,0.0,1.9658182234315609,1.9658182234315609
2025-04-23 02:29:00,142.6689327873564,150.57783688385703,0.0,0.019666666666666666,0.0,1.965816102499926,1.965816102499926
2025-04-23 02:30:00,142.66891442432382,151.5792335791524,0.0,0.019666666666666666,0.0,1.9658139667067265,1.9658139667067265
2025-04-23 02:31:00,142.66889593484078,152.5468658834619,0.0,0.019666666666666666,0.0,1.965811816207058,1.965811816207058
2025-04-23 02:32:00,142.66887732024432,153.47987284745713,0.0,0.019666666666666666,0.0,1.965809651156434,1.965809651156434
2025-04-23 02:33:00,142.66885858187493,154.37739352181325,0.0,0.019666666666666666,0.0,1.9658074717107947,1.9658074717107947
2025-04-23 02:34:00,142.66883972107604,155.2385669572082,0.0,0.019666666666666666,0.0,1.9658052780264,1.9658052780264
2025-04-23 02:35:00,142.6688207391939,156.0625322043229,0.0,0.019666666666666666,0.0,1.9658030702598672,1.9658030702598672
2025-04-23 02:36:00,142.66880163757696,156.8484283138404,0.0,0.019666666666666666,0.0,1.9658008485680396,1.9658008485680396
2025-04-23 02:37:00,142.66878241757567,157.59539433644574,0.0,0.019666666666666666,0.0,1.9657986131080079,1.9657986131080079
2025-04-23 02:38:00,142.66876308054213,158.3025693228256,0.0,0.019666666666666666,0.0,1.9657963640370557,1.9657963640370557
2025-04-23 02:39:00,142.66874362782977,158.96909232366804,0.0,0.019666666666666666,0.0,1.9657941015125948,1.9657941015125948
2025-04-23 02:40:00,142.6687240607929,159.59410238966194,0.0,0.019666666666666666,0.0,1.9657918256921916,1.9657918256921916
2025-04-23 02:41:00,142.66870438078652,160.17673857149697,0.0,0.019666666666666666,0.0,1.9657895367334488,1.9657895367334488
2025-04-23 02:42:00,142.66868458916605,160.71613991986305,0.0,0.019666666666666666,0.0,1.9657872347940404,1.9657872347940404
2025-04-23 02:43:00,142.6686646872869,161.2114454854503,0.0,0.019666666666666666,0.0,1.9657849200316024,1.9657849200316024
2025-04-23 02:44:00,142.66864467650424,161.6617943189484,0.0,0.019666666666666666,0.0,1.9657825926037966,1.9657825926037966
2025-04-23 02:45:00,142.6686245581728,162.06632547104675,0.0,0.019666666666666666,0.0,1.9657802526682002,1.9657802526682002
2025-04-23 02:46:00,142.6686043336465,162.4241779924338,0.0,0.019666666666666666,0.0,1.9657779003822955,1.9657779003822955
2025-04-23 02:47:00,142.6685840042782,162.7344909337971,0.0,0.019666666666666666,0.0,1.9657755359034579,1.9657755359034579
2025-04-23 02:48:00,142.66856357141953,162.99640334582284,0.0,0.019666666666666666,0.0,1.965773159388919,1.965773159388919
2025-04-23 02:49:00,142.6685430364205,163.20905427919558,0.0,0.019666666666666666,0.0,1.9657707709956842,1.9657707709956842
2025-04-23 02:50:00,142.66852240062937,163.3715827845983,0.0,0.019666666666666666,0.0,1.9657683708806055,1.9657683708806055
2025-04-23 02:51:00,142.66850166539245,163.4831279127118,0.0,0.019666666666666666,0.0,1.9657659592002963,1.9657659592002963
2025-04-23 02:52:00,142.66848083205375,163.54282871421475,0.0,0.019666666666666666,0.0,1.965763536111048,1.965763536111048
2025-04-23 02:53:00,142.66845990195483,163.5498242397833,0.0,0.019666666666666666,0.0,1.9657611017689627,1.9657611017689627
2025-04-23 02:54:00,142.6684388764346,163.50325354009095,0.0,0.019666666666666666,0.0,1.9657586563297609,1.9657586563297609
2025-04-23 02:55:00,142.66841775682917,163.4022556658084,0.0,0.019666666666666666,0.0,1.965756199948855,1.965756199948855
2025-04-23 02:56:00,142.66839654447145,163.24596966760322,0.0,0.019666666666666666,0.0,1.9657537327813,1.9657537327813
2025-04-23 02:57:00,142.6683752406912,163.0335345961397,0.0,0.019666666666666666,0.0,1.9657512549817577,1.9657512549817577
2025-04-23 02:58:00,142.66835384681474,162.76408950207883,0.0,0.019666666666666666,0.0,1.9657487667045104,1.9657487667045104
2025-04-23 02:59:00,142.66833236416474,162.43831565227916,0.0,0.019666666666666666,0.0,1.965746268103423,1.965746268103423
2025-04-23 03:00:00,142.66831079406012,162.06306317840094,0.0,0.019666666666666666,0.0,1.9657437593318863,1.9657437593318863
2025-04-23 03:01:00,142.66828913781578,161.64672442830167,0.0,0.019666666666666666,0.0,1.9657412405428731,1.9657412405428731
2025-04-23 03:02:00,142.66826739674255,161.1976917498348,0.0,0.019666666666666666,0.0,1.9657387118888465,1.9657387118888465
2025-04-23 03:03:00,142.668245572147,160.72435749084954,0.0,0.019666666666666666,0.0,1.9657361735217922,1.9657361735217922
2025-04-23 03:04:00,142.66822366533123,160.23511399919062,0.0,0.019666666666666666,0.0,1.9657336255931501,1.9657336255931501
2025-04-23 03:05:00,142.6682016775929,159.7383536226983,0.0,0.019666666666666666,0.0,1.9657310682538838,1.9657310682538838
2025-04-23 03:06:00,142.66817961022485,159.24246870920808,0.0,0.019666666666666666,0.0,1.9657285016543748,1.9657285016543748
2025-04-23 03:07:00,142.6681574645151,158.75585160655058,0.0,0.019666666666666666,0.0,1.9657259259444093,1.9657259259444093
2025-04-23 03:08:00,142.66813524174682,158.2868946625516,0.0,0.019666666666666666,0.0,1.9657233412732986,1.9657233412732986
2025-04-23 03:09:00,142.66811294319788,157.8439902250316,0.0,0.019666666666666666,0.0,1.9657207477896286,1.9657207477896286
2025-04-23 03:10:00,142.66809057014117,157.43553064180614,0.0,0.019666666666666666,0.0,1.9657181456414845,1.9657181456414845
2025-04-23 03:11:00,142.66806812384414,157.06990826068528,0.0,0.019666666666666666,0.0,1.965715534976287,1.965715534976287
2025-04-23 03:12:00,142.66804560556878,156.75551542947363,0.0,0.019666666666666666,0.0,1.965712915940839,1.965712915940839
2025-04-23 03:13:00,142.66802301657165,156.50074449597037,0.0,0.019666666666666666,0.0,1.965710288681287,1.965710288681287
2025-04-23 03:14:00,142.66800035810357,156.31111734353416,0.0,0.019666666666666666,0.0,1.9657076533431372,1.9657076533431372
2025-04-23 03:15:00,142.6679776314097,156.18067399777885,0.0,0.019666666666666666,0.0,1.9657050100712068,1.9657050100712068
2025-04-23 03:16:00,142.66795483772938,156.1005840198776,0.0,0.019666666666666666,0.0,1.9657023590096332,1.9657023590096332
2025-04-23 03:17:00,142.6679319782959,156.06201697099766,0.0,0.019666666666666666,0.0,1.9656997003019252,1.9656997003019252
2025-04-23 03:18:00,142.66790905433672,156.05614241230026,0.0,0.019666666666666666,0.0,1.9656970340907947,1.9656970340907947
2025-04-23 03:19:00,142.66788606707308,156.0741299049406,0.0,0.019666666666666666,0.0,1.9656943605183461,1.9656943605183461
2025-04-23 03:20:00,142.66786301772012,156.10714901006764,0.0,0.019666666666666666,0.0,1.9656916797258885,1.9656916797258885
2025-04-23 03:21:00,142.6678399074868,156.1463692888243,0.0,0.019666666666666666,0.0,1.9656889918540412,1.9656889918540412
2025-04-23 03:22:00,142.66781673757566,156.18296030234688,0.0,0.019666666666666666,0.0,1.9656862970426972,1.9656862970426972
2025-04-23 03:23:00,142.66779350918293,156.20809161176558,0.0,0.019666666666666666,0.0,1.9656835954309901,1.9656835954309901
2025-04-23 03:24:00,142.66777022349834,156.21293277820396,0.0,0.019666666666666666,0.0,1.9656808871572904,1.9656808871572904
2025-04-23 03:25:00,142.6677468817052,156.18865336277923,0.0,0.019666666666666666,0.0,1.9656781723592462,1.9656781723592462
2025-04-23 03:26:00,142.66772348498023,156.12642292660195,0.0,0.019666666666666666,0.0,1.9656754511737182,1.9656754511737182
2025-04-23 03:27:00,142.66770003449344,156.01741103077603,0.0,0.019666666666666666,0.0,1.9656727237368188,1.9656727237368188
2025-04-23 03:28:00,142.66767653140832,155.85278723639888,0.0,0.019666666666666666,0.0,1.9656699901838532,1.9656699901838532
2025-04-23 03:29:00,142.66765297688153,155.62775512245315,0.0,0.019666666666666666,0.0,1.9656672506493764,1.9656672506493764
2025-04-23 03:30:00,142.6676293720631,155.35365433948385,0.0,0.019666666666666666,0.0,1.9656645052671349,1.9656645052671349
2025-04-23 03:31:00,142.66760571809604,155.04585855592111,0.0,0.019666666666666666,0.0,1.9656617541701025,1.9656617541701025
2025-04-23 03:32:00,142.6675820161167,154.7197414401884,0.0,0.019666666666666666,0.0,1.9656589974904333,1.9656589974904333
2025-04-23 03:33:00,142.66755826725446,154.39067666070216,0.0,0.019666666666666666,0.0,1.9656562353594946,1.9656562353594946
2025-04-23 03:34:00,142.66753447263176,154.07403788587197,0.0,0.019666666666666666,0.0,1.9656534679078246,1.9656534679078246
2025-04-23 03:35:00,142.66751063336415,153.78519878410057,0.0,0.019666666666666666,0.0,1.9656506952651986,1.9656506952651986
2025-04-23 03:36:00,142.6674867505601,153.5395330237835,0.0,0.019666666666666666,0.0,1.9656479175605712,1.9656479175605712
2025-04-23 03:37:00,142.6674628253211,153.35241427330936,0.0,0.019666666666666666,0.0,1.9656451349219948,1.9656451349219948
2025-04-23 03:38:00,142.6674388587416,153.23921620105972,0.0,0.019666666666666666,0.0,1.9656423474768188,1.9656423474768188
2025-04-23 03:39:00,142.66741485190894,153.21531247540906,0.0,0.019666666666666666,0.0,1.9656395553514905,1.9656395553514905
2025-04-23 03:40:00,142.6673908059034,153.29607676472477,0.0,0.019666666666666666,0.0,1.9656367586716714,1.9656367586716714
2025-04-23 03:41:00,142.66736672179815,153.49688273736712,0.0,0.019666666666666666,0.0,1.9656339575621802,1.9656339575621802
2025-04-23 03:42:00,142.66734260065917,153.83310406168926,0.0,0.019666666666666666,0.0,1.965631152147013,1.965631152147013
2025-04-23 03:43:00,142.6673184435453,154.3201144060371,0.0,0.019666666666666666,0.0,1.9656283425493006,1.9656283425493006
2025-04-23 03:44:00,142.66729425150825,154.96627372234803,0.0,0.019666666666666666,0.0,1.9656255288913995,1.9656255288913995
2025-04-23 03:45:00,142.6672700255925,155.75188709694615,0.0,0.019666666666666666,0.0,1.965622711294763,1.965622711294763
2025-04-23 03:46:00,142.6672457668353,156.65024589974692,0.0,0.019666666666666666,0.0,1.9656198898800588,1.9656198898800588
2025-04-23 03:47:00,142.6672214762668,157.63464150065863,0.0,0.019666666666666666,0.0,1.9656170647671003,1.9656170647671003
2025-04-23 03:48:00,142.66719715490981,158.67836526958234,0.0,0.019666666666666666,0.0,1.9656142360748556,1.9656142360748556
2025-04-23 03:49:00,142.66717280378003,159.75470857641187,0.0,0.019666666666666666,0.0,1.9656114039214498,1.9656114039214498
2025-04-23 03:50:00,142.66714842388583,160.83696279103376,0.0,0.019666666666666666,0.0,1.9656085684241622,1.9656085684241622
2025-04-23 03:51:00,142.6671240162284,161.89841928332743,0.0,0.019666666666666666,0.0,1.9656057296994531,1.9656057296994531
2025-04-23 03:52:00,142.66709958180166,162.91236942316496,0.0,0.019666666666666666,0.0,1.9656028878629381,1.9656028878629381
2025-04-23 03:53:00,142.66707512159232,163.8521045804112,0.0,0.019666666666666666,0.0,1.9656000430293417,1.9656000430293417
2025-04-23 03:54:00,142.66705063657983,164.69091612492383,0.0,0.019666666666666666,0.0,1.9655971953126263,1.9655971953126263
2025-04-23 03:55:00,142.6670261277364,165.40209542655322,0.0,0.019666666666666666,0.0,1.9655943448258528,1.9655943448258528
2025-04-23 03:56:00,142.66700159602698,165.9589338551425,0.0,0.019666666666666666,0.0,1.9655914916812365,1.9655914916812365
2025-04-23 03:57:00,142.66697704240937,166.33472278052767,0.0,0.019666666666666666,0.0,1.96558863599022,1.96558863599022
2025-04-23 03:58:00,142.66695246783405,166.50275357253736,0.0,0.019666666666666666,0.0,1.9655857778632948,1.9655857778632948
2025-04-23 03:59:00,142.6669278732443,166.44499072715067,0.0,0.019666666666666666,0.0,1.9655829174102166,1.9655829174102166
2025-04-23 04:00:00,142.66690325957623,166.17809124497012,0.0,0.019666666666666666,0.0,1.9655800547398359,1.9655800547398359
2025-04-23 04:01:00,142.66687862775865,165.72738525274858,0.0,0.019666666666666666,0.0,1.9655771899602188,1.9655771899602188
2025-04-23 04:02:00,142.66685397871322,165.1182028772317,0.0,0.019666666666666666,0.0,1.9655743231785174,1.9655743231785174
2025-04-23 04:03:00,142.66682931335444,164.37587424515806,0.0,0.019666666666666666,0.0,1.9655714545011094,1.9655714545011094
2025-04-23 04:04:00,142.66680463258956,163.52572948325897,0.0,0.019666666666666666,0.0,1.965568584033541,1.965568584033541
2025-04-23 04:05:00,142.66677993731872,162.59309871825855,0.0,0.019666666666666666,0.0,1.9655657118804677,1.9655657118804677
2025-04-23 04:06:00,142.6667552284349,161.60331207687386,0.0,0.019666666666666666,0.0,1.96556283814577,1.96556283814577
2025-04-23 04:07:00,142.66673050682388,160.58169968581473,0.0,0.019666666666666666,0.0,1.965559962932462,1.965559962932462
2025-04-23 04:08:00,142.66670577336436,159.55359167178386,0.0,0.019666666666666666,0.0,1.9655570863427505,1.9655570863427505
2025-04-23 04:09:00,142.6666810289279,158.5443181614769,0.0,0.019666666666666666,0.0,1.9655542084779845,1.9655542084779845
2025-04-23 04:10:00,142.66665627437902,157.57920928158237,0.0,0.019666666666666666,0.0,1.96555132943874,1.96555132943874
2025-04-23 04:11:00,142.66663151057503,156.6835951587816,0.0,0.019666666666666666,0.0,1.9655484493247033,1.9655484493247033
2025-04-23 04:12:00,142.66660673836634,155.88280591974913,0.0,0.019666666666666666,0.0,1.9655455682347867,1.9655455682347867
2025-04-23 04:13:00,142.66658195859614,155.2021716911521,0.0,0.019666666666666666,0.0,1.9655426862670586,1.9655426862670586
2025-04-23 04:14:00,142.66655717210077,154.6602231484296,0.0,0.019666666666666666,0.0,1.9655398035188023,1.9655398035188023
2025-04-23 04:15:00,142.66653237970942,154.24829316212802,0.0,0.019666666666666666,0.0,1.965536920086459,1.965536920086459
2025-04-23 04:16:00,142.6665075822443,153.95091515156548,0.0,0.019666666666666666,0.0,1.9655340360656348,1.9655340360656348
2025-04-23 04:17:00,142.66648278052074,153.7526225360532,0.0,0.019666666666666666,0.0,1.965531151551154,1.965531151551154
2025-04-23 04:18:00,142.66645797534707,153.6379487348954,0.0,0.019666666666666666,0.0,1.965528266637042,1.965528266637042
2025-04-23 04:19:00,142.66643316752467,153.59142716738933,0.0,0.019666666666666666,0.0,1.9655253814165174,1.9655253814165174
2025-04-23 04:20:00,142.66640835784804,153.5975912528254,0.0,0.019666666666666666,0.0,1.965522495981943,1.965522495981943
2025-04-23 04:21:00,142.66638354710474,153.64097441048708,0.0,0.019666666666666666,0.0,1.9655196104249437,1.9655196104249437
2025-04-23 04:22:00,142.6663587360756,153.70611005965105,0.0,0.019666666666666666,0.0,1.9655167248363359,1.9655167248363359
2025-04-23 04:23:00,142.66633392553447,153.77753161958708,0.0,0.019666666666666666,0.0,1.9655138393060922,1.9655138393060922
2025-04-23 04:24:00,142.66630911624847,153.83977250955814,0.0,0.019666666666666666,0.0,1.9655109539234612,1.9655109539234612
2025-04-23 04:25:00,142.6662843089779,153.8773661488205,0.0,0.019666666666666666,0.0,1.9655080687768456,1.9655080687768456
2025-04-23 04:26:00,142.6662595044763,153.87484595662352,0.0,0.019666666666666666,0.0,1.9655051839539004,1.9655051839539004
2025-04-23 04:27:00,142.66623470349046,153.81674535220986,0.0,0.019666666666666666,0.0,1.9655022995414715,1.9655022995414715
2025-04-23 04:28:00,142.66620990676043,153.68759775481553,0.0,0.019666666666666666,0.0,1.965499415625609,1.965499415625609
2025-04-23 04:29:00,142.6661851150197,153.4750875867055,0.0,0.019666666666666666,0.0,1.9654965322916615,1.9654965322916615
2025-04-23 04:30:00,142.66616032899486,153.17950328228042,0.0,0.019666666666666666,0.0,1.9654936496240851,1.9654936496240851
2025-04-23 04:31:00,142.6661355494061,152.80428427897007,0.0,0.019666666666666666,0.0,1.9654907677066724,1.9654907677066724
2025-04-23 04:32:00,142.6661107769669,152.3528700141976,0.0,0.019666666666666666,0.0,1.9654878866223808,1.9654878866223808
2025-04-23 04:33:00,142.66608601238414,151.82869992537957,0.0,0.019666666666666666,0.0,1.9654850064534335,1.9654850064534335
2025-04-23 04:34:00,142.66606125635812,151.2352134499259,0.0,0.019666666666666666,0.0,1.9654821272812555,1.9654821272812555
2025-04-23 04:35:00,142.6660365095827,150.57585002524013,0.0,0.019666666666666666,0.0,1.9654792491865591,1.9654792491865591
2025-04-23 04:36:00,142.66601177274515,149.85404908871914,0.0,0.019666666666666666,0.0,1.9654763722492838,1.9654763722492838
2025-04-23 04:37:00,142.66598704652634,149.07325007775347,0.0,0.019666666666666666,0.0,1.9654734965485974,1.9654734965485974
2025-04-23 04:38:00,142.66596233160064,148.23689242972713,0.0,0.019666666666666666,0.0,1.9654706221629283,1.9654706221629283
2025-04-23 04:39:00,142.66593762863602,147.3484155820178,0.0,0.019666666666666666,0.0,1.9654677491699704,1.9654677491699704
2025-04-23 04:40:00,142.66591293829404,146.4112589719966,0.0,0.019666666666666666,0.0,1.9654648776466437,1.9654648776466437
2025-04-23 04:41:00,142.66588826122998,145.42886203702852,0.0,0.019666666666666666,0.0,1.9654620076691673,1.9654620076691673
2025-04-23 04:42:00,142.66586359809267,144.404664214472,0.0,0.019666666666666666,0.0,1.9654591393130105,1.9654591393130105
2025-04-23 04:43:00,142.66583894952478,143.3421049416794,0.0,0.019666666666666666,0.0,1.9654562726528833,1.9654562726528833
2025-04-23 04:44:00,142.66581431616254,142.24462365599658,0.0,0.019666666666666666,0.0,1.9654534077628045,1.9654534077628045
2025-04-23 04:45:00,142.66578969863605,141.1156597947633,0.0,0.019666666666666666,0.0,1.9654505447160453,1.9654505447160453
2025-04-23 04:46:00,142.6657650975692,139.95865279531307,0.0,0.019666666666666666,0.0,1.9654476835851402,1.9654476835851402
2025-04-23 04:47:00,142.66574051357964,138.77704209497324,0.0,0.019666666666666666,0.0,1.9654448244419565,1.9654448244419565
2025-04-23 04:48:00,142.6657159472789,137.57426713106494,0.0,0.019666666666666666,0.0,1.965441967357602,1.965441967357602
2025-04-23 04:49:00,142.66569139927236,136.35376734090326,0.0,0.019666666666666666,0.0,1.9654391124024588,1.9654391124024588
2025-04-23 04:50:00,142.66566687015938,135.11898216179713,0.0,0.019666666666666666,0.0,1.9654362596462438,1.9654362596462438
2025-04-23 04:51:00,142.66564236053316,133.87335103104945,0.0,0.019666666666666666,0.0,1.965433409157948,1.965433409157948
2025-04-23 04:52:00,142.66561787098087,132.62031338595708,0.0,0.019666666666666666,0.0,1.9654305610058258,1.9654305610058258
2025-04-23 04:53:00,142.66559340208377,131.36330866381084,0.0,0.019666666666666666,0.0,1.9654277152575261,1.9654277152575261
2025-04-23 04:54:00,142.6655689544171,130.10577630189567,0.0,0.019666666666666666,0.0,1.9654248719799012,1.9654248719799012
2025-04-23 04:55:00,142.66554452855013,128.8511557374905,0.0,0.019666666666666666,0.0,1.9654220312391715,1.9654220312391715
2025-04-23 04:56:00,142.6655201250462,127.60288640786831,0.0,0.019666666666666666,0.0,1.96541919310087,1.96541919310087
2025-04-23 04:57:00,142.66549574446293,126.36440775029634,0.0,0.019666666666666666,0.0,1.9654163576297925,1.9654163576297925
2025-04-23 04:58:00,142.66547138735186,125.13915920203581,0.0,0.019666666666666666,0.0,1.9654135248901161,1.9654135248901161
2025-04-23 04:59:00,142.66544705425883,125.19624948006575,0.0,0.019666666666666666,0.0,1.9654106949453047,1.9654106949453047
2025-04-23 05:00:00,142.6654227457239,125.38542258888914,0.0,0.019666666666666666,0.0,1.9654078678581812,1.9654078678581812
2025-04-23 05:01:00,142.66539846228136,125.69656248328113,0.0,0.019666666666666666,0.0,1.9654050436908541,1.9654050436908541
2025-04-23 05:02:00,142.66537420445974,126.11955311801105,0.0,0.019666666666666666,0.0,1.9654022225047902,1.9654022225047902
2025-04-23 05:03:00,142.6653499727819,126.64427844784262,0.0,0.019666666666666666,0.0,1.9653994043608038,1.9653994043608038
2025-04-23 05:04:00,142.6653257677651,127.26062242753387,0.0,0.019666666666666666,0.0,1.9653965893190541,1.9653965893190541
2025-04-23 05:05:00,142.66530158992086,127.9584690118372,0.0,0.019666666666666666,0.0,1.9653937774390116,1.9653937774390116
2025-04-23 05:06:00,142.66527743975507,128.72770215549926,0.0,0.019666666666666666,0.0,1.9653909687795044,1.9653909687795044
2025-04-23 05:07:00,142.66525331776825,129.55820581326145,0.0,0.019666666666666666,0.0,1.9653881633987422,1.9653881633987422
2025-04-23 05:08:00,142.66522922445512,130.43986393985926,0.0,0.019666666666666666,0.0,1.965385361354259,1.965385361354259
2025-04-23 05:09:00,142.6652051603051,131.362560490023,0.0,0.019666666666666666,0.0,1.9653825627029688,1.9653825627029688
2025-04-23 05:10:00,142.665181125802,132.31617941847725,0.0,0.019666666666666666,0.0,1.9653797675011324,1.9653797675011324
2025-04-23 05:11:00,142.66515712142427,133.29060467994128,0.0,0.019666666666666666,0.0,1.965376975804369,1.965376975804369
2025-04-23 05:12:00,142.66513314764484,134.27572022912886,0.0,0.019666666666666666,0.0,1.965374187667703,1.965374187667703
2025-04-23 05:13:00,142.66510920493138,135.26141002074849,0.0,0.019666666666666666,0.0,1.965371403145506,1.965371403145506
2025-04-23 05:14:00,142.66508529374607,136.23755800950318,0.0,0.019666666666666666,0.0,1.9653686222915188,1.9653686222915188
2025-04-23 05:15:00,142.6650614145459,137.1940481500907,0.0,0.019666666666666666,0.0,1.965365845158876,1.965365845158876
2025-04-23 05:16:00,142.66503756778246,138.12076439720352,0.0,0.019666666666666666,0.0,1.965363071800119,1.965363071800119
2025-04-23 05:17:00,142.66501375390212,139.00759070552877,0.0,0.019666666666666666,0.0,1.9653603022671329,1.9653603022671329
2025-04-23 05:18:00,142.664989973346,139.84441102974844,0.0,0.019666666666666666,0.0,1.9653575366112117,1.9653575366112117
2025-04-23 05:19:00,142.66496622655006,140.62110932453933,0.0,0.019666666666666666,0.0,1.9653547748830653,1.9653547748830653
2025-04-23 05:20:00,142.66494251394505,141.32756954457295,0.0,0.019666666666666666,0.0,1.965352017132773,1.965352017132773
2025-04-23 05:21:00,142.6649188359566,141.95367564451578,0.0,0.019666666666666666,0.0,1.9653492634098213,1.9653492634098213
2025-04-23 05:22:00,142.6648951930052,142.48931157902916,0.0,0.019666666666666666,0.0,1.9653465137631134,1.9653465137631134
2025-04-23 05:23:00,142.66487158550632,142.92436130276937,0.0,0.019666666666666666,0.0,1.9653437682409824,1.9653437682409824
2025-04-23 05:24:00,142.6648480138703,143.24870877038754,0.0,0.019666666666666666,0.0,1.9653410268911076,1.9653410268911076
2025-04-23 05:25:00,142.66482447850257,143.45223793652994,0.0,0.019666666666666666,0.0,1.9653382897606564,1.9653382897606564
2025-04-23 05:26:00,142.6648009798034,143.5248327558377,0.0,0.019666666666666666,0.0,1.9653355568961681,1.9653355568961681
2025-04-23 05:27:00,142.66477751816834,143.45637718294714,0.0,0.019666666666666666,0.0,1.9653328283436329,1.9653328283436329
2025-04-23 05:28:00,142.66475409398777,143.2367551724895,0.0,0.019666666666666666,0.0,1.9653301041484368,1.9653301041484368
2025-04-23 05:29:00,142.66473070764735,142.86267789011674,0.0,0.019666666666666666,0.0,1.965327384355442,1.965327384355442
2025-04-23 05:30:00,142.6647073595278,142.35816534557793,0.0,0.019666666666666666,0.0,1.9653246690089274,1.9653246690089274
2025-04-23 05:31:00,142.664684050005,141.75406475964283,0.0,0.019666666666666666,0.0,1.9653219581525685,1.9653219581525685
2025-04-23 05:32:00,142.6646607794501,141.08122335307638,0.0,0.019666666666666666,0.0,1.9653192518295262,1.9653192518295262
2025-04-23 05:33:00,142.6646375482293,140.3704883466387,0.0,0.019666666666666666,0.0,1.9653165500824297,1.9653165500824297
2025-04-23 05:34:00,142.66461435670428,139.65270696108527,0.0,0.019666666666666666,0.0,1.965313852953264,1.965313852953264
2025-04-23 05:35:00,142.66459120523183,138.95872641716676,0.0,0.019666666666666666,0.0,1.9653111604835638,1.9653111604835638
2025-04-23 05:36:00,142.6645680941641,138.31939393562914,0.0,0.019666666666666666,0.0,1.9653084727142698,1.9653084727142698
2025-04-23 05:37:00,142.66454502384866,137.7655567372138,0.0,0.019666666666666666,0.0,1.9653057896857737,1.9653057896857737
2025-04-23 05:38:00,142.66452199462836,137.32806204265754,0.0,0.019666666666666666,0.0,1.9653031114379709,1.9653031114379709
2025-04-23 05:39:00,142.66449900684145,137.0377570726924,0.0,0.019666666666666666,0.0,1.9653004380101615,1.9653004380101615
2025-04-23 05:40:00,142.66447606082164,136.9254890480459,0.0,0.019666666666666666,0.0,1.9652977694411813,1.9652977694411813
2025-04-23 05:41:00,142.6644531568981,137.0221051894411,0.0,0.019666666666666666,0.0,1.9652951057692607,1.9652951057692607
2025-04-23 05:42:00,142.6644302953956,137.35845271759663,0.0,0.019666666666666666,0.0,1.9652924470322017,1.9652924470322017
2025-04-23 05:43:00,142.66440747663418,137.96537885322638,0.0,0.019666666666666666,0.0,1.965289793267201,1.965289793267201
2025-04-23 05:44:00,142.66438470092967,138.86105577498458,0.0,0.019666666666666666,0.0,1.9652871445109916,1.9652871445109916
2025-04-23 05:45:00,142.66436196859334,140.01295549329927,0.0,0.019666666666666666,0.0,1.9652845007997468,1.9652845007997468
2025-04-23 05:46:00,142.6643392799321,141.37587497653865,0.0,0.019666666666666666,0.0,1.965281862169166,1.965281862169166
2025-04-23 05:47:00,142.66431663524855,142.90461119306667,0.0,0.019666666666666666,0.0,1.9652792286544118,1.9652792286544118
2025-04-23 05:48:00,142.66429403484085,144.55396111124278,0.0,0.019666666666666666,0.0,1.9652766002901747,1.9652766002901747
2025-04-23 05:49:00,142.66427147900293,146.27872169942228,0.0,0.019666666666666666,0.0,1.965273977110631,1.965273977110631
2025-04-23 05:50:00,142.66424896802448,148.0336899259561,0.0,0.019666666666666666,0.0,1.9652713591494473,1.9652713591494473
2025-04-23 05:51:00,142.66422650219081,149.77366275919096,0.0,0.019666666666666666,0.0,1.965268746439814,1.965268746439814
2025-04-23 05:52:00,142.66420408178314,151.4534371674693,0.0,0.019666666666666666,0.0,1.9652661390144124,1.9652661390144124
2025-04-23 05:53:00,142.66418170707843,153.0278101191295,0.0,0.019666666666666666,0.0,1.9652635369054459,1.9652635369054459
2025-04-23 05:54:00,142.66415937834944,154.4515785825056,0.0,0.019666666666666666,0.0,1.96526094014462,1.96526094014462
2025-04-23 05:55:00,142.66413709586487,155.6795395259276,0.0,0.019666666666666666,0.0,1.965258348763201,1.965258348763201
2025-04-23 05:56:00,142.6641148598893,156.66648991772144,0.0,0.019666666666666666,0.0,1.9652557627919434,1.9652557627919434
2025-04-23 05:57:00,142.6640926706833,157.36722672620894,0.0,0.019666666666666666,0.0,1.965253182261126,1.965253182261126
2025-04-23 05:58:00,142.66407052850312,157.73654691970776,0.0,0.019666666666666666,0.0,1.9652506072005536,1.9652506072005536
2025-04-23 05:59:00,142.66404843360132,157.74357410710135,0.0,0.019666666666666666,0.0,1.9652480376395773,1.9652480376395773
2025-04-23 06:00:00,142.66402638622625,157.41473845954746,0.0,0.019666666666666666,0.0,1.9652454736070748,1.9652454736070748
2025-04-23 06:01:00,142.66400438662237,156.7907967887696,0.0,0.019666666666666666,0.0,1.9652429151314834,1.9652429151314834
2025-04-23 06:02:00,142.66398243503022,155.91250590648733,0.0,0.019666666666666666,0.0,1.9652403622407644,1.9652403622407644
2025-04-23 06:03:00,142.66396053168637,154.82062262441622,0.0,0.019666666666666666,0.0,1.9652378149624044,1.9652378149624044
2025-04-23 06:04:00,142.6639386768235,153.55590375426803,0.0,0.019666666666666666,0.0,1.965235273323486,1.965235273323486
2025-04-23 06:05:00,142.6639168706705,152.15910610775063,0.0,0.019666666666666666,0.0,1.9652327373505805,1.9652327373505805
2025-04-23 06:06:00,142.66389511345238,150.67098649656805,0.0,0.019666666666666666,0.0,1.9652302070698668,1.9652302070698668
2025-04-23 06:07:00,142.66387340539035,149.13230173242056,0.0,0.019666666666666666,0.0,1.9652276825070607,1.9652276825070607
2025-04-23 06:08:00,142.66385174670185,147.58380862700463,0.0,0.019666666666666666,0.0,1.965225163687462,1.965225163687462
2025-04-23 06:09:00,142.66383013760054,146.06626399201292,0.0,0.019666666666666666,0.0,1.9652226506358714,1.9652226506358714
2025-04-23 06:10:00,142.66380857829645,144.6204246391345,0.0,0.019666666666666666,0.0,1.9652201433767449,1.9652201433767449
2025-04-23 06:11:00,142.66378706899584,143.28704738005467,0.0,0.019666666666666666,0.0,1.965217641934027,1.965217641934027
2025-04-23 06:12:00,142.66376560990128,142.10688902645498,0.0,0.019666666666666666,0.0,1.9652151463312828,1.9652151463312828
2025-04-23 06:13:00,142.6637442012117,141.12070639001342,0.0,0.019666666666666666,0.0,1.9652126565916495,1.9652126565916495
2025-04-23 06:14:00,142.66372284312246,140.3587386411719,0.0,0.019666666666666666,0.0,1.9652101727378122,1.9652101727378122
2025-04-23 06:15:00,142.66370153582534,139.80915438543875,0.0,0.019666666666666666,0.0,1.965207694792087,1.965207694792087
2025-04-23 06:16:00,142.6636802795085,139.4496045870862,0.0,0.019666666666666666,0.0,1.9652052227763395,1.9652052227763395
2025-04-23 06:17:00,142.66365907435662,139.25774021038302,0.0,0.019666666666666666,0.0,1.965202756712032,1.965202756712032
2025-04-23 06:18:00,142.6636379205508,139.21121221959442,0.0,0.019666666666666666,0.0,1.9652002966202207,1.9652002966202207
2025-04-23 06:19:00,142.66361681826868,139.28767157898207,0.0,0.019666666666666666,0.0,1.9651978425215824,1.9651978425215824
2025-04-23 06:20:00,142.6635957676845,139.46476925280436,0.0,0.019666666666666666,0.0,1.9651953944363312,1.9651953944363312
2025-04-23 06:21:00,142.66357476896897,139.720156205316,0.0,0.019666666666666666,0.0,1.9651929523843354,1.9651929523843354
2025-04-23 06:22:00,142.66355382228946,140.03148340076848,0.0,0.019666666666666666,0.0,1.9651905163850247,1.9651905163850247
2025-04-23 06:23:00,142.66353292780994,140.37640180340986,0.0,0.019666666666666666,0.0,1.9651880864575066,1.9651880864575066
2025-04-23 06:24:00,142.66351208569097,140.73256237748478,0.0,0.019666666666666666,0.0,1.9651856626204154,1.9651856626204154
2025-04-23 06:25:00,142.6634912960899,141.07761608723465,0.0,0.019666666666666666,0.0,1.9651832448920146,1.9651832448920146
2025-04-23 06:26:00,142.66347055916066,141.3892138968975,0.0,0.019666666666666666,0.0,1.9651808332902474,1.9651808332902474
2025-04-23 06:27:00,142.6634498750539,141.64500677070805,0.0,0.019666666666666666,0.0,1.9651784278325957,1.9651784278325957
2025-04-23 06:28:00,142.66342924391714,141.8226456728979,0.0,0.019666666666666666,0.0,1.965176028536229,1.965176028536229
2025-04-23 06:29:00,142.6634086658945,141.90594792768286,0.0,0.019666666666666666,0.0,1.9651736354178693,1.9651736354178693
2025-04-23 06:30:00,142.66338814112697,141.90339629922593,0.0,0.019666666666666666,0.0,1.9651712484939248,1.9651712484939248
2025-04-23 06:31:00,142.6633676697524,141.82963991167463,0.0,0.019666666666666666,0.0,1.9651688677804042,1.9651688677804042
2025-04-23 06:32:00,142.66334725190544,141.6993278891732,0.0,0.019666666666666666,0.0,1.9651664932929687,1.9651664932929687
2025-04-23 06:33:00,142.66332688771757,141.5271093558628,0.0,0.019666666666666666,0.0,1.9651641250469005,1.9651641250469005
2025-04-23 06:34:00,142.66330657731723,141.32763343588144,0.0,0.019666666666666666,0.0,1.9651617630571132,1.9651617630571132
2025-04-23 06:35:00,142.66328632082977,141.11554925336415,0.0,0.019666666666666666,0.0,1.9651594073381993,1.9651594073381993
2025-04-23 06:36:00,142.6632661183774,140.90550593244276,0.0,0.019666666666666666,0.0,1.9651570579043474,1.9651570579043474
2025-04-23 06:37:00,142.6632459700794,140.71215259724616,0.0,0.019666666666666666,0.0,1.965154714769425,1.965154714769425
2025-04-23 06:38:00,142.66322587605197,140.55013837190018,0.0,0.019666666666666666,0.0,1.9651523779469326,1.9651523779469326
2025-04-23 06:39:00,142.66320583640834,140.43411238052772,0.0,0.019666666666666666,0.0,1.9651500474500359,1.9651500474500359
2025-04-23 06:40:00,142.66318585125876,140.37872374724864,0.0,0.019666666666666666,0.0,1.9651477232915335,1.9651477232915335
2025-04-23 06:41:00,142.66316592071058,140.39862159617994,0.0,0.019666666666666666,0.0,1.965145405483915,1.965145405483915
2025-04-23 06:42:00,142.66314604486826,140.50845505143565,0.0,0.019666666666666666,0.0,1.965143094039325,1.965143094039325
2025-04-23 06:43:00,142.66312622383325,140.72287323712692,0.0,0.019666666666666666,0.0,1.9651407889695403,1.9651407889695403
2025-04-23 06:44:00,142.66310645770423,141.05261006507595,0.0,0.019666666666666666,0.0,1.96513849028604,1.96513849028604
2025-04-23 06:45:00,142.66308674657702,141.4927385979579,0.0,0.019666666666666666,0.0,1.9651361979999347,1.9651361979999347
2025-04-23 06:46:00,142.6630670905446,142.03441668615892,0.0,0.019666666666666666,0.0,1.9651339121220512,1.9651339121220512
2025-04-23 06:47:00,142.6630474896971,142.66880218006247,0.0,0.019666666666666666,0.0,1.9651316326628463,1.9651316326628463
2025-04-23 06:48:00,142.663027944122,143.38705293004918,0.0,0.019666666666666666,0.0,1.9651293596325163,1.9651293596325163
2025-04-23 06:49:00,142.6630084539039,144.1803267864969,0.0,0.019666666666666666,0.0,1.965127093040853,1.965127093040853
2025-04-23 06:50:00,142.66298901912478,145.03978159978084,0.0,0.019666666666666666,0.0,1.9651248328974116,1.9651248328974116
2025-04-23 06:51:00,142.6629696398638,145.95657522027344,0.0,0.019666666666666666,0.0,1.9651225792113656,1.9651225792113656
2025-04-23 06:52:00,142.66295031619754,146.92186549834446,0.0,0.019666666666666666,0.0,1.9651203319916277,1.9651203319916277
2025-04-23 06:53:00,142.66293104819985,147.92681028436098,0.0,0.019666666666666666,0.0,1.965118091246754,1.965118091246754
2025-04-23 06:54:00,142.66291183594197,148.96256742868752,0.0,0.019666666666666666,0.0,1.9651158569850644,1.9651158569850644
2025-04-23 06:55:00,142.66289267949247,150.02029478168586,0.0,0.019666666666666666,0.0,1.9651136292144964,1.9651136292144964
2025-04-23 06:56:00,142.66287357891744,151.09115019371532,0.0,0.019666666666666666,0.0,1.9651114079427265,1.9651114079427265
2025-04-23 06:57:00,142.66285453428023,152.16629151513249,0.0,0.019666666666666666,0.0,1.9651091931771125,1.9651091931771125
2025-04-23 06:58:00,142.6628355456418,153.23687659629155,0.0,0.019666666666666666,0.0,1.965106984924748,1.965106984924748
2025-04-23 06:59:00,142.66281661306053,154.29476023412624,0.0,0.019666666666666666,0.0,1.9651047831923951,1.9651047831923951
2025-04-23 07:00:00,142.66279773659218,155.33458501189622,0.0,0.019666666666666666,0.0,1.965102587986555,1.965102587986555
2025-04-23 07:01:00,142.66277891629022,156.351690459441,0.0,0.019666666666666666,0.0,1.9651003993134075,1.9651003993134075
2025-04-23 07:02:00,142.66276015220552,157.34141610659745,0.0,0.019666666666666666,0.0,1.9650982171788824,1.9650982171788824
2025-04-23 07:03:00,142.6627414443865,158.2991014832,0.0,0.019666666666666666,0.0,1.9650960415886023,1.9650960415886023
2025-04-23 07:04:00,142.6627227928793,159.2200861190808,53.0,0.019666666666666666,0.0,1.9650938725479143,1.9650938725479143
2025-04-23 07:05:00,142.6627046652956,160.09971001163757,0.0,13.061541666666665,0.0,1.9650917644367618,1.9650917644367618
2025-04-23 07:06:00,142.66270805781295,160.93333368683392,0.0,0.019666666666666666,0.0,1.9650921589627188,1.9650921589627188
2025-04-23 07:07:00,142.66286866361665,161.71643236764112,0.0,0.019666666666666666,0.0,1.9651108363255885,1.9651108363255885
2025-04-23 07:08:00,142.66353445363237,162.44469355477085,0.0,0.019666666666666666,0.0,1.965188263903277,1.965188263903277
2025-04-23 07:09:00,142.6653016358753,163.11405298602435,0.0,0.019666666666666666,0.0,1.965393782783507,1.965393782783507
2025-04-23 07:10:00,142.6690396417306,163.72071962257277,0.0,0.019666666666666666,0.0,1.9658285306851129,1.9658285306851129
2025-04-23 07:11:00,142.67592062662592,164.26120514962983,0.0,0.019666666666666666,0.0,1.966628918457725,1.966628918457725
2025-04-23 07:12:00,142.68744724859323,164.73235175501347,0.0,0.019666666666666666,0.0,1.9679699610203485,1.9679699610203485
2025-04-23 07:13:00,142.70547404768726,165.13135350856447,0.0,0.019666666666666666,0.0,1.9700679568617865,1.9700679568617865
2025-04-23 07:14:00,142.73222040400444,165.45576932016525,0.0,0.019666666666666666,0.0,1.9731823315677186,1.9731823315677186
2025-04-23 07:15:00,142.7702862639859,165.703538666043,0.0,0.019666666666666666,0.0,1.9776180123912603,1.9776180123912603
2025-04-23 07:16:00,142.82265622944084,165.87298567779288,0.0,0.019666666666666666,0.0,1.9837267354025154,1.9837267354025154
2025-04-23 07:17:00,142.89260457129097,165.9627241561227,0.0,0.019666666666666666,0.0,1.991897147848035,1.991897147848035
2025-04-23 07:18:00,142.98352452925172,165.97148687053385,0.0,0.019666666666666666,0.0,2.0025363796109974,2.0025363796109974
2025-04-23 07:19:00,143.09879521252233,165.8979924600116,0.0,0.019666666666666666,0.0,2.0160562103556345,2.0160562103556345
2025-04-23 07:20:00,143.24167782359345,165.74084165683266,0.0,0.019666666666666666,0.0,2.032862773836855,2.032862773836855
2025-04-23 07:21:00,143.415232309524,165.4984339378419,0.0,0.019666666666666666,0.0,2.053348637812356,2.053348637812356
2025-04-23 07:22:00,143.62224969290662,165.16889985541806,0.0,0.019666666666666666,0.0,2.0778865620866727,2.0778865620866727
2025-04-23 07:23:00,143.8651962102159,164.7500451758217,0.0,0.019666666666666666,0.0,2.106824330147305,2.106824330147305
2025-04-23 07:24:00,144.14616615000222,164.2393037173892,0.0,0.019666666666666666,0.0,2.1404801388713706,2.1404801388713706
2025-04-23 07:25:00,144.4668410481791,163.63369654582013,0.0,0.019666666666666666,0.0,2.179138128199398,2.179138128199398
2025-04-23 07:26:00,144.828453768427,162.92979605458098,0.0,0.019666666666666666,0.0,2.2230437514515526,2.2230437514515526
2025-04-23 07:27:00,145.2317570477217,162.1236945104335,0.0,0.019666666666666666,0.0,2.272398838106923,2.272398838106923
2025-04-23 07:28:00,145.67699731468363,161.21097787178422,0.0,0.019666666666666666,0.0,2.3273563872968124,2.3273563872968124
2025-04-23 07:29:00,146.16389584525217,161.9387362909896,0.0,0.019666666666666666,0.0,2.3880153381302756,2.3880153381302756
2025-04-23 07:30:00,146.69164029201065,162.65157526068433,0.0,0.019666666666666666,0.0,2.4544157554212047,2.4544157554212047
2025-04-23 07:31:00,147.25888989991574,163.34895919447501,0.0,0.019666666666666666,0.0,2.5265349913116246,2.5265349913116246
2025-04-23 07:32:00,147.86379698984646,164.02984558189053,0.0,0.019666666666666666,0.0,2.6042853826465455,2.6042853826465455
2025-04-23 07:33:00,148.50404557115021,164.69272360092825,0.0,0.019666666666666666,0.0,2.6875139025189485,2.6875139025189485
2025-04-23 07:34:00,149.17690567849775,165.3356684549088,0.0,0.019666666666666666,0.0,2.776003936714675,2.776003936714675
2025-04-23 07:35:00,149.87929991725176,165.95640791784487,0.0,0.019666666666666666,0.0,2.8694790778232764,2.8694790778232764
2025-04-23 07:36:00,150.60787736250552,166.55239623347958,0.0,0.019666666666666666,0.0,2.967608601980329,2.967608601980329
2025-04-23 07:37:00,151.35908965100353,167.1208902072074,0.0,0.019666666666666666,0.0,3.0700141642104075,3.0700141642104075
2025-04-23 07:38:00,152.129264699231,167.6590229241634,0.0,0.019666666666666666,0.0,3.176277222597248,3.176277222597248
2025-04-23 07:39:00,152.9146746108143,168.16387165662394,0.0,0.019666666666666666,0.0,3.2859467517473604,3.2859467517473604
2025-04-23 07:40:00,153.71159561499957,168.63251780248504,0.0,0.019666666666666666,0.0,3.398546894992837,3.398546894992837
2025-04-23 07:41:00,154.51635902807274,169.06209784668255,0.0,0.019666666666666666,0.0,3.513584301595765,3.513584301595765
2025-04-23 07:42:00,155.3253931155685,169.44984522340107,0.0,0.019666666666666666,0.0,3.63055498138297,3.63055498138297
2025-04-23 07:43:00,156.1352563304764,169.79312355428013,0.0,0.019666666666666666,0.0,3.7489505773895218,3.7489505773895218
2025-04-23 07:44:00,156.94266274969772,170.08945208487086,0.0,0.019666666666666666,0.0,3.8682640069295755,3.8682640069295755
2025-04-23 07:45:00,157.7445006892483,170.33652429983903,0.0,0.019666666666666666,0.0,3.987994456024157,3.987994456024157
2025-04-23 07:46:00,158.53784550908878,170.53222072779522,0.0,0.019666666666666666,0.0,4.107651735101804,4.107651735101804
2025-04-23 07:47:00,159.31996757082518,170.6746168989954,0.0,0.019666666666666666,0.0,4.226760018753531,4.226760018753531
2025-04-23 07:48:00,160.08833622219674,170.76198732982866,0.0,0.019666666666666666,0.0,4.34486100168353,4.34486100168353
2025-04-23 07:49:00,160.84062057554212,170.79280630128363,0.0,0.019666666666666666,0.0,4.46151650868191,4.46151650868191
2025-04-23 07:50:00,161.5746877383255,170.76574608947442,0.0,0.019666666666666666,0.0,4.576310599664683,4.576310599664683
2025-04-23 07:51:00,162.28859905079142,170.6796732032954,0.0,0.019666666666666666,0.0,4.688851212361767,4.688851212361767
2025-04-23 07:52:00,162.98060479307156,170.5336430915283,0.0,0.019666666666666666,0.0,4.798771385575168,4.798771385575168
2025-04-23 07:53:00,163.64913774309835,170.3268937007554,0.0,0.019666666666666666,0.0,4.90573010540265,4.90573010540265
2025-04-23 07:54:00,164.29280589745358,170.05883819620837,0.0,0.019666666666666666,0.0,5.009412815645037,5.009412815645037
2025-04-23 07:55:00,164.91038460894495,169.7290570993449,0.0,0.019666666666666666,0.0,5.10953163194708,5.10953163194708
2025-04-23 07:56:00,165.50080834604537,169.3372900472878,0.0,0.019666666666666666,0.0,5.20582529719067,5.20582529719067
2025-04-23 07:57:00,166.06316223903374,168.8834273389659,0.0,0.019666666666666666,0.0,5.298058913364089,5.298058913364089
2025-04-23 07:58:00,166.59667354447345,168.36750139959247,0.0,0.019666666666666666,0.0,5.386023482664926,5.386023482664926
2025-04-23 07:59:00,167.1007031324046,167.79119048807152,0.0,0.019666666666666666,0.0,5.469535288027184,5.469535288027184
2025-04-23 08:00:00,167.57473707829726,167.16234694959294,0.0,0.019666666666666666,0.0,5.548435140663131,5.548435140663131
2025-04-23 08:01:00,168.01837842355866,166.49045231549763,0.0,0.019666666666666666,0.0,5.6225875196271256,5.6225875196271256
2025-04-23 08:02:00,168.4313391534825,165.78509706101312,0.0,0.019666666666666666,0.0,5.69187962588845,5.69187962588845
2025-04-23 08:03:00,168.81343242937353,165.05597283737788,0.0,0.019666666666666666,0.0,5.75622037097486,5.75622037097486
2025-04-23 08:04:00,169.16456510168112,164.312864984975,0.0,0.019666666666666666,0.0,5.815539317944083,5.815539317944083
2025-04-23 08:05:00,169.48473052292513,163.5656453462581,0.0,0.019666666666666666,0.0,5.869785590276816,5.869785590276816
2025-04-23 08:06:00,169.77400167266458,162.82426539071997,0.0,0.019666666666666666,0.0,5.91892676226991,5.91892676226991
2025-04-23 08:07:00,170.0325246014717,162.09874965886658,0.0,0.019666666666666666,0.0,5.962947742653492,5.962947742653492
2025-04-23 08:08:00,170.26051219661073,161.39918952789594,0.0,0.019666666666666666,0.0,6.001849661457316,6.001849661457316
2025-04-23 08:09:00,170.45823826870165,160.73573729836176,0.0,0.019666666666666666,0.0,6.035648768611783,6.035648768611783
2025-04-23 08:10:00,170.62603195592115,160.11860059837446,0.0,0.019666666666666666,0.0,6.064375351381629,6.064375351381629
2025-04-23 08:11:00,170.7642724401429,159.55803709974148,0.0,0.019666666666666666,0.0,6.0880726764881965,6.0880726764881965
2025-04-23 08:12:00,170.87338396773657,159.06434953876627,0.0,0.019666666666666666,0.0,6.106795961672496,6.106795961672496
2025-04-23 08:13:00,170.9538311664581,158.64788103313845,0.0,0.019666666666666666,0.0,6.120611380476024,6.120611380476024
2025-04-23 08:14:00,171.00611464889354,158.31585660558648,0.0,0.019666666666666666,0.0,6.129595103160153,6.129595103160153
2025-04-23 08:15:00,171.0307668922205,158.0629168242647,0.0,0.019666666666666666,0.0,6.1338323759384386,6.1338323759384386
2025-04-23 08:16:00,171.028348383566,157.8805761874855,0.0,0.019666666666666666,0.0,6.133416640049591,6.133416640049591
2025-04-23 08:17:00,170.99944401993955,157.76037360344378,0.0,0.019666666666666666,0.0,6.128448691641106,6.128448691641106
2025-04-23 08:18:00,170.94465975156388,157.6938690335476,0.0,0.019666666666666666,0.0,6.119035882959468,6.119035882959468
2025-04-23 08:19:00,170.8646194573926,157.67264036793597,0.0,0.019666666666666666,0.0,6.105291364938797,6.105291364938797
2025-04-23 08:20:00,170.75996204166688,157.68828052203537,0.0,0.019666666666666666,0.0,6.087333370941172,6.087333370941172
2025-04-23 08:21:00,170.6313387405053,157.7323947431498,0.0,0.019666666666666666,0.0,6.065284541121447,6.065284541121447
2025-04-23 08:22:00,170.47941062772674,157.79659811628346,0.0,0.019666666666666666,0.0,6.039271286657612,6.039271286657612
2025-04-23 08:23:00,170.30484630935925,157.87251325864978,0.0,0.019666666666666666,0.0,6.009423192900155,6.009423192900155
2025-04-23 08:24:00,170.10831979658153,157.95176819261283,0.0,0.019666666666666666,0.0,5.97587246034613,5.97587246034613
2025-04-23 08:25:00,169.89050854716444,158.02599438712883,0.0,0.019666666666666666,0.0,5.938753382227212,5.938753382227212
2025-04-23 08:26:00,169.65209166582304,158.0868249580982,0.0,0.019666666666666666,0.0,5.898201857414756,5.898201857414756
2025-04-23 08:27:00,169.39374825424616,158.12589301839515,0.0,0.019666666666666666,0.0,5.854354937282276,5.854354937282276
2025-04-23 08:28:00,169.11615590193765,158.13483016870885,0.0,0.019666666666666666,0.0,5.807350405124678,5.807350405124678
2025-04-23 08:29:00,168.8199893093735,158.10747551230781,0.0,0.019666666666666666,0.0,5.7573263867100275,5.7573263867100275
2025-04-23 08:30:00,168.50591903535187,158.04650557721095,0.0,0.019666666666666666,0.0,5.704420990531256,5.704420990531256
2025-04-23 08:31:00,168.17461036078208,157.95680200515557,0.0,0.019666666666666666,0.0,5.648771976329236,5.648771976329236
2025-04-23 08:32:00,167.82672226152468,157.84324013283012,0.0,0.019666666666666666,0.0,5.590516450472659,5.590516450472659
2025-04-23 08:33:00,167.4629064832534,157.71068806673622,0.0,0.019666666666666666,0.0,5.5297905868033235,5.5297905868033235
2025-04-23 08:34:00,167.08380671166043,157.56400585339404,0.0,0.019666666666666666,0.0,5.466729371584989,5.466729371584989
2025-04-23 08:35:00,166.690057831668,157.4080447385537,0.0,0.019666666666666666,0.0,5.401466371228559,5.401466371228559
2025-04-23 08:36:00,166.2822852696411,157.24764650940813,0.0,0.019666666666666666,0.0,5.33413352150618,5.33413352150618
2025-04-23 08:37:00,165.8611044129156,157.08764291412106,0.0,0.019666666666666666,0.0,5.264860937008718,5.264860937008718
2025-04-23 08:38:00,165.42712010126576,156.93285515329475,0.0,0.019666666666666666,0.0,5.193776739646118,5.193776739646118
2025-04-23 08:39:00,164.98092618523216,156.78809343829766,0.0,0.019666666666666666,0.0,5.121006905036165,5.121006905036165
2025-04-23 08:40:00,164.5231051465162,156.6581566116591,0.0,0.019666666666666666,0.0,5.046675125674254,5.046675125674254
2025-04-23 08:41:00,164.05422777592076,156.54783182500992,0.0,0.019666666666666666,0.0,4.970902689824616,4.970902689824616
2025-04-23 08:42:00,163.57485290457845,156.4618942703106,0.0,0.019666666666666666,0.0,4.893808375120358,4.893808375120358
2025-04-23 08:43:00,163.08552718445787,156.4051069603577,0.0,0.019666666666666666,0.0,4.815508355907376,4.815508355907376
2025-04-23 08:44:00,162.5867849143772,156.38116837065206,0.0,0.019666666666666666,0.0,4.736116123413053,4.736116123413053
2025-04-23 08:45:00,162.0791479079806,156.3895557549395,0.0,0.019666666666666666,0.0,4.655742417866498,4.655742417866498
2025-04-23 08:46:00,161.56312540034858,156.42868160425695,0.0,0.019666666666666666,0.0,4.57449517174071,4.57449517174071
2025-04-23 08:47:00,161.03921399011924,156.49694577319892,0.0,0.019666666666666666,0.0,4.492479463330942,4.492479463330942
2025-04-23 08:48:00,160.50789761419034,156.59273545461963,0.0,0.019666666666666666,0.0,4.409797479924636,4.409797479924636
2025-04-23 08:49:00,159.96964755225824,156.71442518417183,0.0,0.019666666666666666,0.0,4.326548489858509,4.326548489858509
2025-04-23 08:50:00,159.42492245862366,156.86037687211268,0.0,0.019666666666666666,0.0,4.2428288227975,4.2428288227975
2025-04-23 08:51:00,158.87416841885928,157.02893985997127,0.0,0.019666666666666666,0.0,4.158731857606719,4.158731857606719
2025-04-23 08:52:00,158.31781902909242,157.21845099983133,0.0,0.019666666666666666,0.0,4.074348017224146,4.074348017224146
2025-04-23 08:53:00,157.7562954958018,157.42723475412802,0.0,0.019666666666666666,0.0,3.9897647699747196,3.9897647699747196
2025-04-23 08:54:00,157.19000675416905,157.65360331399938,0.0,0.019666666666666666,0.0,3.9050666368003295,3.9050666368003295
2025-04-23 08:55:00,156.61934960315705,157.8958567343647,0.0,0.019666666666666666,0.0,3.820335203909779,3.820335203909779
2025-04-23 08:56:00,156.04470885561113,158.15228308402575,0.0,0.019666666666666666,0.0,3.735649140383916,3.735649140383916
2025-04-23 08:57:00,155.46645750179778,158.42115860920543,0.0,0.019666666666666666,0.0,3.6510842202975926,3.6510842202975926
2025-04-23 08:58:00,154.88495688490522,158.7007479090484,0.0,0.019666666666666666,0.0,3.5667133489485128,3.5667133489485128
2025-04-23 08:59:00,154.30055688713549,158.98807785391293,0.0,0.019666666666666666,0.0,3.482606592806693,3.482606592806693
2025-04-23 09:00:00,153.71359612511483,159.27525897738082,0.0,0.019666666666666666,0.0,3.3988312128239517,3.3988312128239517
2025-04-23 09:01:00,153.1244021534426,159.5531644832068,0.0,0.019666666666666666,0.0,3.315451700764222,3.315451700764222
2025-04-23 09:02:00,152.5332916752853,159.81265672371285,0.0,0.019666666666666666,0.0,3.232529818237886,3.232529818237886
2025-04-23 09:03:00,151.9405707590048,160.0445874164161,0.0,0.019666666666666666,0.0,3.150124638143817,3.150124638143817
2025-04-23 09:04:00,151.34653505988527,160.2397978657562,0.0,0.019666666666666666,0.0,3.068292588241499,3.068292588241499
2025-04-23 09:05:00,150.75147004609786,160.38911918905967,0.0,0.019666666666666666,0.0,2.987087496594377,2.987087496594377
2025-04-23 09:06:00,150.15565122810753,160.48337254594685,0.0,0.019666666666666666,0.0,2.9065606386428477,2.9065606386428477
2025-04-23 09:07:00,149.55934439079223,160.5133693704511,11.0,0.019666666666666666,0.0,2.826760785681344,2.826760785681344
2025-04-23 09:08:00,148.9649897586617,160.47209553623753,0.0,4.706783333333333,0.0,2.748022090884856,2.748022090884856
2025-04-23 09:09:00,148.38308726851417,160.3605966292598,0.0,0.019666666666666666,0.0,2.671716940184163,2.671716940184163
2025-04-23 09:10:00,147.82407645907853,160.1798578374021,0.0,0.019666666666666666,0.0,2.599153512530724,2.599153512530724
2025-04-23 09:11:00,147.29643914544866,159.9289066249138,0.0,0.019666666666666666,0.0,2.5313360728007863,2.5313360728007863
2025-04-23 09:12:00,146.80670461907698,159.60481793240268,0.0,0.019666666666666666,0.0,2.468982473394967,2.468982473394967
2025-04-23 09:13:00,146.35962745359848,159.20289198265908,0.0,0.019666666666666666,0.0,2.412563326503462,2.412563326503462
2025-04-23 09:14:00,145.95839103620233,158.72056347360348,0.0,0.019666666666666666,0.0,2.362342186506847,2.362342186506847
2025-04-23 09:15:00,145.60477757020186,158.16868856558386,0.0,0.019666666666666666,0.0,2.318408711803062,2.318408711803062
2025-04-23 09:16:00,145.29931401819894,157.56057383981266,0.0,0.019666666666666666,0.0,2.280705977276983,2.280705977276983
2025-04-23 09:17:00,145.0414120530806,156.90841058778744,0.0,0.019666666666666666,0.0,2.2490542647167238,2.2490542647167238
2025-04-23 09:18:00,144.82951658138435,156.22342333465633,0.0,0.019666666666666666,0.0,2.2231732798155552,2.2231732798155552
2025-04-23 09:19:00,144.66126807484994,155.51603217076956,0.0,0.019666666666666666,0.0,2.202703697047352,2.202703697047352
2025-04-23 09:20:00,144.53367474580776,154.7960249270681,0.0,0.019666666666666666,0.0,2.187227937679774,2.187227937679774
2025-04-23 09:21:00,144.44328387732014,154.07272850522483,0.0,0.019666666666666666,0.0,2.1762893740101035,2.1762893740101035
2025-04-23 09:22:00,144.38634089226719,153.3551679467304,0.0,0.019666666666666666,0.0,2.1694091061119773,2.1694091061119773
2025-04-23 09:23:00,144.35892789427731,152.6522049738238,0.0,0.019666666666666666,0.0,2.166099801718566,2.166099801718566
2025-04-23 09:24:00,144.35707786755916,151.97265218932424,0.0,0.019666666666666666,0.0,2.165876534747185,2.165876534747185
2025-04-23 09:25:00,144.37686446848502,151.3253628682145,0.0,0.019666666666666666,0.0,2.1682648939116547,2.1682648939116547
2025-04-23 09:26:00,144.41446967420407,150.71929860625437,0.0,0.019666666666666666,0.0,2.1728068031545895,2.1728068031545895
2025-04-23 09:27:00,144.46623260727773,150.16357814461577,0.0,0.019666666666666666,0.0,2.179064532121296,2.179064532121296
2025-04-23 09:28:00,144.52868304999132,149.66751088419463,0.0,0.019666666666666666,0.0,2.1866233327622067,2.1866233327622067
2025-04-23 09:29:00,144.59856289112048,149.23762419190234,0.0,0.019666666666666666,0.0,2.195093062889648,2.195093062889648
2025-04-23 09:30:00,144.67283828280176,148.8686931361123,0.0,0.019666666666666666,0.0,2.204109077210215,2.204109077210215
2025-04-23 09:31:00,144.74870478194012,148.55272804949146,0.0,0.019666666666666666,0.0,2.213332594810179,2.213332594810179
2025-04-23 09:32:00,144.82358728577827,148.28196860504463,0.0,0.019666666666666666,0.0,2.222450694139103,2.222450694139103
2025-04-23 09:33:00,144.89513617435142,148.04887995856902,0.0,0.019666666666666666,0.0,2.2311760423667097,2.2311760423667097
2025-04-23 09:34:00,144.9612207485234,147.84614618669053,0.0,0.019666666666666666,0.0,2.2392464337064206,2.2392464337064206
2025-04-23 09:35:00,145.0199207949175,147.66666185179452,0.0,0.019666666666666666,0.0,2.246424188457813,2.246424188457813
2025-04-23 09:36:00,145.06951690810055,147.5035223242098,0.0,0.019666666666666666,0.0,2.2524954487839794,2.2524954487839794
2025-04-23 09:37:00,145.10848004517163,147.35001333679756,0.0,0.019666666666666666,0.0,2.257269396640147,2.257269396640147
2025-04-23 09:38:00,145.13546066883868,147.19960012802773,0.0,0.019666666666666666,0.0,2.260577412274248,2.260577412274248
2025-04-23 09:39:00,145.14927774407644,147.04591643863716,0.0,0.019666666666666666,0.0,2.2622721871738367,2.2622721871738367
2025-04-23 09:40:00,145.1489077840796,146.88275355758253,0.0,0.019666666666666666,0.0,2.2622268024108543,2.2622268024108543
2025-04-23 09:41:00,145.1334740883721,146.70404956014988,0.0,0.019666666666666666,0.0,2.2603337814529505,2.2603337814529505
2025-04-23 09:42:00,145.10223627568317,146.50387884083042,0.0,0.019666666666666666,0.0,2.256504125269633,2.256504125269633
2025-04-23 09:43:00,145.05458018355307,146.2764420129265,0.0,0.019666666666666666,0.0,2.250666336702461,2.250666336702461
2025-04-23 09:44:00,144.9900081832988,146.01605622351718,0.0,0.019666666666666666,0.0,2.2427654404184523,2.2427654404184523
2025-04-23 09:45:00,144.90812994122288,145.717145914667,0.0,0.019666666666666666,0.0,2.232762004224478,2.232762004224478
2025-04-23 09:46:00,144.8086536434702,145.37423404828286,0.0,0.019666666666666666,0.0,2.220631167024261,2.220631167024261
2025-04-23 09:47:00,144.6913776917358,144.9819338018219,0.0,0.019666666666666666,0.0,2.2063616782192117,2.2063616782192117
2025-04-23 09:48:00,144.55618286934157,144.53494073436806,0.0,0.019666666666666666,0.0,2.1899549528748112,2.1899549528748112
2025-04-23 09:49:00,144.40302497145643,144.02802541685227,0.0,0.019666666666666666,0.0,2.1714241464923947,2.1714241464923947
2025-04-23 09:50:00,144.2319278889941,143.45602651595033,0.0,0.019666666666666666,0.0,2.150793252745874,2.150793252745874
2025-04-23 09:51:00,144.04297713264373,142.8138443181134,0.0,0.019666666666666666,0.0,2.1280962270689194,2.1280962270689194
2025-04-23 09:52:00,143.83631378131435,142.0964346780126,0.0,0.019666666666666666,0.0,2.1033761385166763,2.1033761385166763
2025-04-23 09:53:00,143.61212883780166,141.29880337420565,0.0,0.019666666666666666,0.0,2.076684351884697,2.076684351884697
2025-04-23 09:54:00,143.37065797355822,140.41600085390712,0.0,0.019666666666666666,0.0,2.048079741649886,2.048079741649886
2025-04-23 09:55:00,143.11217664394394,139.44311734823904,0.0,0.019666666666666666,0.0,2.0176279389097194,2.0176279389097194
2025-04-23 09:56:00,142.8369955551572,138.37527833916178,0.0,0.019666666666666666,0.0,1.9854006121379522,1.9854006121379522
2025-04-23 09:57:00,142.54545646412197,137.2076403593614,0.0,0.019666666666666666,0.0,1.951474782250398,1.951474782250398
2025-04-23 09:58:00,142.2379282928743,135.93538710663597,0.0,0.019666666666666666,0.0,1.9159321721834366,1.9159321721834366
2025-04-23 09:59:00,141.91480353940278,136.39058216508744,0.0,0.019666666666666666,0.0,1.8788585909292463,1.8788585909292463
2025-04-23 10:00:00,141.57649496742,136.5622094000867,0.0,0.019666666666666666,0.0,1.840343351747122,1.840343351747122
2025-04-23 10:01:00,141.2234325581378,136.46941048475716,0.0,0.019666666666666666,0.0,1.800478724074734,1.800478724074734
2025-04-23 10:02:00,140.85606070777294,136.1313415072272,0.0,0.019666666666666666,0.0,1.7593594184978603,1.7593594184978603
2025-04-23 10:03:00,140.47483565519656,135.56717039827953,0.0,0.019666666666666666,0.0,1.7170821039988908,1.7170821039988908
2025-04-23 10:04:00,140.08022312484815,134.79607457426525,0.0,0.019666666666666666,0.0,1.6737449565895806,1.6737449565895806
2025-04-23 10:05:00,139.67269617075237,133.83723878112062,0.0,0.019666666666666666,0.0,1.6294472383430756,1.6294472383430756
2025-04-23 10:06:00,139.25273320819048,132.7098531260385,0.0,0.019666666666666666,0.0,1.5842889057684477,1.5842889057684477
2025-04-23 10:07:00,138.82081622028718,131.43311128405514,0.0,0.019666666666666666,0.0,1.5383702464181597,1.5383702464181597
2025-04-23 10:08:00,138.37742912746657,130.02620886750628,0.0,0.019666666666666666,0.0,1.4917915425812798,1.4917915425812798
2025-04-23 10:09:00,137.9230563084062,128.50834194698103,0.0,0.019666666666666666,0.0,1.4446527608921866,1.4446527608921866
2025-04-23 10:10:00,137.4581812617738,126.89870571305877,0.0,0.019666666666666666,0.0,1.3970532666729207,1.3970532666729207
2025-04-23 10:11:00,136.98328539866213,125.2164932687438,0.0,0.019666666666666666,0.0,1.349091561826491,1.349091561826491
2025-04-23 10:12:00,136.49884695624226,123.48089454311881,0.0,0.019666666666666666,0.0,1.3008650451062318,1.3008650451062318
2025-04-23 10:13:00,136.00534002373894,121.71109531732012,0.0,0.019666666666666666,0.0,1.2524697936015141,1.2524697936015141
2025-04-23 10:14:00,135.50323367238218,119.92627635448937,0.0,0.019666666666666666,0.0,1.2040003643012618,1.2040003643012618
2025-04-23 10:15:00,134.9929911815185,118.14561262588465,0.0,0.019666666666666666,0.0,1.155549614623221,1.155549614623221
2025-04-23 10:16:00,134.47506935356589,116.38827262583555,0.0,0.019666666666666666,0.0,1.1072085408271377,1.1072085408271377
2025-04-23 10:17:00,133.94991791096976,114.67341776869908,0.0,0.019666666666666666,0.0,1.0590661332635578,1.0590661332635578
2025-04-23 10:18:00,133.4179789687681,113.02020186142482,0.0,0.019666666666666666,0.0,1.0112092474456236,1.0112092474456236
2025-04-23 10:19:00,132.87968657679716,111.44777064576061,0.0,0.019666666666666666,0.0,0.96372248996889,0.96372248996889
2025-04-23 10:20:00,132.3354663259694,109.97526140453054,0.0,0.019666666666666666,0.0,0.9166881183427865,0.9166881183427865
2025-04-23 10:21:00,131.78573501343288,108.6218026267942,0.0,0.019666666666666666,0.0,0.8701859538369474,0.8701859538369474
2025-04-23 10:22:00,131.2309003617755,107.40651372705113,0.0,0.019666666666666666,0.0,0.8242933064847728,0.8242933064847728
2025-04-23 10:23:00,130.67136078777202,106.34850481398767,0.0,0.019666666666666666,0.0,0.7790849114265925,0.7790849114265925
2025-04-23 10:24:00,130.10750521648393,105.46687650457692,0.0,0.019666666666666666,0.0,0.7346328758134651,0.7346328758134651
2025-04-23 10:25:00,129.53971293681678,104.780719779636,0.0,0.019666666666666666,0.0,0.6910066355315865,0.6910066355315865
2025-04-23 10:26:00,128.96835349491556,104.30911587722152,0.0,0.019666666666666666,0.0,0.6482729210446254,0.6482729210446254
2025-04-23 10:27:00,128.39378662203566,104.07113622050045,0.0,0.019666666666666666,0.0,0.6064957316882417,0.6064957316882417
2025-04-23 10:28:00,127.81636219377013,104.08584237697742,0.0,0.019666666666666666,0.0,0.5657363177866563,0.5657363177866563
2025-04-23 10:29:00,127.23642021773911,104.36325196662662,0.0,0.019666666666666666,0.0,0.5260531699954675,0.5260531699954675
2025-04-23 10:30:00,126.65429084705875,104.87723643668787,0.0,0.019666666666666666,0.0,0.4875020153086068,0.4875020153086068
2025-04-23 10:31:00,126.07029441710543,105.59262333710367,0.0,0.019666666666666666,0.0,0.4501358191986504,0.4501358191986504
2025-04-23 10:32:00,125.48474150327462,106.47423045783563,0.0,0.019666666666666666,0.0,0.4140047933909927,0.4140047933909927
2025-04-23 10:33:00,124.89793299760662,107.48686590549015,0.0,0.019666666666666666,0.0,0.3791564088012936,0.3791564088012936
2025-04-23 10:34:00,124.3101602023122,108.59532819684412,0.0,0.019666666666666666,0.0,0.3456354131939432,0.3456354131939432
2025-04-23 10:35:00,123.72170493838101,109.7644063674533,0.0,0.019666666666666666,0.0,0.31348385314580257,0.31348385314580257
2025-04-23 10:36:00,123.13283966759545,110.95888009366622,0.0,0.019666666666666666,0.0,0.2827410999250625,0.2827410999250625
2025-04-23 10:37:00,122.54382762640319,112.14351982649667,0.0,0.019666666666666666,0.0,0.2534438789192581,0.2534438789192581
2025-04-23 10:38:00,121.95492297022291,113.28308693592945,0.0,0.019666666666666666,0.0,0.22562630226930958,0.22562630226930958
2025-04-23 10:39:00,121.3663709268707,114.34233386434674,0.0,0.019666666666666666,0.0,0.19931990438840183,0.19931990438840183
2025-04-23 10:40:00,120.77840795790031,115.28600428786844,0.0,0.019666666666666666,0.0,0.17455368006503502,0.17455368006503502
2025-04-23 10:41:00,120.19126192674781,116.07883328449671,0.0,0.019666666666666666,0.0,0.15135412486915367,0.15135412486915367
2025-04-23 10:42:00,119.60515227266285,116.68554750804734,0.0,0.019666666666666666,0.0,0.12974527759866597,0.12974527759866597
2025-04-23 10:43:00,119.02029018949341,117.07086536693441,0.0,0.019666666666666666,0.0,0.10974876452111557,0.10974876452111557
2025-04-23 10:44:00,118.43687880846952,117.20939273010664,0.0,0.019666666666666666,0.0,0.09138384518172103,0.09138384518172103
2025-04-23 10:45:00,117.85511338420481,117.11530968250653,0.0,0.019666666666666666,0.0,0.07466745956455806,0.07466745956455806
2025-04-23 10:46:00,117.2751814832031,116.81268414411932,0.0,0.019666666666666666,0.0,0.05961427640810574,0.05961427640810574
2025-04-23 10:47:00,116.69726317421976,116.32557653718179,0.0,0.019666666666666666,0.0,0.04623674249040339,0.04623674249040339
2025-04-23 10:48:00,116.12153121988716,115.67803997780777,0.0,0.019666666666666666,0.0,0.034545132711778545,0.034545132711778545
2025-04-23 10:49:00,115.54815126906745,114.8941204683408,0.0,0.019666666666666666,0.0,0.024547600815470333,0.024547600815470333
2025-04-23 10:50:00,114.97728204944643,113.99785708994813,0.0,0.019666666666666666,0.0,0.01625023059781926,0.01625023059781926
2025-04-23 10:51:00,114.40907555992976,113.01328219501683,0.0,0.019666666666666666,0.0,0.009657087470516091,0.009657087470516091
2025-04-23 10:52:00,113.84367726244561,111.9644215989565,0.0,0.019666666666666666,0.0,0.004770270247481518,0.004770270247481518
2025-04-23 10:53:00,113.28122627279882,110.8752947710534,0.0,0.019666666666666666,0.0,0.0015899630384258916,0.0015899630384258916
2025-04-23 10:54:00,112.72185555025851,109.76991502405811,0.0,0.019666666666666666,0.0,0.0001144871400462981,0.0001144871400462981
2025-04-23 10:55:00,112.16569208559623,108.67228970222357,0.0,0.019666666666666666,0.000340352824118543,0.0,0.000340352824118543
2025-04-23 10:56:00,111.61285708732363,107.60642036754285,0.0,0.019666666666666666,0.0022623109295464355,0.0,0.0022623109295464355
2025-04-23 10:57:00,111.06346616590831,106.59630298396499,0.0,0.019666666666666666,0.005873404172731363,0.0,0.005873404172731363
2025-04-23 10:58:00,110.51762951577446,105.66592809939561,0.0,0.019666666666666666,0.011165018097424484,0.0,0.011165018097424484
2025-04-23 10:59:00,109.97545209492019,104.8330135290851,0.0,0.019666666666666666,0.018126931591583184,0.0,0.018126931591583184
2025-04-23 11:00:00,109.43703380200704,104.09020204403056,0.0,0.019666666666666666,0.02674736690470661,0.0,0.02674736690470661
2025-04-23 11:01:00,108.9024696507994,103.4238640341029,0.0,0.019666666666666666,0.037013039104621503,0.0,0.037013039104621503
2025-04-23 11:02:00,108.3718499418516,102.82036517596289,0.0,0.019666666666666666,0.048909204917830025,0.0,0.048909204917830025
2025-04-23 11:03:00,107.84526043135949,102.26606660191284,0.0,0.019666666666666666,0.06241971090233573,0.0,0.06241971090233573
2025-04-23 11:04:00,107.32278249711065,101.74732506584678,0.0,0.019666666666666666,0.07752704090623266,0.0,0.07752704090623266
2025-04-23 11:05:00,106.80449330148357,101.25049310624966,0.0,0.019666666666666666,0.09421236276945354,0.0,0.09421236276945354
2025-04-23 11:06:00,106.2904659514614,100.7619192062111,0.0,0.019666666666666666,0.1124555742298413,0.0,0.1124555742298413
2025-04-23 11:07:00,105.78076965563949,100.2679479504329,0.0,0.019666666666666666,0.13223534799818717,0.0,0.13223534799818717
2025-04-23 11:08:00,105.27546987821931,99.75492017922299,0.0,0.019666666666666666,0.1535291759699878,0.0,0.1535291759699878
2025-04-23 11:09:00,104.77462848999339,99.20917313948037,0.0,0.019666666666666666,0.1763134125446787,0.0,0.1763134125446787
2025-04-23 11:10:00,104.27830391633711,98.61704063268687,0.0,0.019666666666666666,0.2005633170256061,0.0,0.2005633170256061
2025-04-23 11:11:00,103.78655128223397,97.96485315993243,0.0,0.019666666666666666,0.22625309507642838,0.0,0.22625309507642838
2025-04-23 11:12:00,103.29942255437092,97.2389380640105,0.0,0.019666666666666666,0.25335593921179866,0.0,0.25335593921179866
2025-04-23 11:13:00,102.81696668034984,96.42561966862938,0.0,0.019666666666666666,0.28184406830195263,0.0,0.28184406830195263
2025-04-23 11:14:00,102.33922972506984,95.51673530602551,0.0,0.019666666666666666,0.3116887660725603,0.0,0.3116887660725603
2025-04-23 11:15:00,101.86625500434418,94.52618312427275,0.0,0.019666666666666666,0.342860418582516,0.0,0.342860418582516
2025-04-23 11:16:00,101.39808321582316,93.47337454451291,0.0,0.019666666666666666,0.37532855066360865,0.0,0.37532855066360865
2025-04-23 11:17:00,100.93475256730241,92.37771849803306,0.0,0.019666666666666666,0.4090618613070205,0.0,0.4090618613070205
2025-04-23 11:18:00,100.47629890250377,91.25862155204655,0.0,0.019666666666666666,0.44402825798208356,0.0,0.44402825798208356
2025-04-23 11:19:00,100.02275582442324,90.13548803304083,0.0,0.019666666666666666,0.48019488987363806,0.0,0.48019488987363806
2025-04-23 11:20:00,99.57415481634793,89.0277201477945,0.0,0.019666666666666666,0.5175281800241887,0.0,0.5175281800241887
2025-04-23 11:21:00,99.13052536065102,87.9547181021722,0.0,0.019666666666666666,0.5559938563677049,0.0,0.5559938563677049
2025-04-23 11:22:00,98.69189505548172,86.93588021781463,0.0,0.019666666666666666,0.5955569816410742,0.0,0.5955569816410742
2025-04-23 11:23:00,98.25828972947384,85.99060304684704,0.0,0.019666666666666666,0.6361819821595077,0.0,0.6361819821595077
2025-04-23 11:24:00,97.82973355460494,85.13828148473851,0.0,0.019666666666666666,0.6778326754412218,0.0,0.6778326754412218
2025-04-23 11:25:00,97.40624915734557,84.39830888145103,0.0,0.019666666666666666,0.7204722966658841,0.0,0.7204722966658841
2025-04-23 11:26:00,96.98785772824634,83.79007715102671,0.0,0.019666666666666666,0.76406352395045,0.0,0.76406352395045
2025-04-23 11:27:00,96.57457913011913,83.33297687976889,0.0,0.019666666666666666,0.8085685024246532,0.0,0.8085685024246532
2025-04-23 11:28:00,96.16643200497812,83.04639743318322,0.0,0.019666666666666666,0.8539488670863382,0.0,0.8539488670863382
2025-04-23 11:29:00,95.76343387991548,82.94211910630278,0.0,0.019666666666666666,0.90016576441577,0.0,0.90016576441577
2025-04-23 11:30:00,95.3656012720974,83.00148936203239,0.0,0.019666666666666666,0.9471798727252406,0.0,0.9471798727252406
2025-04-23 11:31:00,94.97294979307702,83.19824680211329,0.0,0.019666666666666666,0.9949514212178348,0.0,0.9949514212178348
2025-04-23 11:32:00,94.58549425263276,83.50612922651192,0.0,0.019666666666666666,1.0434402077269254,0.0,1.0434402077269254
2025-04-23 11:33:00,94.2032487623537,83.89887373700545,0.0,0.019666666666666666,1.0926056151041403,0.0,1.0926056151041403
2025-04-23 11:34:00,93.82622683920789,84.35021684074998,0.0,0.019666666666666666,1.142406626220378,0.0,1.142406626220378
2025-04-23 11:35:00,93.45444150934456,84.83389455408283,0.0,0.019666666666666666,1.1928018375405474,0.0,1.1928018375405474
2025-04-23 11:36:00,93.0879054123986,85.32364250682694,0.0,0.019666666666666666,1.243749471227931,0.0,1.243749471227931
2025-04-23 11:37:00,92.72663090658355,85.79319604738394,0.0,0.019666666666666666,1.2952073857296837,0.0,1.2952073857296837
2025-04-23 11:38:00,92.37063017488029,86.21629034892274,0.0,0.019666666666666666,1.3471330847893705,0.0,1.3471330847893705
2025-04-23 11:39:00,92.01991533265027,86.56666051699288,0.0,0.019666666666666666,1.3994837248264176,0.0,1.3994837248264176
2025-04-23 11:40:00,91.67449853702684,86.81804169891578,0.0,0.019666666666666666,1.452216120616375,0.0,1.452216120616375
2025-04-23 11:41:00,91.3343920984653,86.9441691953348,0.0,0.019666666666666666,1.5052867491980786,0.0,1.5052867491980786
2025-04-23 11:42:00,90.99960859486127,86.91877857433361,0.0,0.019666666666666666,1.558651751926685,0.0,1.558651751926685
2025-04-23 11:43:00,90.67016098868018,86.71560578856572,0.0,0.019666666666666666,1.6122669345826655,0.0,1.6122669345826655
2025-04-23 11:44:00,90.3460627475756,86.31668893359871,0.0,0.019666666666666666,1.6660877654376949,0.0,1.6660877654376949
2025-04-23 11:45:00,90.02732796901397,85.7372732857167,0.0,0.019666666666666666,1.7200693711682404,0.0,1.7200693711682404
2025-04-23 11:46:00,89.71397150946551,85.00090651793353,0.0,0.019666666666666666,1.7741665304970984,0.0,1.7741665304970984
2025-04-23 11:47:00,89.40600911876886,84.13113719663151,0.0,0.019666666666666666,1.8283336654307913,0.0,1.8283336654307913
2025-04-23 11:48:00,89.1034575803275,83.15151492175771,0.0,0.019666666666666666,1.8825248299481716,0.0,1.8825248299481716
2025-04-23 11:49:00,88.80633485785233,82.08559047356668,0.0,0.019666666666666666,1.9366936959827117,0.0,1.9366936959827117
2025-04-23 11:50:00,88.51466024942529,80.95691596668398,0.0,0.019666666666666666,1.9907935365252718,0.0,1.9907935365252718
2025-04-23 11:51:00,88.22845454972436,79.78904501233121,0.0,0.019666666666666666,2.044777205659742,0.0,2.044777205659742
2025-04-23 11:52:00,87.94774022132039,78.60553288962286,0.0,0.019666666666666666,2.0985971153276757,0.0,2.0985971153276757
2025-04-23 11:53:00,87.67254157603128,77.42993672692047,0.0,0.019666666666666666,2.1522052086015218,0.0,2.1522052086015218
2025-04-23 11:54:00,87.40288496739778,76.28581569430841,0.0,0.019666666666666666,2.205552929229289,0.0,2.205552929229289
2025-04-23 11:55:00,87.13879899542755,75.19673120833797,0.0,0.019666666666666666,2.2585911871969007,0.0,2.2585911871969007
2025-04-23 11:56:00,86.88031472483814,74.18624715027032,0.0,0.019666666666666666,2.3112703200389637,0.0,2.3112703200389637
2025-04-23 11:57:00,86.62746591811316,73.2779300991327,0.0,0.019666666666666666,2.3635400496142505,0.0,2.3635400496142505
2025-04-23 11:58:00,86.38028928476668,72.49534958098282,0.0,0.019666666666666666,2.415349434051155,0.0,2.415349434051155
2025-04-23 11:59:00,86.13882474828334,71.8562753480361,0.0,0.019666666666666666,2.466646814561128,0.0,2.466646814561128
2025-04-23 12:00:00,85.90311573226087,71.35526870136968,0.0,0.019666666666666666,2.517379756818199,0.0,2.517379756818199
2025-04-23 12:01:00,85.67320946731783,70.98109176126864,0.0,0.019666666666666666,2.567494986611197,0.0,2.567494986611197
2025-04-23 12:02:00,85.44915732033218,70.72251078427753,0.0,0.019666666666666666,2.616938319498006,0.0,2.616938319498006
2025-04-23 12:03:00,85.23101514752918,70.56829651628816,0.0,0.019666666666666666,2.665654584231583,0.0,2.665654584231583
2025-04-23 12:04:00,85.01884367281934,70.50722457087758,0.0,0.019666666666666666,2.7135875397938367,0.0,2.7135875397938367
2025-04-23 12:05:00,84.81270889257017,70.52807583407986,0.0,0.019666666666666666,2.7606797859720675,0.0,2.7606797859720675
2025-04-23 12:06:00,84.6126825076438,70.61963689642369,0.0,0.019666666666666666,2.8068726675593587,0.0,2.8068726675593587
2025-04-23 12:07:00,84.41884238299585,70.77070051253125,0.0,0.019666666666666666,2.852106172463827,0.0,2.852106172463827
2025-04-23 12:08:00,84.23127303434792,70.97006608779068,0.0,0.019666666666666666,2.896318824297592,0.0,2.896318824297592
2025-04-23 12:09:00,84.05006614033562,71.20654019050414,0.0,0.019666666666666666,2.9394475704025873,0.0,2.9394475704025873
2025-04-23 12:10:00,83.87532107699546,71.46893708637472,0.0,0.019666666666666666,2.9814276667915607,0.0,2.9814276667915607
2025-04-23 12:11:00,83.7071454693602,71.74607929010173,0.0,0.019666666666666666,3.022192562172318,0.0,3.022192562172318
2025-04-23 12:12:00,83.5456557521301,72.02679812605197,0.0,0.019666666666666666,3.06167378412747,0.0,3.06167378412747
2025-04-23 12:13:00,83.39097772769918,72.29993428628602,0.0,0.019666666666666666,3.0998008316900765,0.0,3.0998008316900765
2025-04-23 12:14:00,83.24324710503421,72.5543383694372,0.0,0.019666666666666666,3.136501080044484,0.0,3.136501080044484
2025-04-23 12:15:00,83.10260999682242,72.7788713778593,0.0,0.019666666666666666,3.1716997049474465,0.0,3.1716997049474465
2025-04-23 12:16:00,82.96922334472059,72.96240514287567,0.0,0.019666666666666666,3.2053196367570367,0.0,3.2053196367570367
2025-04-23 12:17:00,82.8432552333219,73.09382263874602,0.0,0.019666666666666666,3.2372815567026785,0.0,3.2372815567026785
2025-04-23 12:18:00,82.72488504260386,73.16201813511444,0.0,0.019666666666666666,3.2675039512132003,0.0,3.2675039512132003
2025-04-23 12:19:00,82.61430337637424,73.15589712545523,0.0,0.019666666666666666,3.295903243646304,0.0,3.295903243646304
2025-04-23 12:20:00,82.51171169121999,73.06437595602189,0.0,0.019666666666666666,3.322394026420363,0.0,3.322394026420363
2025-04-23 12:21:00,82.41732153788108,72.87638106722099,0.0,0.019666666666666666,3.3468894199513044,0.0,3.3468894199513044
2025-04-23 12:22:00,82.33135331675025,72.58084774911177,0.0,0.019666666666666666,3.3693015873366656,0.0,3.3693015873366656
2025-04-23 12:23:00,82.25403444412964,72.16671830766296,0.0,0.019666666666666666,3.3895424345458336,0.0,3.3895424345458336
2025-04-23 12:24:00,82.18559682954957,71.62293954207142,0.0,0.019666666666666666,3.40752452387646,0.0,3.40752452387646
2025-04-23 12:25:00,82.12627358091817,70.93845944991185,0.0,0.019666666666666666,3.4231622224126115,0.0,3.4231622224126115
2025-04-23 12:26:00,82.0762948872411,70.10222310985645,0.0,0.019666666666666666,3.4363730960793735,0.0,3.4363730960793735
2025-04-23 12:27:00,82.03588308028549,69.1031677433389,0.0,0.019666666666666666,3.447079543040119,0.0,3.447079543040119
2025-04-23 12:28:00,82.00524694594418,67.93021702591861,0.0,0.019666666666666666,3.455210637994334,0.0,3.455210637994334
2025-04-23 12:29:00,81.98457543787949,68.62036634827885,0.0,0.019666666666666666,3.4607041331238584,0.0,3.4607041331238584
2025-04-23 12:30:00,81.97403103017508,69.28577854352102,0.0,0.019666666666666666,3.4635085351995536,0.0,3.4635085351995536
2025-04-23 12:31:00,81.97374301842221,69.92644232955925,0.0,0.019666666666666666,3.4635851560181266,0.0,3.4635851560181266
2025-04-23 12:32:00,81.98380112534403,70.5423068514396,0.0,0.019666666666666666,3.460910019446826,0.0,3.460910019446826
2025-04-23 12:33:00,82.0042497763231,71.13327595686755,0.0,0.019666666666666666,3.455475506496062,0.0,3.455475506496062
2025-04-23 12:34:00,82.03508337744107,71.6992034742476,0.0,0.019666666666666666,3.4472916314928597,0.0,3.4472916314928597
2025-04-23 12:35:00,82.07624285780942,72.23988975501416,0.0,0.019666666666666666,3.436386866397455,0.0,3.436386866397455
2025-04-23 12:36:00,82.12761364060069,72.75507964466263,0.0,0.019666666666666666,3.4228084629924656,0.0,3.4228084629924656
2025-04-23 12:37:00,82.18902509912165,73.24446193882271,0.0,0.019666666666666666,3.4066222590447004,0.0,3.4066222590447004
2025-04-23 12:38:00,82.26025145144295,73.70767027788793,0.0,0.019666666666666666,3.387911989447196,0.0,3.387911989447196
2025-04-23 12:39:00,82.34101396197285,74.14428534858942,0.0,0.019666666666666666,3.366778152643359,0.0,3.366778152643359
2025-04-23 12:40:00,82.43098425802332,74.55383820056208,0.0,0.019666666666666666,3.3433365038240455,0.0,3.3433365038240455
2025-04-23 12:41:00,82.52978853551288,74.93581445204731,0.0,0.019666666666666666,3.3177162587027667,0.0,3.3177162587027667
2025-04-23 12:42:00,82.6370124179065,75.28965914883297,0.0,0.019666666666666666,3.290058095745474,0.0,3.290058095745474
2025-04-23 12:43:00,82.75220624127235,75.61478204931012,0.0,0.019666666666666666,3.260512042060565,0.0,3.260512042060565
2025-04-23 12:44:00,82.87489056006434,75.91056313025558,0.0,0.019666666666666666,3.2292353206123465,0.0,3.2292353206123465
2025-04-23 12:45:00,83.00456169740607,76.17635813711583,0.0,0.019666666666666666,3.196390225843617,0.0,3.196390225843617
2025-04-23 12:46:00,83.14069719574621,76.41150403466243,0.0,0.019666666666666666,3.1621420827628857,0.0,3.1621420827628857
2025-04-23 12:47:00,83.28276105550187,76.61532424563539,0.0,0.019666666666666666,3.1266573322848257,0.0,3.1266573322848257
2025-04-23 12:48:00,83.43020867858989,76.78713359427447,0.0,0.019666666666666666,3.0901017739614813,0.0,3.0901017739614813
2025-04-23 12:49:00,83.58249145941048,76.92624289730273,0.0,0.019666666666666666,3.0526389867355146,0.0,3.0526389867355146
2025-04-23 12:50:00,83.73906098744041,77.03196316651986,0.0,0.019666666666666666,3.014428939264347,0.0,3.014428939264347
2025-04-23 12:51:00,83.89937284313893,77.10360940470801,0.0,0.019666666666666666,2.9756267937952434,0.0,2.9756267937952434
2025-04-23 12:52:00,84.06288998267294,77.14050399035695,0.0,0.019666666666666666,2.9363819014871604,0.0,2.9363819014871604
2025-04-23 12:53:00,84.2290857174823,77.14197965722944,0.0,0.019666666666666666,2.8968369823626627,0.0,2.8968369823626627
2025-04-23 12:54:00,84.39744630243368,77.10738208251504,74.0,0.019666666666666666,2.857127479586383,0.0,2.857127479586383
2025-04-23 12:55:00,84.56728171830558,77.03588066931518,0.0,14.819666666666667,2.8174256253604204,0.0,2.8174256253604204
2025-04-23 12:56:00,84.73758349620509,76.92632637105982,0.0,0.019666666666666666,2.7779713166991096,0.0,2.7779713166991096
2025-04-23 12:57:00,84.90787790111791,76.77810487505754,0.0,0.019666666666666666,2.73887379229462,0.0,2.73887379229462
2025-04-23 12:58:00,85.07817787942749,76.59108855001467,0.0,0.019666666666666666,2.7001281311074794,0.0,2.7001281311074794
2025-04-23 12:59:00,85.24885130882876,76.36680213203462,0.0,0.019666666666666666,2.6616498783496185,0.0,2.6616498783496185
2025-04-23 13:00:00,85.42059633385793,76.11229036840402,0.0,0.019666666666666666,2.6232841744430107,0.0,2.6232841744430107
2025-04-23 13:01:00,85.59445592477253,75.83624026821644,0.0,0.019666666666666666,2.5848059470641402,0.0,2.5848059470641402
2025-04-23 13:02:00,85.77183843893624,75.54770422767156,0.0,0.019666666666666666,2.545919081599746,0.0,2.545919081599746
2025-04-23 13:03:00,85.95453340235895,75.25611581161527,0.0,0.019666666666666666,2.5062571396316082,0.0,2.5062571396316082
2025-04-23 13:04:00,86.14471918000048,74.97129742384341,0.0,0.019666666666666666,2.4653864795345726,0.0,2.4653864795345726
2025-04-23 13:05:00,86.3449619462136,74.70345927754474,0.0,0.019666666666666666,2.422812047837918,0.0,2.422812047837918
2025-04-23 13:06:00,86.55820628695515,74.46318999751212,0.0,0.019666666666666666,2.3779859427759096,0.0,2.3779859427759096
2025-04-23 13:07:00,86.78775847907805,74.26143989943445,0.0,0.019666666666666666,2.330318722111196,0.0,2.330318722111196
2025-04-23 13:08:00,87.0372633751804,74.10949787474587,0.0,0.019666666666666666,2.2791934548435138,0.0,2.2791934548435138
2025-04-23 13:09:00,87.31068620404785,74.01897319106803,0.0,0.019666666666666666,2.223980406966114,0.0,2.223980406966114
2025-04-23 13:10:00,87.61231516453839,74.00179808609488,0.0,0.019666666666666666,2.164049571875432,0.0,2.164049571875432
2025-04-23 13:11:00,87.9466817861461,74.07014812815657,0.0,0.019666666666666666,2.0988016875203646,0.0,2.0988016875203646
2025-04-23 13:12:00,88.31830813257847,74.23618941979657,0.0,0.019666666666666666,2.0277328632805487,0.0,2.0277328632805487
2025-04-23 13:13:00,88.73153981806891,74.5119116140843,0.0,0.019666666666666666,1.950479053602935,0.0,1.950479053602935
2025-04-23 13:14:00,89.19041780104655,74.90689253899836,0.0,0.019666666666666666,1.8668494807455838,0.0,1.8668494807455838
2025-04-23 13:15:00,89.69857236857285,75.4218706740036,0.0,0.019666666666666666,1.7768514137359852,0.0,1.7768514137359852
2025-04-23 13:16:00,90.25913415709577,76.0549776786648,0.0,0.019666666666666666,1.6807063362153043,0.0,1.6807063362153043
2025-04-23 13:17:00,90.87465846975094,76.80376987923447,0.0,0.019666666666666666,1.5788573382679496,0.0,1.5788573382679496
2025-04-23 13:18:00,91.54706070446595,77.665163696757,0.0,0.019666666666666666,1.4719674834925953,0.0,1.4719674834925953
2025-04-23 13:19:00,92.27756245574237,78.63538174885086,0.0,0.019666666666666666,1.3609089306939266,0.0,1.3609089306939266
2025-04-23 13:20:00,93.06664969616494,79.70991103121763,0.0,0.019666666666666666,1.2467427555542323,0.0,1.2467427555542323
2025-04-23 13:21:00,93.9140460681903,80.88347620943075,0.0,0.019666666666666666,1.1306897657104855,0.0,1.1306897657104855
2025-04-23 13:22:00,94.81870522904994,82.15003196383861,0.0,0.019666666666666666,1.014093163267278,0.0,1.014093163267278
2025-04-23 13:23:00,95.7788259033414,83.50277804215557,0.0,0.019666666666666666,0.8983746496842402,0.0,0.8983746496842402
2025-04-23 13:24:00,96.79189162284408,84.93419899927788,0.0,0.019666666666666666,0.784986358256373,0.0,0.784986358256373
2025-04-23 13:25:00,97.8547344098961,86.43612788066052,0.0,0.019666666666666666,0.6753616264736602,0.0,0.6753616264736602
2025-04-23 13:26:00,98.963618692007,87.99983013692987,0.0,0.019666666666666666,0.570867871915646,0.0,0.570867871915646
2025-04-23 13:27:00,100.11433942742757,89.61610174945355,0.0,0.019666666666666666,0.4727646016113657,0.0,0.4727646016113657
2025-04-23 13:28:00,101.30232736122196,91.27537448641257,0.0,0.019666666666666666,0.38216891361898586,0.0,0.38216891361898586
2025-04-23 13:29:00,102.52275458604586,92.96824392496546,0.0,0.019666666666666666,0.3000299158847301,0.0,0.3000299158847301
2025-04-23 13:30:00,103.77063479885352,94.68683709211312,0.0,0.019666666666666666,0.2271125086792766,0.0,0.2271125086792766
2025-04-23 13:31:00,105.04091431118383,96.42363609082709,0.0,0.019666666666666666,0.1639901314386482,0.0,0.1639901314386482
2025-04-23 13:32:00,106.3285515409053,98.17113513040854,0.0,0.019666666666666666,0.11104546149551626,0.0,0.11104546149551626
2025-04-23 13:33:00,107.62858411379764,99.92190762806985,0.0,0.019666666666666666,0.0684776924104532,0.0,0.0684776924104532
2025-04-23 13:34:00,108.93618372938944,101.66866107477222,0.0,0.019666666666666666,0.03631488245279504,0.0,0.03631488245279504
2025-04-23 13:35:00,110.24669960710226,103.40428048136987,0.0,0.019666666666666666,0.014429894082502108,0.0,0.014429894082502108
2025-04-23 13:36:00,111.55569169250411,105.12186158486347,0.0,0.019666666666666666,0.002558584587169825,0.0,0.002558584587169825
2025-04-23 13:37:00,112.8589549508111,106.81473514190178,0.0,0.019666666666666666,0.0,0.00031910608153322233,0.00031910608153322233
2025-04-23 13:38:00,114.15253607962693,108.47648364152116,0.0,0.019666666666666666,0.0,0.007231392073886718,0.007231392073886718
2025-04-23 13:39:00,115.4327438931492,110.10095168935182,0.0,0.019666666666666666,0.0,0.022736122278186333,0.022736122278186333
2025-04-23 13:40:00,116.69615450679267,111.68225119224121,0.0,0.019666666666666666,0.0,0.04621265209189873,0.04621265209189873
2025-04-23 13:41:00,117.93961231137547,113.2147623324401,0.0,0.019666666666666666,0.0,0.07699556059823551,0.07699556059823551
2025-04-23 13:42:00,119.16022758612606,114.6931311806096,0.0,0.019666666666666666,0.0,0.11438960873794682,0.11438960873794682
2025-04-23 13:43:00,120.35537146892173,116.11226466605963,0.0,0.019666666666666666,0.0,0.1576830083531673,0.1576830083531673
2025-04-23 13:44:00,121.52266888473405,117.46850738417216,0.0,0.019666666666666666,0.0,0.2061589858935833,0.2061589858935833
2025-04-23 13:45:00,122.65998993067005,118.7631846183755,0.0,0.019666666666666666,0.0,0.25910568530143685,0.25910568530143685
2025-04-23 13:46:00,123.76544012802239,119.99904095526132,0.0,0.019666666666666666,0.0,0.3158244967758612,0.3158244967758612
2025-04-23 13:47:00,124.83734987725393,121.17904586059149,0.0,0.019666666666666666,0.0,0.3756369254083295,0.3756369254083295
2025-04-23 13:48:00,125.87426338934118,122.30638261064152,0.0,0.019666666666666666,0.0,0.4378901293567631,0.4378901293567631
2025-04-23 13:49:00,126.87492731478491,123.38443692121122,0.0,0.019666666666666666,0.0,0.5019612641021636,0.5019612641021636
2025-04-23 13:50:00,127.83827924833356,124.41678545234802,0.0,0.019666666666666666,0.0,0.567260769752677,0.567260769752677
2025-04-23 13:51:00,128.76343625166194,125.40718433102576,0.0,0.019666666666666666,0.0,0.6332347342204059,0.6332347342204059
2025-04-23 13:52:00,129.64968350668414,126.35955780445752,0.0,0.019666666666666666,0.0,0.6993664578957284,0.6993664578957284
2025-04-23 13:53:00,130.49646318780765,127.27798711234982,0.0,0.019666666666666666,0.0,0.7651773363369908,0.7651773363369908
2025-04-23 13:54:00,131.303363621372,128.1666996463412,0.0,0.019666666666666666,0.0,0.8302271673556199,0.8302271673556199
2025-04-23 13:55:00,132.0701087840198,129.03005844837327,0.0,0.019666666666666666,0.0,0.8941139783471581,0.8941139783471581
2025-04-23 13:56:00,132.79654817820452,129.8725520861985,0.0,0.019666666666666666,0.0,0.9564734592579809,0.9564734592579809
2025-04-23 13:57:00,133.48264711194204,130.69878493313186,0.0,0.019666666666666666,0.0,1.0169780764991216,1.0169780764991216
2025-04-23 13:58:00,134.1284774008383,131.51346787007822,0.0,0.019666666666666666,0.0,1.075335933628319,1.075335933628319
2025-04-23 13:59:00,134.73420850302875,132.31952866914105,0.0,0.019666666666666666,0.0,1.1312894358400865,1.1312894358400865
2025-04-23 14:00:00,135.30009909166088,133.11246131211192,0.0,0.019666666666666666,0.0,1.184613807294048,1.184613807294048
2025-04-23 14:01:00,135.82648906470007,133.8859602542692,0.0,0.019666666666666666,0.0,1.2351155030893266,1.2351155030893266
2025-04-23 14:02:00,136.31379198794986,134.6337936187295,0.0,0.019666666666666666,0.0,1.2826305512449268,1.2826305512449268
2025-04-23 14:03:00,136.76248796408422,135.3497960654798,0.0,0.019666666666666666,0.0,1.3270228543390732,1.3270228543390732
2025-04-23 14:04:00,137.17311691806083,136.02786207679088,0.0,0.019666666666666666,0.0,1.368182475446259,1.368182475446259
2025-04-23 14:05:00,137.54627228740512,136.66193964750116,0.0,0.019666666666666666,0.0,1.4060239286362566,1.4060239286362566
2025-04-23 14:06:00,137.8825951044362,137.2460243672428,0.0,0.019666666666666666,0.0,1.4404844905070986,1.4404844905070986
2025-04-23 14:07:00,138.18276845646412,137.77415388063886,0.0,0.019666666666666666,0.0,1.4715225459550973,1.4715225459550973
2025-04-23 14:08:00,138.4475123092629,138.24040271077644,0.0,0.019666666666666666,0.0,1.4991159785846495,1.4991159785846495
2025-04-23 14:09:00,138.67757867865794,138.63887743079397,0.0,0.019666666666666666,0.0,1.5232606137751734,1.5232606137751734
2025-04-23 14:10:00,138.87374713481447,138.9637121681697,0.0,0.019666666666666666,0.0,1.5439687204013244,1.5439687204013244
2025-04-23 14:11:00,139.03682062373684,139.20906442622106,0.0,0.019666666666666666,0.0,1.5612675755020273,1.5612675755020273
2025-04-23 14:12:00,139.1676215905544,139.36911120739038,0.0,0.019666666666666666,0.0,1.5751980947711979,1.5751980947711979
2025-04-23 14:13:00,139.2669883893518,139.43804542307538,0.0,0.019666666666666666,0.0,1.5858135305608374,1.5858135305608374
2025-04-23 14:14:00,139.33577196457395,139.4123590723896,0.0,0.019666666666666666,0.0,1.5931782381141202,1.5931782381141202
2025-04-23 14:15:00,139.37483278938345,139.29769967258656,0.0,0.019666666666666666,0.0,1.5973665099505259,1.5973665099505259
2025-04-23 14:16:00,139.38503804675116,139.1020079480837,0.0,0.019666666666666666,0.0,1.5984614776826678,1.5984614776826678
2025-04-23 14:17:00,139.36725903950688,138.83322874315735,0.0,0.019666666666666666,0.0,1.5965540800323814,1.5965540800323814
2025-04-23 14:18:00,139.32236881605462,138.49930864765807,0.0,0.019666666666666666,0.0,1.5917420954107788,1.5917420954107788
2025-04-23 14:19:00,139.25123999895675,138.10819382559473,0.0,0.019666666666666666,0.0,1.5841292371186912,1.5841292371186912
2025-04-23 14:20:00,139.15474280410538,137.667828034306,0.0,0.019666666666666666,0.0,1.5738243089918293,1.5738243089918293
2025-04-23 14:21:00,139.03374323872006,137.186150822458,0.0,0.019666666666666666,0.0,1.560940419150356,1.560940419150356
2025-04-23 14:22:00,138.88910146693374,136.67109589563017,0.0,0.019666666666666666,0.0,1.5455942494001642,1.5455942494001642
2025-04-23 14:23:00,138.72167033225043,136.13058963877307,0.0,0.019666666666666666,0.0,1.5279053777671536,1.5279053777671536
2025-04-23 14:24:00,138.53229402667117,135.57254978533433,0.0,0.019666666666666666,0.0,1.5079956516156299,1.5079956516156299
2025-04-23 14:25:00,138.32180689679157,135.00488422335604,0.0,0.019666666666666666,0.0,1.4859886088018281,1.4859886088018281
2025-04-23 14:26:00,138.09103237766698,134.43548992934012,0.0,0.019666666666666666,0.0,1.462008944337804,1.462008944337804
2025-04-23 14:27:00,137.84078204572293,133.87225202115863,0.0,0.019666666666666666,0.0,1.4361820200839472,1.4361820200839472
2025-04-23 14:28:00,137.57185478245452,133.3230429217532,0.0,0.019666666666666666,0.0,1.408633415046128,1.408633415046128
2025-04-23 14:29:00,137.28503604110853,132.79401696925896,0.0,0.019666666666666666,0.0,1.3794885139235462,1.3794885139235462
2025-04-23 14:30:00,136.9810972089769,132.2844958096234,0.0,0.019666666666666666,0.0,1.348872131630789,1.348872131630789
2025-04-23 14:31:00,136.66079505834753,131.79208181723175,0.0,0.019666666666666666,0.0,1.3169081716022122,1.3169081716022122
2025-04-23 14:32:00,136.32487127955815,131.3143622845191,0.0,0.019666666666666666,0.0,1.2837193157748183,1.2837193157748183
2025-04-23 14:33:00,135.9740520899835,130.8489090309575,0.0,0.019666666666666666,0.0,1.2494267442366482,1.2494267442366482
2025-04-23 14:34:00,135.60904791315065,130.39327808217135,0.0,0.019666666666666666,0.0,1.2141498826193469,1.2141498826193469
2025-04-23 14:35:00,135.23055312252853,129.94500941372698,0.0,0.019666666666666666,0.0,1.178006175405749,1.178006175405749
2025-04-23 14:36:00,134.8392458448688,129.50162675447334,0.0,0.019666666666666666,0.0,1.1411108834141968,1.1411108834141968
2025-04-23 14:37:00,134.43578781829268,129.060637444629,0.0,0.019666666666666666,0.0,1.1035769038107976,1.1035769038107976
2025-04-23 14:38:00,134.02082430061913,128.6195323441103,0.0,0.019666666666666666,0.0,1.0655146110880531,1.0655146110880531
2025-04-23 14:39:00,133.59498402371403,128.1757857868804,0.0,0.019666666666666666,0.0,1.0270317175338333,1.0270317175338333
2025-04-23 14:40:00,133.15887918991257,127.72685557737188,0.0,0.019666666666666666,0.0,0.9882331517959038,0.9882331517959038
2025-04-23 14:41:00,132.71310550682057,127.27018302528788,0.0,0.019666666666666666,0.0,0.9492209542270111,0.9492209542270111
2025-04-23 14:42:00,132.2582422570456,126.80319301533329,0.0,0.019666666666666666,0.0,0.910094187771307,0.910094187771307
2025-04-23 14:43:00,131.79485239963554,126.32329410865339,0.0,0.019666666666666666,0.0,0.870948863225217,0.870948863225217
2025-04-23 14:44:00,131.3234827002205,125.82787867297557,0.0,0.019666666666666666,0.0,0.8318778777759134,0.8318778777759134
2025-04-23 14:45:00,130.844663887057,125.31432303865374,0.0,0.019666666666666666,0.0,0.7929709657860811,0.7929709657860811
2025-04-23 14:46:00,130.35891083036697,124.7799876780071,0.0,0.019666666666666666,0.0,0.7543146608569741,0.7543146608569741
2025-04-23 14:47:00,129.8667227425452,124.22221740552786,0.0,0.019666666666666666,0.0,0.7159922682612101,0.7159922682612101
2025-04-23 14:48:00,129.36858339698034,123.63834159670199,0.0,0.019666666666666666,0.0,0.6780838468934558,0.6780838468934558
2025-04-23 14:49:00,128.86496136339554,123.02567442334995,0.0,0.019666666666666666,0.0,0.6406661999407194,0.6406661999407194
2025-04-23 14:50:00,128.35631025776647,122.38151510354479,0.0,0.019666666666666666,0.0,0.6038128735245659,0.6038128735245659
2025-04-23 14:51:00,127.84306900501682,121.70314816430749,0.0,0.019666666666666666,0.0,0.5675941626154469,0.5675941626154469
2025-04-23 14:52:00,127.325662112826,120.98784371541485,0.0,0.019666666666666666,0.0,0.5320771235644403,0.5320771235644403
2025-04-23 14:53:00,126.80449995500878,120.23285773277898,0.0,0.019666666666666666,0.0,0.4973255926404258,0.4973255926404258
2025-04-23 14:54:00,126.27997906304553,119.43543234997756,0.0,0.019666666666666666,0.0,0.46340021000055476,0.46340021000055476
2025-04-23 14:55:00,125.75248242445237,118.59279615662406,0.0,0.019666666666666666,0.0,0.43035844855996497,0.43035844855996497
2025-04-23 14:56:00,125.22237978678484,117.70216450237139,0.0,0.019666666666666666,0.0,0.3982546472619495,0.3982546472619495
2025-04-23 14:57:00,124.69002796616591,116.76073980543981,0.0,0.019666666666666666,0.0,0.36714004828350333,0.36714004828350333
2025-04-23 14:58:00,124.15577115932122,115.76571186465235,0.0,0.019666666666666666,0.0,0.3370628377423093,0.3370628377423093
2025-04-23 14:59:00,123.61994125818961,115.02598708610887,0.0,0.019666666666666666,0.0,0.3080681895010478,0.3080681895010478
2025-04-23 15:00:00,123.08285816625784,114.33393668989079,0.0,0.019666666666666666,0.0,0.2801983116924863,0.2801983116924863
2025-04-23 15:01:00,122.54483011584308,113.68538175896273,0.0,0.019666666666666666,0.0,0.25349249561488313,0.25349249561488313
2025-04-23 15:02:00,122.0061539856177,113.0761320226444,0.0,0.019666666666666666,0.0,0.2279871666718059,0.2279871666718059
2025-04-23 15:03:00,121.46711561773603,112.50198617373754,0.0,0.019666666666666666,0.0,0.20371593705328828,0.20371593705328828
2025-04-23 15:04:00,120.9279901339853,111.95873218467678,0.0,0.019666666666666666,0.0,0.18070965987680526,0.18070965987680526
2025-04-23 15:05:00,120.38904225043956,111.44214762218354,0.0,0.019666666666666666,0.0,0.15899648452684215,0.15899648452684215
2025-04-23 15:06:00,119.85052659015022,110.94799995995665,0.0,0.019666666666666666,0.0,0.1386019129505437,0.1386019129505437
2025-04-23 15:07:00,119.3126879934566,110.47204688898279,0.0,0.019666666666666666,0.0,0.11954885668488247,0.11954885668488247
2025-04-23 15:08:00,118.77576182554719,110.01003662509785,0.0,0.019666666666666666,0.0,0.10185769440723055,0.10185769440723055
2025-04-23 15:09:00,118.23997428094651,109.55770821347377,0.0,0.019666666666666666,0.0,0.08554632981680674,0.08554632981680674
2025-04-23 15:10:00,117.70554268464345,109.11079182974679,0.0,0.019666666666666666,0.0,0.07063024966902567,0.07063024966902567
2025-04-23 15:11:00,117.17267578961538,108.66500907754171,0.0,0.019666666666666666,0.0,0.05712258179836864,0.05712258179836864
2025-04-23 15:12:00,116.64157407053902,108.2160732821826,0.0,0.019666666666666666,0.0,0.04503415297806279,0.04503415297806279
2025-04-23 15:13:00,116.11243001351163,107.75968978041415,0.0,0.019666666666666666,0.0,0.03437354647678181,0.03437354647678181
2025-04-23 15:14:00,115.58542840163895,107.29155620598948,0.0,0.019666666666666666,0.0,0.025147159183581812,0.025147159183581812
2025-04-23 15:15:00,115.06074659637507,106.80736277101006,0.0,0.019666666666666666,0.0,0.01735925818266066,0.01735925818266066
2025-04-23 15:16:00,114.53855481452754,106.30279254293085,0.0,0.019666666666666666,0.0,0.011012036669092038,0.011012036669092038
2025-04-23 15:17:00,114.01901640086714,105.77352171717,0.0,0.019666666666666666,0.0,0.006105669105621762,0.006105669105621762
2025-04-23 15:18:00,113.50228809630633,105.21521988528735,0.0,0.019666666666666666,0.0,0.0026383655289322194,0.0026383655289322194
2025-04-23 15:19:00,112.98852030163357,104.62355029871881,0.0,0.019666666666666666,0.0,0.0006064249214155789,0.0006064249214155789
2025-04-23 15:20:00,112.4778573368128,103.99417012807567,0.0,0.019666666666666666,4.287571637311198e-06,0.0,4.287571637311198e-06
2025-04-23 15:21:00,111.97043769587792,103.3227307180392,0.0,0.019666666666666666,0.0008245863532008245,0.0,0.0008245863532008245
2025-04-23 15:22:00,111.46639429747233,102.60487783790023,0.0,0.019666666666666666,0.0030581968577609343,0.0,0.0030581968577609343
2025-04-23 15:23:00,110.96585473110217,101.83625192781228,0.0,0.019666666666666666,0.006694286323450959,0.0,0.006694286323450959
2025-04-23 15:24:00,110.46894149919035,101.01248834084566,0.0,0.019666666666666666,0.011720361305026275,0.0,0.011720361305026275
2025-04-23 15:25:00,109.97577225503599,100.12921758094687,0.0,0.019666666666666666,0.01812231403662472,0.0,0.01812231403662472
2025-04-23 15:26:00,109.48646003680084,99.18206553692505,0.0,0.019666666666666666,0.025884467442119558,0.0,0.025884467442119558
2025-04-23 15:27:00,109.00111349766095,98.16665371260365,0.0,0.019666666666666666,0.03498961875183775,0.0,0.03498961875183775
2025-04-23 15:28:00,108.51983713227845,97.07859945329218,0.0,0.019666666666666666,0.04541908168756949,0.0,0.04541908168756949
2025-04-23 15:29:00,108.04273149976412,95.91693062209941,0.0,0.019666666666666666,0.05715272718079162,0.0,0.05715272718079162
2025-04-23 15:30:00,107.56989344331816,94.69432917962594,0.0,0.019666666666666666,0.07016902259143477,0.0,0.07016902259143477
2025-04-23 15:31:00,107.10141630675251,93.42688804043463,0.0,0.019666666666666666,0.0844450693966095,0.0,0.0844450693966095
2025-04-23 15:32:00,106.6373901481146,92.1306968333239,0.0,0.019666666666666666,0.09995663932047053,0.0,0.09995663932047053
2025-04-23 15:33:00,106.17790195064981,90.82184211229008,0.0,0.019666666666666666,0.1166782088776784,0.0,0.1166782088776784
2025-04-23 15:34:00,105.72303583135673,89.51640756508274,0.0,0.019666666666666666,0.1345829923038696,0.0,0.1345829923038696
2025-04-23 15:35:00,105.27287324740799,88.23047421962549,0.0,0.019666666666666666,0.1536429728472073,0.0,0.1536429728472073
2025-04-23 15:36:00,104.82749320072791,86.9801206485936,0.0,0.019666666666666666,0.1738289323951632,0.0,0.1738289323951632
2025-04-23 15:37:00,104.38697244103852,85.78142317246005,0.0,0.019666666666666666,0.19511047941068202,0.0,0.19511047941068202
2025-04-23 15:38:00,103.95138566770652,84.65045606134251,0.0,0.019666666666666666,0.21745607515120763,0.0,0.21745607515120763
2025-04-23 15:39:00,103.52080573074603,83.6032917360061,0.0,0.019666666666666666,0.24083305814316242,0.0,0.24083305814316242
2025-04-23 15:40:00,103.09530383135667,82.65600096840137,0.0,0.019666666666666666,0.2652076668832801,0.0,0.2652076668832801
2025-04-23 15:41:00,102.67494972240175,81.8246530821426,0.0,0.019666666666666666,0.29054506073629227,0.0,0.29054506073629227
2025-04-23 15:42:00,102.25981190925957,81.12531615335908,0.0,0.019666666666666666,0.31680933899653174,0.0,0.31680933899653174
2025-04-23 15:43:00,101.84995785151173,80.57405721238334,0.0,0.019666666666666666,0.3439635580784306,0.0,0.3439635580784306
2025-04-23 15:44:00,101.44545416596418,80.18179432602717,0.0,0.019666666666666666,0.3719697467979821,0.0,0.3719697467979821
2025-04-23 15:45:00,101.04636683153375,79.93885244023255,0.0,0.019666666666666666,0.4007889197037992,0.0,0.4007889197037992
2025-04-23 15:46:00,100.65276139657134,79.83040794963044,0.0,0.019666666666666666,0.430381088412657,0.0,0.430381088412657
2025-04-23 15:47:00,100.26470318923626,79.84163702866014,0.0,0.019666666666666666,0.4607052709001156,0.0,0.4607052709001156
2025-04-23 15:48:00,99.88225753158268,79.95771584565584,0.0,0.019666666666666666,0.49171949869207304,0.0,0.49171949869207304
2025-04-23 15:49:00,99.50548995807138,80.16382078135835,0.0,0.019666666666666666,0.5233808218978572,0.0,0.5233808218978572
2025-04-23 15:50:00,99.1344664392755,80.44512865262084,0.0,0.019666666666666666,0.5556453120197382,0.0,0.5556453120197382
2025-04-23 15:51:00,98.76925361161183,80.7868169421401,0.0,0.019666666666666666,0.5884680624678449,0.0,0.5884680624678449
2025-04-23 15:52:00,98.40991901399686,81.17406403511266,0.0,0.019666666666666666,0.6218031867022791,0.0,0.6218031867022791
2025-04-23 15:53:00,98.05653133240143,81.5920494637894,0.0,0.019666666666666666,0.6556038139178397,0.0,0.6556038139178397
2025-04-23 15:54:00,97.70916065336061,82.02595416098535,0.0,0.019666666666666666,0.689822082178577,0.0,0.689822082178577
2025-04-23 15:55:00,97.3678787275844,82.46096072369058,0.0,0.019666666666666666,0.7244091289020148,0.0,0.7244091289020148
2025-04-23 15:56:00,97.03275924491477,82.88225368802706,0.0,0.019666666666666666,0.7593150785844227,0.0,0.7593150785844227
2025-04-23 15:57:00,96.70387812198149,83.2750198169046,0.0,0.019666666666666666,0.794489027650349,0.0,0.794489027650349
2025-04-23 15:58:00,96.38131380402766,83.62444840184631,0.0,0.019666666666666666,0.8298790263010305,0.0,0.8298790263010305
2025-04-23 15:59:00,96.06514758250454,83.91783291610749,0.0,0.019666666666666666,0.8654320572282574,0.0,0.8654320572282574
2025-04-23 16:00:00,95.75546393017432,84.1508753563504,0.0,0.019666666666666666,0.9010940110523223,0.0,0.9010940110523223
2025-04-23 16:01:00,95.45235085561062,84.32138259057278,0.0,0.019666666666666666,0.9368096583359576,0.0,0.9368096583359576
2025-04-23 16:02:00,95.15590027914892,84.42716539853423,0.0,0.019666666666666666,0.972522618020224,0.0,0.972522618020224
2025-04-23 16:03:00,94.86620843251215,84.46603887138174,0.0,0.019666666666666666,1.0081753221250092,0.0,1.0081753221250092
2025-04-23 16:04:00,94.58337628452027,84.43582283735941,0.0,0.019666666666666666,1.0437089765556875,0.0,1.0437089765556875
2025-04-23 16:05:00,94.30750999548466,84.33434231620272,0.0,0.019666666666666666,1.079063517860828,0.0,1.079063517860828
2025-04-23 16:06:00,94.03872140308575,84.15942800501618,0.0,0.019666666666666666,1.1141775657944835,0.0,1.1141775657944835
2025-04-23 16:07:00,93.77712854273058,83.90891679863097,0.0,0.019666666666666666,1.1489883715522577,0.0,1.1489883715522577
2025-04-23 16:08:00,93.52285620558223,83.58065234763424,0.0,0.019666666666666666,1.1834317615767245,0.0,1.1834317615767245
2025-04-23 16:09:00,93.27603653763093,83.17248565744035,0.0,0.019666666666666666,1.2174420768658434,0.0,1.2174420768658434
2025-04-23 16:10:00,93.03680968333111,82.6822757319278,0.0,0.019666666666666666,1.2509521077745267,0.0,1.2509521077745267
2025-04-23 16:11:00,92.80532447743474,82.10789026527269,0.0,0.019666666666666666,1.2838930243779778,0.0,1.2838930243779778
2025-04-23 16:12:00,92.58173918869043,81.44720638564775,0.0,0.019666666666666666,1.3161943025727754,0.0,1.3161943025727754
2025-04-23 16:13:00,92.36622231901269,80.69811145439154,0.0,0.019666666666666666,1.3477836462376067,0.0,1.3477836462376067
2025-04-23 16:14:00,92.15895346151319,79.86211947103033,0.0,0.019666666666666666,1.3785869059707183,0.0,1.3785869059707183
2025-04-23 16:15:00,91.96012422036681,78.95521863411528,0.0,0.019666666666666666,1.4085279951786658,0.0,1.4085279951786658
2025-04-23 16:16:00,91.76993919477832,77.997025684218,0.0,0.019666666666666666,1.4375288046308148,0.0,1.4375288046308148
2025-04-23 16:17:00,91.5886170282196,77.00717140617711,0.0,0.019666666666666666,1.4655091170363554,0.0,1.4655091170363554
2025-04-23 16:18:00,91.41639152248497,76.0053017431537,0.0,0.019666666666666666,1.492386523774656,0.0,1.492386523774656
2025-04-23 16:19:00,91.25351281379123,75.01107897273134,0.0,0.019666666666666666,1.5180763466496106,0.0,1.5180763466496106
2025-04-23 16:20:00,91.10024860490807,74.04418293904652,0.0,0.019666666666666666,1.5424915684850284,0.0,1.5424915684850284
2025-04-23 16:21:00,90.95688544286735,73.12431233049786,0.0,0.019666666666666666,1.5655427775807171,0.0,1.5655427775807171
2025-04-23 16:22:00,90.82373002582892,72.271185986612,0.0,0.019666666666666666,1.5871381325641873,0.0,1.5871381325641873
2025-04-23 16:23:00,90.70111051477411,71.50454420973703,0.0,0.019666666666666666,1.6071833560622872,0.0,1.6071833560622872
2025-04-23 16:24:00,90.58937781539302,70.84415004692984,0.0,0.019666666666666666,1.625581767945325,0.0,1.625581767945325
2025-04-23 16:25:00,90.48890678233448,70.30979049420601,0.0,0.019666666666666666,1.6422343717179955,0.0,1.6422343717179955
2025-04-23 16:26:00,90.40009728141004,69.9212775587439,0.0,0.019666666666666666,1.6570400109853805,0.0,1.6570400109853805
2025-04-23 16:27:00,90.32337502500286,69.69844909429342,0.0,0.019666666666666666,1.6698956167978984,0.0,1.6698956167978984
2025-04-23 16:28:00,90.25919207169208,69.6611693008005,0.0,0.019666666666666666,1.6806965709926691,0.0,1.6806965709926691
2025-04-23 16:29:00,90.20802685329873,69.8221765600821,0.0,0.019666666666666666,1.6893372151882555,0.0,1.6893372151882555
2025-04-23 16:30:00,90.17038356230951,70.16562624913753,0.0,0.019666666666666666,1.6957115394540387,0.0,1.6957115394540387
2025-04-23 16:31:00,90.14679070223987,70.66854586462405,0.0,0.019666666666666666,1.6997140882091413,0.0,1.6997140882091413
2025-04-23 16:32:00,90.1377985768613,71.3079847034549,0.0,0.019666666666666666,1.7012411226196014,0.0,1.7012411226196014
2025-04-23 16:33:00,90.14397547719469,72.06101004979277,0.0,0.019666666666666666,1.7001920773215353,0.0,1.7001920773215353
2025-04-23 16:34:00,90.16590232561622,72.9047018191556,0.0,0.019666666666666666,1.6964713430447231,0.0,1.6964713430447231
2025-04-23 16:35:00,90.20416556364319,73.81614544620251,0.0,0.019666666666666666,1.6899903938767478,0.0,1.6899903938767478
2025-04-23 16:36:00,90.25934813327082,74.77242286607046,0.0,0.019666666666666666,1.6806702569681287,0.0,1.6806702569681287
2025-04-23 16:37:00,90.33201850786841,75.75060154527053,0.0,0.019666666666666666,1.6684442927630374,0.0,1.6684442927630374
2025-04-23 16:38:00,90.42271787838972,76.72772166789828,0.0,0.019666666666666666,1.653261216222568,0.0,1.653261216222568
2025-04-23 16:39:00,90.53194578537064,77.68078176763137,0.0,0.019666666666666666,1.635088247054024,0.0,1.635088247054024
2025-04-23 16:40:00,90.66014468691046,78.58672329571088,0.0,0.019666666666666666,1.613914235120917,0.0,1.613914235120917
2025-04-23 16:41:00,90.80768413753319,79.4224147998026,0.0,0.019666666666666666,1.5897525732876305,0.0,1.5897525732876305
2025-04-23 16:42:00,90.97484538783634,80.16463652364581,0.0,0.019666666666666666,1.5626436916776674,0.0,1.5626436916776674
2025-04-23 16:43:00,91.1618072695922,80.79006629215458,0.0,0.019666666666666666,1.53265693081257,0.0,1.53265693081257
2025-04-23 16:44:00,91.3686341882641,81.28194697927191,0.0,0.019666666666666666,1.499891618865744,0.0,1.499891618865744
2025-04-23 16:45:00,91.59526690691253,81.6501157178894,0.0,0.019666666666666666,1.4644772281208296,0.0,1.4644772281208296
2025-04-23 16:46:00,91.84151659376653,81.91095952140518,0.0,0.019666666666666666,1.4265725510474145,0.0,1.4265725510474145
2025-04-23 16:47:00,92.107062355218,82.08073334138012,0.0,0.019666666666666666,1.3863639077980008,0.0,1.3863639077980008
2025-04-23 16:48:00,92.39145222525912,82.17556105697544,0.0,0.019666666666666666,1.3440624645321109,0.0,1.3440624645321109
2025-04-23 16:49:00,92.69410736440932,82.21143967387961,0.0,0.019666666666666666,1.2999007976559325,0.0,1.2999007976559325
2025-04-23 16:50:00,93.01432905734328,82.2042463219363,0.0,0.019666666666666666,1.2541288777746404,0.0,1.2541288777746404
2025-04-23 16:51:00,93.35130799690552,82.16974753915908,0.0,0.019666666666666666,1.2070096672216168,0.0,1.2070096672216168
2025-04-23 16:52:00,93.70413529996456,82.12361028758548,0.0,0.019666666666666666,1.1588145276569704,0.0,1.1588145276569704
2025-04-23 16:53:00,94.07181470729905,82.0814141531632,0.0,0.019666666666666666,1.1098186225198023,0.0,1.1098186225198023
2025-04-23 16:54:00,94.45327546189083,82.05866422404304,0.0,0.019666666666666666,1.0602964770641288,0.0,1.0602964770641288
2025-04-23 16:55:00,94.84738542408518,82.07080420573938,0.0,0.019666666666666666,1.010517830355017,0.0,1.010517830355017
2025-04-23 16:56:00,95.25296405649938,82.13322940603848,0.0,0.019666666666666666,0.9607438825205049,0.0,0.9607438825205049
2025-04-23 16:57:00,95.66879498755526,82.26129929853121,0.0,0.019666666666666666,0.9112240095736226,0.0,0.9112240095736226
2025-04-23 16:58:00,96.09363793417018,82.47034944530394,0.0,0.019666666666666666,0.8621929892603264,0.0,0.8621929892603264
2025-04-23 16:59:00,96.52623982800212,82.77210357508704,0.0,0.019666666666666666,0.8138687559381479,0.0,0.8138687559381479
2025-04-23 17:00:00,96.96534504411946,83.1638866676347,0.0,0.019666666666666666,0.7664506811194371,0.0,0.7664506811194371
2025-04-23 17:01:00,97.40970467576666,83.63943137278052,0.0,0.019666666666666666,0.720118359226773,0.0,0.720118359226773
2025-04-23 17:02:00,97.85808483455044,84.1924853587204,0.0,0.019666666666666666,0.675030865181675,0.0,0.675030865181675
2025-04-23 17:03:00,98.30927398284962,84.81681864442231,0.0,0.019666666666666666,0.631326441338687,0.0,0.631326441338687
2025-04-23 17:04:00,98.76208932571666,85.50622999152787,0.0,0.019666666666666666,0.589122565522135,0.0,0.589122565522135
2025-04-23 17:05:00,99.2153823041733,86.25455239764801,0.0,0.019666666666666666,0.54851634900132,0.0,0.54851634900132
2025-04-23 17:06:00,99.66804324171355,87.05565774286585,0.0,0.019666666666666666,0.5095852126267189,0.0,0.5095852126267189
2025-04-23 17:07:00,100.11900520199806,87.90346064743123,0.0,0.019666666666666666,0.4723877905446689,0.0,0.4723877905446689
2025-04-23 17:08:00,100.56724711899659,88.79192160190307,0.0,0.019666666666666666,0.4369650134557955,0.0,0.4369650134557955
2025-04-23 17:09:00,101.01179626190665,89.71504943206803,0.0,0.019666666666666666,0.40334132688728347,0.0,0.40334132688728347
2025-04-23 17:10:00,101.45173009661976,90.66690316040679,0.0,0.019666666666666666,0.37152600407132225,0.0,0.37152600407132225
2025-04-23 17:11:00,101.88617760377265,91.64159332414526,0.0,0.019666666666666666,0.34151451748473444,0.0,0.34151451748473444
2025-04-23 17:12:00,102.31432011087115,92.63328280737842,0.0,0.019666666666666666,0.3132899376858266,0.0,0.3132899376858266
2025-04-23 17:13:00,102.73539169288479,93.63618724166494,0.0,0.019666666666666666,0.28682433261085416,0.0,0.28682433261085416
2025-04-23 17:14:00,103.14867919229441,94.64457502607486,0.0,0.019666666666666666,0.262080144837907,0.0,0.262080144837907
2025-04-23 17:15:00,103.55352190599238,95.65276701408969,0.0,0.019666666666666666,0.23901152839902928,0.0,0.23901152839902928
2025-04-23 17:16:00,103.94931098280604,96.65513591112591,0.0,0.019666666666666666,0.2175656304637555,0.0,0.2175656304637555
2025-04-23 17:17:00,104.3354885718246,97.64610542286192,0.0,0.019666666666666666,0.19768380659442905,0.0,0.19768380659442905
2025-04-23 17:18:00,104.71154675822125,98.62014919106007,0.0,0.019666666666666666,0.17930276127249684,0.0,0.17930276127249684
2025-04-23 17:19:00,105.07702631991631,99.57178955022982,0.0,0.019666666666666666,0.16235560801587934,0.0,0.16235560801587934
2025-04-23 17:20:00,105.43151533525315,100.49559613530371,0.0,0.019666666666666666,0.14677284566363907,0.0,0.14677284566363907
2025-04-23 17:21:00,105.77464766887145,101.3861843675106,0.0,0.019666666666666666,0.13248324931536784,0.0,0.13248324931536784
2025-04-23 17:22:00,106.10610136017141,102.2382138428398,0.0,0.019666666666666666,0.11941467600517564,0.0,0.11941467600517564
2025-04-23 17:23:00,106.4255969361695,103.046386644897,0.0,0.019666666666666666,0.1074947864919497,0.0,0.1074947864919497
2025-04-23 17:24:00,106.73289566814937,103.80544560155496,0.0,0.019666666666666666,0.09665168558894668,0.0,0.09665168558894668
2025-04-23 17:25:00,107.0277977893046,104.51017250259648,0.0,0.019666666666666666,0.08681448426698483,0.0,0.08681448426698483
2025-04-23 17:26:00,107.31014068854667,105.15538629352213,0.0,0.019666666666666666,0.0779137873755478,0.0,0.0779137873755478
2025-04-23 17:27:00,107.57979709380224,105.73594125884779,0.0,0.019666666666666666,0.06988211126249548,0.0,0.06988211126249548
2025-04-23 17:28:00,107.83667325643863,106.2467252065299,0.0,0.019666666666666666,0.0626542358623009,0.0,0.0626542358623009
2025-04-23 17:29:00,108.08070714692579,105.33485382313793,0.0,0.019666666666666666,0.05616749598750581,0.0,0.05616749598750581
2025-04-23 17:30:00,108.31186667045665,104.65206457466273,0.0,0.019666666666666666,0.05036201662022215,0.0,0.05036201662022215
2025-04-23 17:31:00,108.5301479099947,104.18346224755105,0.0,0.019666666666666666,0.04518089697889563,0.0,0.04518089697889563
2025-04-23 17:32:00,108.7355734030882,103.91417808283444,0.0,0.019666666666666666,0.040570348046590946,0.0,0.040570348046590946
2025-04-23 17:33:00,108.92819045777676,103.82936809203576,0.0,0.019666666666666666,0.036479788105632134,0.0,0.036479788105632134
2025-04-23 17:34:00,109.10806951200503,103.91421141658296,0.0,0.019666666666666666,0.03286190064180263,0.0,0.03286190064180263
2025-04-23 17:35:00,109.275302540146,104.15390873433228,0.0,0.019666666666666666,0.029672658770197535,0.0,0.029672658770197535
2025-04-23 17:36:00,109.43000150951107,104.53368071607838,0.0,0.019666666666666666,0.026871320103498412,0.0,0.026871320103498412
2025-04-23 17:37:00,109.57229688907962,105.03876653428394,0.0,0.019666666666666666,0.024420395738867853,0.0,0.024420395738867853
2025-04-23 17:38:00,109.70233621211023,105.65442242569077,0.0,0.019666666666666666,0.022285596788738562,0.0,0.022285596788738562
2025-04-23 17:39:00,109.8202826937913,106.3659203089706,0.0,0.019666666666666666,0.020435761627939326,0.0,0.020435761627939326
2025-04-23 17:40:00,109.92631390464594,107.15854645812976,0.0,0.019666666666666666,0.018842766779256916,0.0,0.018842766779256916
2025-04-23 17:41:00,110.02062050001685,108.01760023199425,0.0,0.019666666666666666,0.017481424114788854,0.0,0.017481424114788854
2025-04-23 17:42:00,110.10340500561925,108.92839285976255,0.0,0.019666666666666666,0.01632936681357571,0.0,0.01632936681357571
2025-04-23 17:43:00,110.17488065885532,109.87624628232011,0.0,0.019666666666666666,0.015366926289148241,0.0,0.015366926289148241
2025-04-23 17:44:00,110.23527030533059,110.84649204875574,0.0,0.019666666666666666,0.01457700208469202,0.0,0.01457700208469202
2025-04-23 17:45:00,110.2848053497964,111.82447026730405,0.0,0.019666666666666666,0.013944926529793568,0.0,0.013944926529793568
2025-04-23 17:46:00,110.3237247605573,112.79552860975284,0.0,0.019666666666666666,0.013458325761323378,0.0,0.013458325761323378
2025-04-23 17:47:00,110.35227412622821,113.74502136820033,0.0,0.019666666666666666,0.013106978532439846,0.0,0.013106978532439846
2025-04-23 17:48:00,110.37070476359732,114.65830856291795,0.0,0.019666666666666666,0.012882674067777862,0.0,0.012882674067777862
2025-04-23 17:49:00,110.37927287524477,115.52075509996914,0.0,0.019666666666666666,0.012779070069493723,0.0,0.012779070069493723
2025-04-23 17:50:00,110.37823875548332,116.31772997714994,0.0,0.019666666666666666,0.012791551837638589,0.0,0.012791551837638589
2025-04-23 17:51:00,110.36786604312054,117.03460553675114,0.0,0.019666666666666666,0.012917093338868405,0.0,0.012917093338868405
2025-04-23 17:52:00,110.34842101949228,117.65675676359191,0.0,0.019666666666666666,0.013154120939240304,0.0,0.013154120939240304
2025-04-23 17:53:00,110.3201719501821,118.16956062673907,0.0,0.019666666666666666,0.013502380409279681,0.0,0.013502380409279681
2025-04-23 17:54:00,110.28338846881833,118.5583954633042,83.0,0.019666666666666666,0.013962807711937014,0.0,0.013962807711937014
2025-04-23 17:55:00,110.23830511477878,118.8086045161484,0.0,16.619666666666667,0.014537866452862066,0.0,0.014537866452862066
2025-04-23 17:56:00,110.18506399988193,118.90543860057343,0.0,0.019666666666666666,0.015232232529651531,0.0,0.015232232529651531
2025-04-23 17:57:00,110.12400767022497,118.83434896615972,0.0,0.019666666666666666,0.01604888408935968,0.0,0.01604888408935968
2025-04-23 17:58:00,110.05576826094406,118.58107645152673,0.0,0.019666666666666666,0.01698739513554676,0.0,0.01698739513554676
2025-04-23 17:59:00,109.9812431298201,118.13818610452688,0.0,0.019666666666666666,0.018043502502064497,0.0,0.018043502502064497
2025-04-23 18:00:00,109.90159952390765,117.52474880863937,0.0,0.019666666666666666,0.019208161196370626,0.0,0.019208161196370626
2025-04-23 18:01:00,109.81829928091015,116.76668902458056,0.0,0.019666666666666666,0.02046619059344905,0.0,0.02046619059344905
2025-04-23 18:02:00,109.73312612471295,115.89025309924864,0.0,0.019666666666666666,0.021794778122149208,0.0,0.021794778122149208
2025-04-23 18:03:00,109.64820780126976,114.92203140161024,0.0,0.019666666666666666,0.023162037474156516,0.0,0.023162037474156516
2025-04-23 18:04:00,109.56603006494288,113.88897230904057,0.0,0.019666666666666666,0.024525805639571505,0.0,0.024525805639571505
2025-04-23 18:05:00,109.48944172503012,112.8183872538503,0.0,0.019666666666666666,0.02583287676895192,0.0,0.02583287676895192
2025-04-23 18:06:00,109.42165089702023,111.73794697454113,0.0,0.019666666666666666,0.02701889275060555,0.0,0.02701889275060555
2025-04-23 18:07:00,109.36621331088809,110.67566982410078,0.0,0.019666666666666666,0.028009122557360627,0.0,0.028009122557360627
2025-04-23 18:08:00,109.32701356160271,109.6599030205112,0.0,0.019666666666666666,0.028720370586977455,0.0,0.028720370586977455
2025-04-23 18:09:00,109.30824039822917,108.71929793585034,0.0,0.019666666666666666,0.02906424240786317,0.0,0.02906424240786317
2025-04-23 18:10:00,109.31435708483902,107.88278045720264,0.0,0.019666666666666666,0.02895197069390187,0.0,0.02895197069390187
2025-04-23 18:11:00,109.35008798499456,107.17953757114331,0.0,0.019666666666666666,0.028300593711395008,0.0,0.028300593711395008
2025-04-23 18:12:00,109.42041284158387,106.63901164357333,0.0,0.019666666666666666,0.027040807099910757,0.0,0.027040807099910757
2025-04-23 18:13:00,109.53043323004653,106.29076687294516,0.0,0.019666666666666666,0.02512897609164687,0.0,0.02512897609164687
2025-04-23 18:14:00,109.68513218311409,106.15701414929048,0.0,0.019666666666666666,0.02256228398679331,0.0,0.02256228398679331
2025-04-23 18:15:00,109.8892120722871,106.23074463855885,0.0,0.019666666666666666,0.019392656591830246,0.0,0.019392656591830246
2025-04-23 18:16:00,110.14696820590738,106.49730767782836,0.0,0.019666666666666666,0.015739224204338598,0.0,0.015739224204338598
2025-04-23 18:17:00,110.46218347243315,106.94154018429346,0.0,0.019666666666666666,0.01179852895290854,0.0,0.01179852895290854
2025-04-23 18:18:00,110.83803920737971,107.5476775222057,0.0,0.019666666666666666,0.007851532975749333,0.0,0.007851532975749333
2025-04-23 18:19:00,111.277039092936,108.29927740249026,0.0,0.019666666666666666,0.00426655508630096,0.0,0.00426655508630096
2025-04-23 18:20:00,111.78094473153317,109.17915545631458,0.0,0.019666666666666666,0.0014974150590157257,0.0,0.0014974150590157257
2025-04-23 18:21:00,112.3507235451029,110.16933313434653,0.0,0.019666666666666666,7.630772987248034e-05,0.0,7.630772987248034e-05
2025-04-23 18:22:00,112.9865116039851,111.25100053566229,0.0,0.019666666666666666,0.0,0.0006012754390872256,0.0006012754390872256
2025-04-23 18:23:00,113.68759541463135,112.4044981954497,0.0,0.019666666666666666,0.0,0.0037185944262669575,0.0037185944262669575
2025-04-23 18:24:00,114.45241701808554,113.6093221834889,0.0,0.019666666666666666,0.0,0.01010090398793477,0.01010090398793477
2025-04-23 18:25:00,115.27860557829996,114.8441556924684,0.0,0.019666666666666666,0.0,0.020422409615531503,0.020422409615531503
2025-04-23 18:26:00,116.16303607244983,116.0869277282997,0.0,0.019666666666666666,0.0,0.035332875854773904,0.035332875854773904
2025-04-23 18:27:00,117.1019124230347,117.31489624221857,0.0,0.019666666666666666,0.0,0.055432291250566035,0.055432291250566035
2025-04-23 18:28:00,118.09086944096869,118.50475007387539,0.0,0.019666666666666666,0.0,0.08124798787469353,0.08124798787469353
2025-04-23 18:29:00,119.12508612859615,119.63734929009956,0.0,0.019666666666666666,0.0,0.11321565733560467,0.11321565733560467
2025-04-23 18:30:00,120.1994025540275,120.71172316648183,0.0,0.019666666666666666,0.0,0.1516652107990883,0.1516652107990883
2025-04-23 18:31:00,121.30843344084086,121.7313026698294,0.0,0.019666666666666666,0.0,0.1968118924993108,0.1968118924993108
2025-04-23 18:32:00,122.44667329774134,122.69939855207654,0.0,0.019666666666666666,0.0,0.24875256936325302,0.24875256936325302
2025-04-23 18:33:00,123.60858979558667,123.61929472731005,0.0,0.019666666666666666,0.0,0.3074667422483369,0.3074667422483369
2025-04-23 18:34:00,124.78870379422433,124.49432829860656,0.0,0.019666666666666666,0.0,0.37282157737230953,0.37282157737230953
2025-04-23 18:35:00,125.98165573673755,125.3279559522784,0.0,0.019666666666666666,0.0,0.4445801320798527,0.4445801320798527
2025-04-23 18:36:00,127.18225902737737,126.12380733580574,0.0,0.019666666666666666,0.0,0.5224119240038834,0.5224119240038834
2025-04-23 18:37:00,128.38554154412793,126.88572657040181,0.0,0.019666666666666666,0.0,0.6059050388153764,0.6059050388153764
2025-04-23 18:38:00,129.58677669393285,127.61780330623937,0.0,0.019666666666666666,0.0,0.6945790625533922,0.6945790625533922
2025-04-23 18:39:00,130.78150548491305,128.32439479466845,0.0,0.019666666666666666,0.0,0.787898238153042,0.787898238153042
2025-04-23 18:40:00,131.9655510373269,129.01014039917652,0.0,0.019666666666666666,0.0,0.8852843660174474,0.8852843660174474
2025-04-23 18:41:00,133.13502683667835,129.67996984849668,0.0,0.019666666666666666,0.0,0.9861290843230754,0.9861290843230754
2025-04-23 18:42:00,134.2863398843353,130.33910638722594,0.0,0.019666666666666666,0.0,1.0898052695307,1.0898052695307
2025-04-23 18:43:00,135.41618974601528,130.99306582431092,0.0,0.019666666666666666,0.0,1.195677387891076,1.195677387891076
2025-04-23 18:44:00,136.52156434972682,131.64606202401185,0.0,0.019666666666666666,0.0,1.3031107034785978,1.3031107034785978
2025-04-23 18:45:00,137.59973324905195,132.29622924825287,0.0,0.019666666666666666,0.0,1.4114793078571322,1.4114793078571322
2025-04-23 18:46:00,138.64823894782188,132.94038440222977,0.0,0.019666666666666666,0.0,1.520172982178143,1.520172982178143
2025-04-23 18:47:00,139.6648867787003,133.57560721997092,0.0,0.019666666666666666,0.0,1.6286029360826146,1.6286029360826146
2025-04-23 18:48:00,140.64773374006353,134.19922910121727,0.0,0.019666666666666666,0.0,1.736206491138742,1.736206491138742
2025-04-23 18:49:00,141.59507662133623,134.80882123675815,0.0,0.019666666666666666,0.0,1.8424507915674453,1.8424507915674453
2025-04-23 18:50:00,142.50543968487872,135.4021822903185,0.0,0.019666666666666666,0.0,1.9468356334181205,1.9468356334181205
2025-04-23 18:51:00,143.3775621208908,135.97732585346276,0.0,0.019666666666666666,0.0,2.048895506673645,2.048895506673645
2025-04-23 18:52:00,144.21038544900202,136.53246784718513,0.0,0.019666666666666666,0.0,2.1482009442856094,2.1482009442856094
2025-04-23 18:53:00,145.00304100483314,137.06601400847103,0.0,0.019666666666666666,0.0,2.24435926893579,2.24435926893579
2025-04-23 18:54:00,145.7548376206077,137.57654757090864,0.0,0.019666666666666666,0.0,2.3370148232560153,2.3370148232560153
2025-04-23 18:55:00,146.4652495848221,138.06281722435898,0.0,0.019666666666666666,0.0,2.4258487629982577,2.4258487629982577
2025-04-23 18:56:00,147.13390494616732,138.52372541887772,0.0,0.019666666666666666,0.0,2.510578485755472,2.510578485755472
2025-04-23 18:57:00,147.76057421060347,138.9583170617896,0.0,0.019666666666666666,0.0,2.590956760689065,2.590956760689065
2025-04-23 18:58:00,148.3451594671161,139.36576864344477,0.0,0.019666666666666666,0.0,2.666770617608603,2.666770617608603
2025-04-23 18:59:00,148.8876839667268,139.74540034734915,0.0,0.019666666666666666,0.0,2.737840046878453,2.737840046878453
2025-04-23 19:00:00,149.388282170377,140.09673369140714,0.0,0.019666666666666666,0.0,2.804016555129831,2.804016555129831
2025-04-23 19:01:00,149.84719027401283,140.4194144596474,0.0,0.019666666666666666,0.0,2.8651816157220535,2.8651816157220535
2025-04-23 19:02:00,150.26473721328733,140.71318117580566,0.0,0.019666666666666666,0.0,2.9212450473667806,2.9212450473667806
2025-04-23 19:03:00,150.64133614553228,140.97785658529625,0.0,0.019666666666666666,0.0,2.9721433493235416,2.9721433493235416
2025-04-23 19:04:00,150.97747640284018,141.21333960829426,0.0,0.019666666666666666,0.0,3.017838017087458,3.017838017087458
2025-04-23 19:05:00,151.27371590708137,141.41959775475263,0.0,0.019666666666666666,0.0,3.058313858503982,3.058313858503982
2025-04-23 19:06:00,151.53067403532307,141.59665998982123,0.0,0.019666666666666666,0.0,3.093577326732265,3.093577326732265
2025-04-23 19:07:00,151.74902492231107,141.7446100363284,0.0,0.019666666666666666,0.0,3.1236548834055733,3.1236548834055733
2025-04-23 19:08:00,151.92949118532292,141.8635800996343,0.0,0.019666666666666666,0.0,3.148591402666229,3.148591402666229
2025-04-23 19:09:00,152.07283805572965,141.95374499919257,0.0,0.019666666666666666,0.0,3.168448624447424,3.168448624447424
2025-04-23 19:10:00,152.17986790094434,142.01531669049888,0.0,0.019666666666666666,0.0,3.1833036633975627,3.1833036633975627
2025-04-23 19:11:00,152.25141512003697,142.0485391607058,0.0,0.019666666666666666,0.0,3.1932475781582776,3.1932475781582776
2025-04-23 19:12:00,152.2883413961061,142.0536836809945,0.0,0.019666666666666666,0.0,3.1983840042818805,3.1983840042818805
2025-04-23 19:13:00,152.29153128848822,142.0310443987841,0.0,0.019666666666666666,0.0,3.1988278528766934,3.1988278528766934
2025-04-23 19:14:00,152.2618881480122,141.98123243096566,0.0,0.019666666666666666,0.0,3.1947040760700562,3.1947040760700562
2025-04-23 19:15:00,152.20033033875,141.9060666195919,0.0,0.019666666666666666,0.0,3.1861464995533426,3.1861464995533426
2025-04-23 19:16:00,152.1077877500493,141.80767550997086,0.0,0.019666666666666666,0.0,3.1732967217984065,3.1732967217984065
2025-04-23 19:17:00,151.98519858303803,141.6881959591908,0.0,0.019666666666666666,0.0,3.1563030789881745,3.1563030789881745
2025-04-23 19:18:00,151.833506396252,141.54977018174793,0.0,0.019666666666666666,0.0,3.1353196742684113,3.1353196742684113
2025-04-23 19:19:00,151.65365739553815,141.39454303944956,0.0,0.019666666666666666,0.0,3.1105054695862466,3.1105054695862466
2025-04-23 19:20:00,151.44659795391755,141.22465956127712,0.0,0.019666666666666666,0.0,3.082023438119989,3.082023438119989
2025-04-23 19:21:00,151.21327234764436,141.04226267944512,0.0,0.019666666666666666,0.0,3.0500397751102755,3.0500397751102755
2025-04-23 19:22:00,150.95462069526056,140.84949116845593,0.0,0.019666666666666666,0.0,3.014723164766129,3.014723164766129
2025-04-23 19:23:00,150.67157708701575,140.64847777451948,0.0,0.019666666666666666,0.0,2.976244100828924,2.976244100828924
2025-04-23 19:24:00,150.36506789259136,140.4413475232776,0.0,0.019666666666666666,0.0,2.9347742583278436,2.9347742583278436
2025-04-23 19:25:00,150.03601023563402,140.2302161943373,0.0,0.019666666666666666,0.0,2.8904859140402603,2.8904859140402603
2025-04-23 19:26:00,149.68531062415906,140.0171889516742,0.0,0.019666666666666666,0.0,2.843551413180183,2.843551413180183
2025-04-23 19:27:00,149.31386372643325,139.8043591195155,0.0,0.019666666666666666,0.0,2.794142679865799,2.794142679865799
2025-04-23 19:28:00,148.9225512824782,139.59380709384317,0.0,0.019666666666666666,0.0,2.74243076896321,2.74243076896321
2025-04-23 19:29:00,148.51224114185396,139.38668467131134,0.0,0.019666666666666666,0.0,2.688585456963314,2.688585456963314
2025-04-23 19:30:00,148.0837864188857,139.18047007787396,0.0,0.019666666666666666,0.0,2.6327748696166697,2.6327748696166697
2025-04-23 19:31:00,147.6380247569796,138.9717113596999,0.0,0.019666666666666666,0.0,2.575165144129197,2.575165144129197
2025-04-23 19:32:00,147.1757776941423,138.75694045755827,0.0,0.019666666666666666,0.0,2.515920123802875,2.515920123802875
2025-04-23 19:33:00,146.69785012226603,138.53267266610388,0.0,0.019666666666666666,0.0,2.4552010830912243,2.4552010830912243
2025-04-23 19:34:00,146.20502983317132,138.29540617991984,0.0,0.019666666666666666,0.0,2.393166481127153,2.393166481127153
2025-04-23 19:35:00,145.69808714481195,138.0416217197225,0.0,0.019666666666666666,0.0,2.329971741869469,2.329971741869469
2025-04-23 19:36:00,145.1777746014374,137.7677822325239,0.0,0.019666666666666666,0.0,2.2657690591020954,2.2657690591020954
2025-04-23 19:37:00,144.64482674188508,137.47033265992405,0.0,0.019666666666666666,0.0,2.2007072246082884,2.2007072246082884
2025-04-23 19:38:00,144.09995993053,137.14569976906043,0.0,0.019666666666666666,0.0,2.1349314779272737,2.1349314779272737
2025-04-23 19:39:00,143.54387224575896,136.7902920410825,0.0,0.019666666666666666,0.0,2.0685833761849137,2.0685833761849137
2025-04-23 19:40:00,142.97724342115976,136.40049961234058,0.0,0.019666666666666666,0.0,2.0018006825717194,2.0018006825717194
2025-04-23 19:41:00,142.4007348349199,135.97269426378475,0.0,0.019666666666666666,0.0,1.9347172721193806,1.9347172721193806
2025-04-23 19:42:00,141.8149895432209,135.50322945435906,0.0,0.019666666666666666,0.0,1.8674630535039494,1.8674630535039494
2025-04-23 19:43:00,141.2206323536878,134.98844039445117,0.0,0.019666666666666666,0.0,1.8001639056755865,1.8001639056755865
2025-04-23 19:44:00,140.61826993521345,134.42464415571646,0.0,0.019666666666666666,0.0,1.732941628184948,1.732941628184948
2025-04-23 19:45:00,140.00849096072238,133.80813981384205,0.0,0.019666666666666666,0.0,1.6659139041429702,1.6659139041429702
2025-04-23 19:46:00,139.39186627967206,133.13520862104792,0.0,0.019666666666666666,0.0,1.5991942748141117,1.5991942748141117
2025-04-23 19:47:00,138.76894911730605,132.40211420534027,0.0,0.019666666666666666,0.0,1.5328921249030183,1.5328921249030183
2025-04-23 19:48:00,138.14027529788308,131.60510279374034,0.0,0.019666666666666666,0.0,1.4671126776527668,1.4671126776527668
2025-04-23 19:49:00,137.5063634892977,130.74040345690526,0.0,0.019666666666666666,0.0,1.4019569989265037,1.4019569989265037
2025-04-23 19:50:00,136.86771546669377,129.80422837274145,0.0,0.019666666666666666,0.0,1.3375220094957943,1.3375220094957943
2025-04-23 19:51:00,136.22481639284354,128.79277310678373,0.0,0.019666666666666666,0.0,1.2739005048082406,1.2739005048082406
2025-04-23 19:52:00,135.57813511322811,127.70221690727578,0.0,0.019666666666666666,0.0,1.2111811815521771,1.2111811815521771
2025-04-23 19:53:00,134.92812446390738,126.52872301304005,0.0,0.019666666666666666,0.0,1.1494486703803013,1.1494486703803013
2025-04-23 19:54:00,134.27522159041177,125.26843897236952,0.0,0.019666666666666666,0.0,1.08878357419484,1.08878357419484
2025-04-23 19:55:00,133.61984827602274,123.91749697130822,0.0,0.019666666666666666,0.0,1.02926251143553,1.02926251143553
2025-04-23 19:56:00,132.9624112779353,122.47201416981373,0.0,0.019666666666666666,0.0,0.9709581638482668,0.9709581638482668
2025-04-23 19:57:00,132.30330266991632,120.92809304441548,0.0,0.019666666666666666,0.0,0.9139393282461599,0.9139393282461599
2025-04-23 19:58:00,131.64290019018148,119.28182173609171,0.0,0.019666666666666666,0.0,0.858270971807858,0.858270971807858
2025-04-23 19:59:00,130.98156759332116,118.92401521492465,0.0,0.019666666666666666,0.0,0.8040142904872828,0.8040142904872828
2025-04-23 20:00:00,130.31965500520172,118.64835413133655,0.0,0.019666666666666666,0.0,0.7512267701386749,0.7512267701386749
2025-04-23 20:01:00,129.65749927986136,118.44743577654087,0.0,0.019666666666666666,0.0,0.6999622499867418,0.6999622499867418
2025-04-23 20:02:00,128.99542435750558,118.31384452791842,0.0,0.019666666666666666,0.0,0.6502709880976707,0.6502709880976707
2025-04-23 20:03:00,128.33374162278875,118.24015220729879,0.0,0.019666666666666666,0.0,0.6021997285301071,0.6021997285301071
2025-04-23 20:04:00,127.6727502626423,118.2189184387887,0.0,0.019666666666666666,0.0,0.5557917698677053,0.5557917698677053
2025-04-23 20:05:00,127.01273762298214,118.24269100547934,0.0,0.019666666666666666,0.0,0.5110870348557152,0.5110870348557152
2025-04-23 20:06:00,126.35397956369327,118.30400620443095,0.0,0.019666666666666666,0.0,0.4681221408837933,0.4681221408837933
2025-04-23 20:07:00,125.69674081135135,118.39538919939446,0.0,0.019666666666666666,0.0,0.4269304710756532,0.4269304710756532
2025-04-23 20:08:00,125.0412753091992,118.50935437078796,0.0,0.019666666666666666,0.0,0.3875422457635149,0.3875422457635149
2025-04-23 20:09:00,124.38782656395006,118.63840566249998,0.0,0.019666666666666666,0.0,0.3499845941415281,0.3499845941415281
2025-04-23 20:10:00,123.73662798903972,118.77503692514153,0.0,0.019666666666666666,0.0,0.31428162590758946,0.31428162590758946
2025-04-23 20:11:00,123.08790324399747,118.91173225541723,0.0,0.019666666666666666,0.0,0.28045450271726846,0.28045450271726846
2025-04-23 20:12:00,122.44186656964945,119.04096633132842,0.0,0.019666666666666666,0.0,0.24852150928688224,0.24852150928688224
2025-04-23 20:13:00,121.79872311890969,119.15520474296444,0.0,0.019666666666666666,0.0,0.2184981239952133,0.2184981239952133
2025-04-23 20:14:00,121.15866928295276,119.24690431867512,0.0,0.019666666666666666,0.0,0.19039708884528658,0.19039708884528658
2025-04-23 20:15:00,120.52189301259793,119.30851344645498,0.0,0.019666666666666666,0.0,0.1642284786582565,0.1642284786582565
2025-04-23 20:16:00,119.88857413476899,119.3324723904031,0.0,0.019666666666666666,0.0,0.13999976938186595,0.13999976938186595
2025-04-23 20:17:00,119.25888466392554,119.31121360215433,0.0,0.019666666666666666,0.0,0.11771590540539337,0.11771590540539337
2025-04-23 20:18:00,118.63298910839137,119.23716202720773,0.0,0.019666666666666666,0.0,0.0973793657818914,0.0973793657818914
2025-04-23 20:19:00,118.01104477153383,119.10273540610592,0.0,0.019666666666666666,0.0,0.07899022926669216,0.07899022926669216
2025-04-23 20:20:00,117.39320204777451,118.90034457044575,0.0,0.019666666666666666,0.0,0.06254623808893459,0.06254623808893459
2025-04-23 20:21:00,116.77960471343631,118.6223937337254,0.0,0.019666666666666666,0.0,0.048042860379826816,0.048042860379826816
2025-04-23 20:22:00,116.17039021245601,118.2612807770569,0.0,0.019666666666666666,0.0,0.03547335118799366,0.03547335118799366
2025-04-23 20:23:00,115.56568993701372,117.80939752979563,0.0,0.019666666666666666,0.0,0.024828812018243277,0.024828812018243277
2025-04-23 20:24:00,114.96562950315186,117.2591300451593,0.0,0.019666666666666666,0.0,0.016098248835628066,0.016098248835628066
2025-04-23 20:25:00,114.37032902147737,116.60285887093009,0.0,0.019666666666666666,0.0,0.009268628481771471,0.009268628481771471
2025-04-23 20:26:00,113.7799033630598,115.83295931535282,0.0,0.019666666666666666,0.0,0.004324933454977355,0.004324933454977355
2025-04-23 20:27:00,113.1944624206576,114.94180170836123,0.0,0.019666666666666666,0.0,0.001250215009805932,0.001250215009805932
2025-04-23 20:28:00,112.61411136542361,113.92175165828338,0.0,0.019666666666666666,0.0,2.56445355503732e-05,2.56445355503732e-05
2025-04-23 20:29:00,112.03895089925803,112.77024169132741,0.0,0.019666666666666666,0.0006305631763024504,0.0,0.0006305631763024504
2025-04-23 20:30:00,111.46907750299633,111.50498566116713,0.0,0.019666666666666666,0.003042529658218288,0.0,0.003042529658218288
2025-04-23 20:31:00,110.90458368063653,110.14876483177154,0.0,0.019666666666666666,0.007237366292056919,0.0,0.007237366292056919
2025-04-23 20:32:00,110.34555819982832,108.72435673076133,0.0,0.019666666666666666,0.013189203121162701,0.0,0.013189203121162701
2025-04-23 20:33:00,109.7920863288648,107.25453538640059,0.0,0.019666666666666666,0.02087052018676667,0.0,0.02087052018676667
2025-04-23 20:34:00,109.24425007043584,105.76207156135017,0.0,0.019666666666666666,0.03025218788374736,0.0,0.03025218788374736
2025-04-23 20:35:00,108.70212839242073,104.26973298346034,0.0,0.019666666666666666,0.04130350538099108,0.0,0.04130350538099108
2025-04-23 20:36:00,108.16579745601767,102.8002845739003,0.0,0.019666666666666666,0.0539922370809098,0.0,0.0539922370809098
2025-04-23 20:37:00,107.63533084152768,101.37648867294205,0.0,0.019666666666666666,0.0682846470929367,0.0,0.0682846470929367
2025-04-23 20:38:00,107.11079977213194,100.02110526373775,0.0,0.019666666666666666,0.08414553169546693,0.0,0.08414553169546693
2025-04-23 20:39:00,106.59227333602419,98.75689219445213,0.0,0.019666666666666666,0.10153824976011036,0.0,0.10153824976011036
2025-04-23 20:40:00,106.07981870728354,97.6066053991353,0.0,0.019666666666666666,0.12042475111109764,0.0,0.12042475111109764
2025-04-23 20:41:00,105.57350136589884,96.59299911774708,0.0,0.019666666666666666,0.1407656027911278,0.0,0.1407656027911278
2025-04-23 20:42:00,105.07338531738313,95.73882611577153,0.0,0.019666666666666666,0.1625200132031426,0.0,0.1625200132031426
2025-04-23 20:43:00,104.57953331244623,95.06683790388942,0.0,0.019666666666666666,0.18564585409515968,0.0,0.18564585409515968
2025-04-23 20:44:00,104.09200706722554,94.59361458543496,0.0,0.019666666666666666,0.2100996803525486,0.0,0.2100996803525486
2025-04-23 20:45:00,103.61086748460988,94.31105395939711,0.0,0.019666666666666666,0.2358367475588538,0.0,0.2358367475588538
2025-04-23 20:46:00,103.13617487722941,94.20488286173193,0.0,0.019666666666666666,0.2628110272827484,0.0,0.2628110272827484
2025-04-23 20:47:00,102.66798919272493,94.2608277634062,0.0,0.019666666666666666,0.29097522004429366,0.0,0.29097522004429366
2025-04-23 20:48:00,102.20637024195631,94.46461499860568,0.0,0.019666666666666666,0.3202807659092605,0.0,0.3202807659092605
2025-04-23 20:49:00,101.75137793085796,94.80197099659075,0.0,0.019666666666666666,0.35067785265495593,0.0,0.35067785265495593
2025-04-23 20:50:00,101.30307249670409,95.25862251796154,0.0,0.019666666666666666,0.38211542144533117,0.0,0.38211542144533117
2025-04-23 20:51:00,100.86151474960593,95.82029689615523,0.0,0.019666666666666666,0.41454116994711,0.0,0.41454116994711
2025-04-23 20:52:00,100.42676632012751,96.47272228506176,0.0,0.019666666666666666,0.44790155281164334,0.0,0.44790155281164334
2025-04-23 20:53:00,99.99888991397924,97.20162791371749,0.0,0.019666666666666666,0.48214177944039366,0.0,0.48214177944039366
2025-04-23 20:54:00,99.57794957482658,97.9927443491138,0.0,0.019666666666666666,0.5172058089438623,0.0,0.5172058089438623
2025-04-23 20:55:00,99.16401095633731,98.83180376824446,0.0,0.019666666666666666,0.5530363421958367,0.0,0.5530363421958367
2025-04-23 20:56:00,98.75714160468634,99.70454024061024,0.0,0.019666666666666666,0.5895748108761969,0.0,0.5895748108761969
2025-04-23 20:57:00,98.35741125284036,100.59669002250384,0.0,0.019666666666666666,0.6267613633866005,0.0,0.6267613633866005
2025-04-23 20:58:00,97.96489212805886,101.49399186451062,0.0,0.019666666666666666,0.6645348475143825,0.0,0.6645348475143825
2025-04-23 20:59:00,97.57965927417237,102.3843987599733,0.0,0.019666666666666666,0.7028327897106152,0.0,0.7028327897106152
2025-04-23 21:00:00,97.20179089033469,103.26471256230268,0.0,0.019666666666666666,0.7415913708396614,0.0,0.7415913708396614
2025-04-23 21:01:00,96.83136868809342,104.13395006348962,0.0,0.019666666666666666,0.7807453982487812,0.0,0.7807453982487812
2025-04-23 21:02:00,96.4684782687836,104.99113194531239,0.0,0.019666666666666666,0.8202282739987267,0.0,0.8202282739987267
2025-04-23 21:03:00,96.11320952342105,105.83528317923006,0.0,0.019666666666666666,0.8599719590902312,0.0,0.8599719590902312
2025-04-23 21:04:00,95.76565705745797,106.66543345113806,0.0,0.019666666666666666,0.8999069335170023,0.0,0.8999069335170023
2025-04-23 21:05:00,95.42592064295923,107.4806176135445,0.0,0.019666666666666666,0.9399621519746397,0.0,0.9399621519746397
2025-04-23 21:06:00,95.09410570096492,108.2798761679327,0.0,0.019666666666666666,0.9800649950580521,0.0,0.9800649950580521
2025-04-23 21:07:00,94.77032381701962,109.0622557802905,0.0,0.019666666666666666,1.020141215788782,0.0,1.020141215788782
2025-04-23 21:08:00,94.45469329306681,109.8268098330046,0.0,0.019666666666666666,1.0601148813299845,0.0,1.0601148813299845
2025-04-23 21:09:00,94.14733973912345,110.57259901653522,0.0,0.019666666666666666,1.099908309773986,0.0,1.099908309773986
2025-04-23 21:10:00,93.84839670835548,111.29869196449152,0.0,0.019666666666666666,1.1394420019275293,0.0,1.1394420019275293
2025-04-23 21:11:00,93.55800637935764,112.00416593591149,0.0,0.019666666666666666,1.1786345680790737,0.0,1.1786345680790737
2025-04-23 21:12:00,93.27632028958375,112.68810754869219,0.0,0.019666666666666666,1.2174026498138897,0.0,1.2174026498138897
2025-04-23 21:13:00,93.0035001239534,113.34961356819645,0.0,0.019666666666666666,1.2556608370565252,0.0,1.2556608370565252
2025-04-23 21:14:00,92.73971856264447,113.9870107289203,0.0,0.019666666666666666,1.293321580672295,0.0,1.293321580672295
2025-04-23 21:15:00,92.48516019192702,114.59551356695178,0.0,0.019666666666666666,1.3302951011642312,0.0,1.3302951011642312
2025-04-23 21:16:00,92.24002248154265,115.16956847572534,0.0,0.019666666666666666,1.3664892942722517,0.0,1.3664892942722517
2025-04-23 21:17:00,92.0045168315092,115.70363577895169,0.0,0.019666666666666666,1.401809634636971,0.0,1.401809634636971
2025-04-23 21:18:00,91.77886969023197,116.192190848729,0.0,0.019666666666666666,1.436159079154828,0.0,1.436159079154828
2025-04-23 21:19:00,91.56332374429661,116.62972529533582,0.0,0.019666666666666666,1.4694379722529676,0.0,1.4694379722529676
2025-04-23 21:20:00,91.35813917813591,117.01074822689779,0.0,0.019666666666666666,1.5015439560885464,0.0,1.5015439560885464
2025-04-23 21:21:00,91.16359499868216,117.32978757404007,0.0,0.019666666666666666,1.5323718896714733,0.0,1.5323718896714733
2025-04-23 21:22:00,90.9799904158655,117.58139147038568,0.0,0.019666666666666666,1.5618137821746627,0.0,1.5618137821746627
2025-04-23 21:23:00,90.80764626405504,117.7601296739966,0.0,0.019666666666666666,1.5897587472937333,0.0,1.5897587472937333
2025-04-23 21:24:00,90.64690644185218,117.86059500716712,0.0,0.019666666666666666,1.6160929875174925,0.0,1.6160929875174925
2025-04-23 21:25:00,90.49813933755634,117.87740478188952,0.0,0.019666666666666666,1.6406998196434541,0.0,1.6406998196434541
2025-04-23 21:26:00,90.36173919459686,117.80520216528602,0.0,0.019666666666666666,1.663459755891735,0.0,1.663459755891735
2025-04-23 21:27:00,90.23812735471661,117.63865742279233,0.0,0.019666666666666666,1.684250658585945,0.0,1.684250658585945
2025-04-23 21:28:00,90.12775329621059,117.37246895639638,0.0,0.019666666666666666,1.702947990600899,0.0,1.702947990600899
2025-04-23 21:29:00,90.03109535977698,117.00345032203612,0.0,0.019666666666666666,1.7194251885655198,0.0,1.7194251885655198
2025-04-23 21:30:00,89.94866102562442,116.53678938134765,0.0,0.019666666666666666,1.733554190984098,0.0,1.733554190984098
2025-04-23 21:31:00,89.88098657320121,115.9797890867537,0.0,0.019666666666666666,1.7452061586369052,0.0,1.7452061586369052
2025-04-23 21:32:00,89.82863592116198,115.33978002988329,0.0,0.019666666666666666,1.754252429223241,0.0,1.754252429223241
2025-04-23 21:33:00,89.7921984134161,114.6241182276202,0.0,0.019666666666666666,1.7605657512449642,0.0,1.7605657512449642
2025-04-23 21:34:00,89.77228529276312,113.84018159573839,0.0,0.019666666666666666,1.7640218422251095,0.0,1.7640218422251095
2025-04-23 21:35:00,89.76952459439572,112.99536484240494,0.0,0.019666666666666666,1.7645013117394908,0.0,1.7645013117394908
2025-04-23 21:36:00,89.78455420709706,112.0970725293774,0.0,0.019666666666666666,1.7618919783735751,0.0,1.7618919783735751
2025-04-23 21:37:00,89.81801290077895,111.152710099542,0.0,0.019666666666666666,1.756091589633959,0.0,1.756091589633959
2025-04-23 21:38:00,89.87052921419563,110.16967276462739,0.0,0.019666666666666666,1.747010923724332,0.0,1.747010923724332
2025-04-23 21:39:00,89.94270824048864,109.1553322907495,0.0,0.019666666666666666,1.734577212048556,0.0,1.734577212048556
2025-04-23 21:40:00,90.03511653618055,108.1170219074053,0.0,0.019666666666666666,1.7187377736852483,0.0,1.7187377736852483
2025-04-23 21:41:00,90.14826559499569,107.06201978129354,0.0,0.019666666666666666,1.6994637030039175,0.0,1.6994637030039175
2025-04-23 21:42:00,90.28259454288569,105.99753171134023,0.0,0.019666666666666666,1.6767534067470105,0.0,1.6767534067470105
2025-04-23 21:43:00,90.43845288801035,104.93067387867961,0.0,0.019666666666666666,1.6506357563352845,0.0,1.6506357563352845
2025-04-23 21:44:00,90.61608426224224,103.86933747307455,0.0,0.019666666666666666,1.6211726131747861,0.0,1.6211726131747861
2025-04-23 21:45:00,90.81561209246098,102.82481701895873,0.0,0.019666666666666666,1.588460504450543,0.0,1.588460504450543
2025-04-23 21:46:00,91.03702803295846,101.809156153094,0.0,0.019666666666666666,1.5526312743112172,0.0,1.5526312743112172
2025-04-23 21:47:00,91.28018378939761,100.83425856361325,0.0,0.019666666666666666,1.5138516049755382,0.0,1.5138516049755382
2025-04-23 21:48:00,91.54478670297577,99.91188357418379,0.0,0.019666666666666666,1.4723213843238778,0.0,1.4723213843238778
2025-04-23 21:49:00,91.8303991827528,99.05364557633546,0.0,0.019666666666666666,1.4282709793491928,0.0,1.4282709793491928
2025-04-23 21:50:00,92.13644181461237,98.27101713842188,0.0,0.019666666666666666,1.3819575477039858,0.0,1.3819575477039858
2025-04-23 21:51:00,92.46219976671696,97.57533541107554,0.0,0.019666666666666666,1.333660574764367,0.0,1.333660574764367
2025-04-23 21:52:00,92.80683196895848,96.97781130665825,0.0,0.019666666666666666,1.2836768573324184,0.0,1.2836768573324184
2025-04-23 21:53:00,93.16938246949717,96.48954085580027,0.0,0.019666666666666666,1.2323151672441162,0.0,1.2323151672441162
2025-04-23 21:54:00,93.54879335667115,96.12151812930969,0.0,0.019666666666666666,1.1798908214645256,0.0,1.1798908214645256
2025-04-23 21:55:00,93.94391866552806,95.88464914470408,0.0,0.019666666666666666,1.1267203640615668,0.0,1.1267203640615668
2025-04-23 21:56:00,94.35353874974486,95.7897662381304,0.0,0.019666666666666666,1.0731165345826374,0.0,1.0731165345826374
2025-04-23 21:57:00,94.7763746778988,95.84764246063585,0.0,0.019666666666666666,1.019383661357702,0.0,1.019383661357702
2025-04-23 21:58:00,95.21110229687085,96.06900564157138,0.0,0.019666666666666666,0.965813580909505,0.0,0.965813580909505
2025-04-23 21:59:00,95.6563656867455,96.46003279962557,0.0,0.019666666666666666,0.9126821488300754,0.0,0.9126821488300754
2025-04-23 22:00:00,96.11078980598039,97.00880565639665,0.0,0.019666666666666666,0.8602463751224609,0.0,0.8602463751224609
2025-04-23 22:01:00,96.57299219027315,97.69887946685698,0.0,0.019666666666666666,0.8087421892475082,0.0,0.8087421892475082
2025-04-23 22:02:00,97.04159362256813,98.51381273322563,0.0,0.019666666666666666,0.7583828174514474,0.0,0.7583828174514474
2025-04-23 22:03:00,97.51522773525913,99.43717680717114,0.0,0.019666666666666666,0.709357737405656,0.0,0.709357737405656
2025-04-23 22:04:00,97.99254953974807,100.45256441937013,0.0,0.019666666666666666,0.6618321624604574,0.0,0.6618321624604574
2025-04-23 22:05:00,98.47224290432484,101.54359715738724,0.0,0.019666666666666666,0.6159469993980039,0.0,0.6159469993980039
2025-04-23 22:06:00,98.95302702014781,102.69393193165554,0.0,0.019666666666666666,0.5718192188566307,0.0,0.5718192188566307
2025-04-23 22:07:00,99.43366190818999,103.88726648242277,0.0,0.019666666666666666,0.5295425759473703,0.0,0.5295425759473703
2025-04-23 22:08:00,99.91295302852225,105.10734398903455,0.0,0.019666666666666666,0.4891886193653858,0.0,0.4891886193653858
2025-04-23 22:09:00,100.38975505822303,106.337956847844,0.0,0.019666666666666666,0.45080792993199403,0.0,0.45080792993199403
2025-04-23 22:10:00,100.86297490637716,107.5629496872107,0.0,0.019666666666666666,0.41443153346883765,0.0,0.41443153346883765
2025-04-23 22:11:00,101.33157403473861,108.76622168816336,0.0,0.019666666666666666,0.3800724377608258,0.0,0.3800724377608258
2025-04-23 22:12:00,101.79457015124034,109.93172827790961,0.0,0.019666666666666666,0.3477272487369354,0.0,0.3477272487369354
2025-04-23 22:13:00,102.25103834107836,111.04348226092024,0.0,0.019666666666666666,0.31737782659020886,0.0,0.31737782659020886
2025-04-23 22:14:00,102.70011169691875,112.08555444913604,0.0,0.019666666666666666,0.28899294813677723,0.0,0.28899294813677723
2025-04-23 22:15:00,103.14098150614204,113.04207384921224,0.0,0.019666666666666666,0.26252994710301525,0.0,0.26252994710301525
2025-04-23 22:16:00,103.57289704914801,113.89722746082336,0.0,0.019666666666666666,0.23793630910566027,0.0,0.23793630910566027
2025-04-23 22:17:00,103.99516505874793,114.6352597360554,0.0,0.019666666666666666,0.21515120276746696,0.0,0.21515120276746696
2025-04-23 22:18:00,104.40714888667893,115.2404717459202,0.0,0.019666666666666666,0.19410693264230044,0.0,0.19410693264230044
2025-04-23 22:19:00,104.80826741936775,115.69722009611925,0.0,0.019666666666666666,0.17473030338479054,0.0,0.17473030338479054
2025-04-23 22:20:00,105.1979937813031,115.98991563041595,0.0,0.019666666666666666,0.1569438878900292,0.0,0.1569438878900292
2025-04-23 22:21:00,105.57585386078475,116.10302195638482,0.0,0.019666666666666666,0.14066719496093194,0.0,0.14066719496093194
2025-04-23 22:22:00,105.94142468942728,116.02105382491516,0.0,0.019666666666666666,0.12581773445948574,0.0,0.12581773445948574
2025-04-23 22:23:00,106.29433270361835,115.72857539166934,0.0,0.019666666666666666,0.11231197989498216,0.0,0.11231197989498216
2025-04-23 22:24:00,106.63425191317296,115.21019838573709,0.0,0.019666666666666666,0.10006623003270448,0.0,0.10006623003270448
2025-04-23 22:25:00,106.96090199968384,114.45058020798587,0.0,0.019666666666666666,0.08899737240910019,0.0,0.08899737240910019
2025-04-23 22:26:00,107.27404636454075,113.43442197908014,0.0,0.019666666666666666,0.07902355265155427,0.0,0.07902355265155427
2025-04-23 22:27:00,107.57349014427054,112.1464665548215,0.0,0.019666666666666666,0.07006475426018667,0.0,0.07006475426018667
2025-04-23 22:28:00,107.85907820872511,110.57149652433658,0.0,0.019666666666666666,0.062043294050625114,0.0,0.062043294050625114
2025-04-23 22:29:00,108.1306931557073,112.47810496193338,0.0,0.019666666666666666,0.05488423881329425,0.0,0.05488423881329425
2025-04-23 22:30:00,108.3882533138624,114.18399215018262,0.0,0.019666666666666666,0.04851574894630041,0.0,0.04851574894630041
2025-04-23 22:31:00,108.63171076406539,115.69875210285609,0.0,0.019666666666666666,0.04286935489259826,0.0,0.04286935489259826
2025-04-23 22:32:00,108.86104938808859,117.03201063462296,0.0,0.019666666666666666,0.03788017218167097,0.0,0.03788017218167097
2025-04-23 22:33:00,109.07628295203165,118.19342344447972,0.0,0.019666666666666666,0.03348706076251401,0.0,0.03348706076251401
2025-04-23 22:34:00,109.2774532308229,119.19267424025149,0.0,0.019666666666666666,0.02963273413664837,0.0,0.02963273413664837
2025-04-23 22:35:00,109.46462817904933,120.0394729094221,0.0,0.019666666666666666,0.026263823572937297,0.0,0.026263823572937297
2025-04-23 22:36:00,109.63790015243138,120.74355374060883,0.0,0.019666666666666666,0.023330902423293276,0.0,0.023330902423293276
2025-04-23 22:37:00,109.79738418341888,121.31467369915833,0.0,0.019666666666666666,0.02078847527150126,0.0,0.02078847527150126
2025-04-23 22:38:00,109.94321631363698,121.76261075959255,0.0,0.019666666666666666,0.018594936345395937,0.0,0.018594936345395937
2025-04-23 22:39:00,110.07555198524926,122.09716229697193,0.0,0.019666666666666666,0.016712501313289427,0.0,0.016712501313289427
2025-04-23 22:40:00,110.19456449271844,122.32814353865598,0.0,0.019666666666666666,0.015107116275096541,0.0,0.015107116275096541
2025-04-23 22:41:00,110.3004434959302,122.46538607742724,0.0,0.019666666666666666,0.013748347451781493,0.0,0.013748347451781493
2025-04-23 22:42:00,110.39339359519268,122.51873644649066,0.0,0.019666666666666666,0.012609254777705048,0.0,0.012609254777705048
2025-04-23 22:43:00,110.47363296822965,122.49805475646684,0.0,0.019666666666666666,0.011666252311765053,0.0,0.011666252311765053
2025-04-23 22:44:00,110.54139206894156,122.41321339415305,0.0,0.019666666666666666,0.010898958107282976,0.0,0.010898958107282976
2025-04-23 22:45:00,110.59691238741259,122.27409578253028,0.0,0.019666666666666666,0.010290035918871489,0.0,0.010290035918871489
2025-04-23 22:46:00,110.64044527038696,122.09059520123962,0.0,0.019666666666666666,0.009825030877834033,0.0,0.009825030877834033
2025-04-23 22:47:00,110.67225080122135,121.87261366653453,0.0,0.019666666666666666,0.009492201036771475,0.0,0.009492201036771475
2025-04-23 22:48:00,110.69259673813681,121.63006086953293,0.0,0.019666666666666666,0.009282346468954553,0.0,0.009282346468954553
2025-04-23 22:49:00,110.7017575094416,121.37285317143986,0.0,0.019666666666666666,0.009188637408789403,0.0,0.009188637408789403
2025-04-23 22:50:00,110.70001326427013,121.11091265428658,0.0,0.019666666666666666,0.009206442735847677,0.0,0.009206442735847677
2025-04-23 22:51:00,110.68764897728198,120.85416622562948,0.0,0.019666666666666666,0.009333159936144503,0.0,0.009333159936144503
2025-04-23 22:52:00,110.66495360568467,120.61254477557294,0.0,0.019666666666666666,0.009568047519895536,0.0,0.009568047519895536
2025-04-23 22:53:00,110.6322192968825,120.39598238441805,0.0,0.019666666666666666,0.009912060734329056,0.0,0.009912060734329056
2025-04-23 22:54:00,110.58974064500933,120.21441557919552,0.0,0.019666666666666666,0.010367691282348209,0.0,0.010367691282348209
2025-04-23 22:55:00,110.53781399457337,120.07778263731035,0.0,0.019666666666666666,0.010938811642347689,0.0,0.010938811642347689
2025-04-23 22:56:00,110.47673678942473,119.99602293550953,0.0,0.019666666666666666,0.011630524480343303,0.0,0.011630524480343303
2025-04-23 22:57:00,110.40680696525148,119.9790763423779,0.0,0.019666666666666666,0.012449017552100757,0.0,0.012449017552100757
2025-04-23 22:58:00,110.32832238381332,120.03688265257202,0.0,0.019666666666666666,0.013401424409264326,0.0,0.013401424409264326
2025-04-23 22:59:00,110.24158030713505,120.17563900594894,0.0,0.019666666666666666,0.014495691148936573,0.0,0.014495691148936573
2025-04-23 23:00:00,110.1468769099019,120.38657323476784,0.0,0.019666666666666666,0.015740449379953867,0.0,0.015740449379953867
2025-04-23 23:01:00,110.04450682832453,120.65716957774877,0.0,0.019666666666666666,0.017144895520549496,0.0,0.017144895520549496
2025-04-23 23:02:00,109.93476274377313,120.97491031877134,0.0,0.019666666666666666,0.018718676490540632,0.0,0.018718676490540632
2025-04-23 23:03:00,109.81793499951584,121.32727540361304,0.0,0.019666666666666666,0.02047178181604846,0.0,0.02047178181604846
2025-04-23 23:04:00,109.69431124893579,121.70174208816643,0.0,0.019666666666666666,0.02241444212538117,0.0,0.02241444212538117
2025-04-23 23:05:00,109.56417613364397,122.08578461655186,0.0,0.019666666666666666,0.024557033980579554,0.0,0.024557033980579554
2025-04-23 23:06:00,109.42781098994914,122.4668739275875,0.0,0.019666666666666666,0.026909990959829252,0.0,0.026909990959829252
2025-04-23 23:07:00,109.28549358219333,122.83247738812476,0.0,0.019666666666666666,0.029483720880780134,0.0,0.029483720880780134
2025-04-23 23:08:00,109.13749786150883,123.17005855180534,0.0,0.019666666666666666,0.03228852903366264,0.0,0.03228852903366264
2025-04-23 23:09:00,108.98409374860185,123.46707694184482,0.0,0.019666666666666666,0.035334547275251295,0.0,0.035334547275251295
2025-04-23 23:10:00,108.82554693921692,123.71098785649714,0.0,0.019666666666666666,0.03863166882006493,0.0,0.03863166882006493
2025-04-23 23:11:00,108.66211873098666,123.8892421959043,0.0,0.019666666666666666,0.042189488553207415,0.0,0.042189488553207415
2025-04-23 23:12:00,108.49406587042057,123.98928630908517,0.0,0.019666666666666666,0.04601724867984135,0.0,0.04601724867984135
2025-04-23 23:13:00,108.32164041883607,123.9985618598666,0.0,0.019666666666666666,0.05012378951879405,0.0,0.05012378951879405
2025-04-23 23:14:00,108.14508963608439,123.90871420009319,0.0,0.019666666666666666,0.05451750524263649,0.0,0.05451750524263649
2025-04-23 23:15:00,107.96465588097176,123.72821773850043,0.0,0.019666666666666666,0.05920630436256003,0.0,0.05920630436256003
2025-04-23 23:16:00,107.7805765273243,123.46975038832777,0.0,0.019666666666666666,0.06419757475441557,0.0,0.06419757475441557
2025-04-23 23:17:00,107.5930838946916,123.14598500853808,0.0,0.019666666666666666,0.06949815302116001,0.0,0.06949815302116001
2025-04-23 23:18:00,107.40240519272929,122.76958934820026,0.0,0.019666666666666666,0.0751142979871992,0.0,0.0751142979871992
2025-04-23 23:19:00,107.20876247834607,122.3532260036363,0.0,0.019666666666666666,0.08105166812138144,0.0,0.08105166812138144
2025-04-23 23:20:00,107.01237262474338,121.90955238746092,0.0,0.019666666666666666,0.08731530268723461,0.0,0.08731530268723461
2025-04-23 23:21:00,106.81344730151834,121.45122070868453,0.0,0.019666666666666666,0.09390960642194499,0.0,0.09390960642194499
2025-04-23 23:22:00,106.61219296504153,120.99087796309101,0.0,0.019666666666666666,0.10083833754885071,0.0,0.10083833754885071
2025-04-23 23:23:00,106.40881085836057,120.54116593314126,0.0,0.019666666666666666,0.10810459893213652,0.0,0.10810459893213652
2025-04-23 23:24:00,106.2034970199184,120.11472119669149,0.0,0.019666666666666666,0.11571083218664993,0.0,0.11571083218664993
2025-04-23 23:25:00,105.99644230041294,119.72417514385292,0.0,0.019666666666666666,0.12365881456053988,0.0,0.12365881456053988
2025-04-23 23:26:00,105.78783238715926,119.38215400135388,0.0,0.019666666666666666,0.1319496584132981,0.0,0.1319496584132981
2025-04-23 23:27:00,105.57784783535047,119.10127886380081,0.0,0.019666666666666666,0.14058381311689475,0.0,0.14058381311689475
2025-04-23 23:28:00,105.36666410564592,118.89416573126633,0.0,0.019666666666666666,0.1495610692132921,0.0,0.1495610692132921
2025-04-23 23:29:00,105.15445160754723,118.76889245427735,0.0,0.019666666666666666,0.15888056466678904,0.0,0.15888056466678904
2025-04-23 23:30:00,104.94137574805261,118.71539948730562,0.0,0.019666666666666666,0.16854079305552064,0.0,0.16854079305552064
2025-04-23 23:31:00,104.72759698510943,118.71908923738405,0.0,0.019666666666666666,0.17853961355182243,0.0,0.17853961355182243
2025-04-23 23:32:00,104.51327088541224,118.76535922029272,0.0,0.019666666666666666,0.1888742625470865,0.0,0.1888742625470865
2025-04-23 23:33:00,104.29854818612037,118.83960212227652,0.0,0.019666666666666666,0.19954136678202522,0.0,0.19954136678202522
2025-04-23 23:34:00,104.08357486009461,118.92720586528176,0.0,0.019666666666666666,0.21053695784930904,0.0,0.21053695784930904
2025-04-23 23:35:00,103.86849218427646,119.0135536753355,0.0,0.019666666666666666,0.22185648794073193,0.0,0.22185648794073193
2025-04-23 23:36:00,103.65343681085668,119.08402415371404,0.0,0.019666666666666666,0.23349484671680024,0.0,0.23349484671680024
2025-04-23 23:37:00,103.4385408409021,119.12399135056977,0.0,0.019666666666666666,0.24544637918202009,0.0,0.24544637918202009
2025-04-23 23:38:00,103.22393190013013,119.1188248407056,0.0,0.019666666666666666,0.25770490445440336,0.0,0.25770490445440336
2025-04-23 23:39:00,103.00973321654077,119.0538898012071,0.0,0.019666666666666666,0.27026373532312437,0.0,0.27026373532312437
2025-04-23 23:40:00,102.7960636996348,118.91454709066062,0.0,0.019666666666666666,0.28311569849316814,0.0,0.28311569849316814
2025-04-23 23:41:00,102.58303802096457,118.68615332970401,0.0,0.019666666666666666,0.296253155421094,0.0,0.296253155421094
2025-04-23 23:42:00,102.37076669578126,118.35406098267401,0.0,0.019666666666666666,0.3096680236505627,0.0,0.3096680236505627
2025-04-23 23:43:00,102.15935616555863,117.90361844012995,0.0,0.019666666666666666,0.32335179856149815,0.0,0.32335179856149815
2025-04-23 23:44:00,101.9489088811883,117.32680053327566,0.0,0.019666666666666666,0.33729557545086775,0.0,0.33729557545086775
2025-04-23 23:45:00,101.73952338665681,116.64209991131693,0.0,0.019666666666666666,0.3514900718680918,0.0,0.3514900718680918
2025-04-23 23:46:00,101.53129440302774,115.87463583176324,0.0,0.019666666666666666,0.36592565013198103,0.0,0.36592565013198103
2025-04-23 23:47:00,101.32431291256603,115.04952381332546,0.0,0.019666666666666666,0.38059233996069286,0.0,0.38059233996069286
2025-04-23 23:48:00,101.1186662428532,114.19187572003104,0.0,0.019666666666666666,0.39547986115008193,0.0,0.39547986115008193
2025-04-23 23:49:00,100.91443815075424,113.32679984519089,0.0,0.019666666666666666,0.41057764623990806,0.0,0.41057764623990806
2025-04-23 23:50:00,100.71170890610809,112.47940099508988,0.0,0.019666666666666666,0.4258748631111039,0.0,0.4258748631111039
2025-04-23 23:51:00,100.51055537502349,111.67478057228267,0.0,0.019666666666666666,0.44136043746100284,0.0,0.44136043746100284
2025-04-23 23:52:00,100.31105110267205,110.9380366583868,0.0,0.019666666666666666,0.45702307510716944,0.0,0.45702307510716944
2025-04-23 23:53:00,100.11326639547995,110.29426409627438,0.0,0.019666666666666666,0.47285128407363547,0.0,0.47285128407363547
2025-04-23 23:54:00,99.9172684026275,109.76855457157161,0.0,0.019666666666666666,0.48883339641680734,0.0,0.48883339641680734
2025-04-23 23:55:00,99.72312119677478,109.38599669338456,0.0,0.019666666666666666,0.5049575897516307,0.0,0.5049575897516307
2025-04-23 23:56:00,99.53088585393887,109.17167607417616,0.0,0.019666666666666666,0.5212119084412394,0.0,0.5212119084412394
2025-04-23 23:57:00,99.34062053245523,109.15067540872786,0.0,0.019666666666666666,0.5375842844168385,0.0,0.5375842844168385
2025-04-23 23:58:00,99.15238055096296,109.34807455212464,0.0,0.019666666666666666,0.5540625575968534,0.0,0.5540625575968534
2025-04-23 23:59:00,98.96621846535966,109.7793231334429,0.0,0.019666666666666666,0.5706344958773535,0.0,0.5706344958773535
2025-04-24 00:00:00,98.78218414467776,110.42135824182526,,,0.5872878146684634,0.0,0.5872878146684634
