Time,BG,CGM,CHO,insulin,LBGI,HBGI,Risk
2025-04-23 00:00:00,135.64,159.23486318070027,0.0,0.02874166666666667,0.0,1.2171253297619526,1.2171253297619526
2025-04-23 00:01:00,135.63999999999984,158.7531984269998,0.0,0.02874166666666667,0.0,1.2171253297619342,1.2171253297619342
2025-04-23 00:02:00,135.6399999999999,158.4603988124678,0.0,0.02874166666666667,0.0,1.2171253297619342,1.2171253297619342
2025-04-23 00:03:00,135.64000000000374,158.14095595093823,0.0,0.02874166666666667,0.0,1.217125329762308,1.217125329762308
2025-04-23 00:04:00,135.64000000002355,157.80087102601323,0.0,0.02874166666666667,0.0,1.2171253297642066,1.2171253297642066
2025-04-23 00:05:00,135.64000000008707,157.44614522131047,0.0,0.02874166666666667,0.0,1.2171253297703317,1.2171253297703317
2025-04-23 00:06:00,135.64000000024487,157.08277972047048,0.0,0.02874166666666667,0.0,1.2171253297855096,1.2171253297855096
2025-04-23 00:07:00,135.64000000057757,156.71677570716383,0.0,0.02874166666666667,0.0,1.2171253298175013,1.2171253298175013
2025-04-23 00:08:00,135.64000000120214,156.35413436509745,0.0,0.02874166666666667,0.0,1.2171253298775668,1.2171253298775668
2025-04-23 00:09:00,135.64000000227782,156.00085687802047,0.0,0.02874166666666667,0.0,1.2171253299810239,1.2171253299810239
2025-04-23 00:10:00,135.64000000401077,155.66294442972907,0.0,0.02874166666666667,0.0,1.2171253301476979,1.2171253301476979
2025-04-23 00:11:00,135.64000000665808,155.34639820407023,0.0,0.02874166666666667,0.0,1.2171253304023144,1.2171253304023144
2025-04-23 00:12:00,135.64000001053083,155.05721938494497,0.0,0.02874166666666667,0.0,1.2171253307747991,1.2171253307747991
2025-04-23 00:13:00,135.64000001599632,154.80140915631057,0.0,0.02874166666666667,0.0,1.217125331300454,1.217125331300454
2025-04-23 00:14:00,135.64000002347962,154.584968702182,0.0,0.02874166666666667,0.0,1.2171253320201925,1.2171253320201925
2025-04-23 00:15:00,135.64000003346425,154.41389920663278,0.0,0.02874166666666667,0.0,1.2171253329805016,1.2171253329805016
2025-04-23 00:16:00,135.64000004649233,154.29420185379496,0.0,0.02874166666666667,0.0,1.2171253342335167,1.2171253342335167
2025-04-23 00:17:00,135.64000006316436,154.23187782785894,0.0,0.02874166666666667,0.0,1.217125335837021,1.217125335837021
2025-04-23 00:18:00,135.64000008413808,154.23292831307245,0.0,0.02874166666666667,0.0,1.2171253378542506,1.2171253378542506
2025-04-23 00:19:00,135.64000011012732,154.30335449373925,0.0,0.02874166666666667,0.0,1.217125340353856,1.217125340353856
2025-04-23 00:20:00,135.6400001419003,154.4491575542175,0.0,0.02874166666666667,0.0,1.2171253434097429,1.2171253434097429
2025-04-23 00:21:00,135.6400001802777,154.67633867891783,0.0,0.02874166666666667,0.0,1.217125347100839,1.217125347100839
2025-04-23 00:22:00,135.6400002261304,154.9908990523011,0.0,0.02874166666666667,0.0,1.2171253515108973,1.2171253515108973
2025-04-23 00:23:00,135.6400002803772,155.398839858876,0.0,0.02874166666666667,0.0,1.2171253567282811,1.2171253567282811
2025-04-23 00:24:00,135.64000034398205,155.90616228319647,0.0,0.02874166666666667,0.0,1.217125362845722,1.217125362845722
2025-04-23 00:25:00,135.6400004179516,156.51886750985904,0.0,0.02874166666666667,0.0,1.2171253699600273,1.2171253699600273
2025-04-23 00:26:00,135.64000050333235,157.24295672350019,0.0,0.02874166666666667,0.0,1.2171253781718483,1.2171253781718483
2025-04-23 00:27:00,135.64000060120776,158.08443110879335,0.0,0.02874166666666667,0.0,1.217125387585382,1.217125387585382
2025-04-23 00:28:00,135.64000071269552,159.04929185044617,0.0,0.02874166666666667,0.0,1.217125398308143,1.217125398308143
2025-04-23 00:29:00,135.64000083894473,160.1417827799711,0.0,0.02874166666666667,0.0,1.2171254104506304,1.2171254104506304
2025-04-23 00:30:00,135.64000098113286,161.35911831600296,0.0,0.02874166666666667,0.0,1.2171254241261018,1.2171254241261018
2025-04-23 00:31:00,135.6400011404632,162.6967555239759,0.0,0.02874166666666667,0.0,1.2171254394503117,1.2171254394503117
2025-04-23 00:32:00,135.6400013181619,164.15015146934684,0.0,0.02874166666666667,0.0,1.2171254565411562,1.2171254565411562
2025-04-23 00:33:00,135.64000151547535,165.71476321759297,0.0,0.02874166666666667,0.0,1.2171254755185137,1.2171254755185137
2025-04-23 00:34:00,135.6400017336675,167.3860478342091,0.0,0.02874166666666667,0.0,1.2171254965039833,1.2171254965039833
2025-04-23 00:35:00,135.64000197401734,169.15946238470497,0.0,0.02874166666666667,0.0,1.2171255196205297,1.2171255196205297
2025-04-23 00:36:00,135.64000223781628,171.03046393460284,0.0,0.02874166666666667,0.0,1.2171255449923988,1.2171255449923988
2025-04-23 00:37:00,135.64000252636583,172.994509549435,0.0,0.02874166666666667,0.0,1.2171255727447337,1.2171255727447337
2025-04-23 00:38:00,135.6400028409752,175.0470562947415,0.0,0.02874166666666667,0.0,1.2171256030034918,1.2171256030034918
2025-04-23 00:39:00,135.64000318295922,177.18356123606796,0.0,0.02874166666666667,0.0,1.2171256358950981,1.2171256358950981
2025-04-23 00:40:00,135.64000355363598,179.39948143896328,0.0,0.02874166666666667,0.0,1.217125671546342,1.217125671546342
2025-04-23 00:41:00,135.64000395432484,181.69027396897764,0.0,0.02874166666666667,0.0,1.217125710084106,1.217125710084106
2025-04-23 00:42:00,135.64000438634454,184.05139589166055,0.0,0.02874166666666667,0.0,1.2171257516352458,1.2171257516352458
2025-04-23 00:43:00,135.6400048510112,186.478304272559,0.0,0.02874166666666667,0.0,1.2171257963263258,1.2171257963263258
2025-04-23 00:44:00,135.64000534963674,188.9597830840807,0.0,0.02874166666666667,0.0,1.2171258442835278,1.2171258442835278
2025-04-23 00:45:00,135.64000588352695,191.45792392608746,0.0,0.02874166666666667,0.0,1.217125895632454,1.217125895632454
2025-04-23 00:46:00,135.64000645398002,193.92814530529853,0.0,0.02874166666666667,0.0,1.2171259504979393,1.2171259504979393
2025-04-23 00:47:00,135.640007062285,196.325865728424,0.0,0.02874166666666667,0.0,1.2171260090039866,1.2171260090039866
2025-04-23 00:48:00,135.6400077097205,198.60650370216345,0.0,0.02874166666666667,0.0,1.2171260712735514,1.2171260712735514
2025-04-23 00:49:00,135.640008397553,200.7254777332045,0.0,0.02874166666666667,0.0,1.2171261374284577,1.2171261374284577
2025-04-23 00:50:00,135.64000912703602,202.63820632822166,0.0,0.02874166666666667,0.0,1.217126207589276,1.217126207589276
2025-04-23 00:51:00,135.64000989940862,204.300107993875,0.0,0.02874166666666667,0.0,1.2171262818751467,1.2171262818751467
2025-04-23 00:52:00,135.6400107158945,205.6666012368093,0.0,0.02874166666666667,0.0,1.2171263604037885,1.2171263604037885
2025-04-23 00:53:00,135.64001157770082,206.69310456365272,0.0,0.02874166666666667,0.0,1.2171264432913023,1.2171264432913023
2025-04-23 00:54:00,135.64001248601738,207.33503648101618,0.0,0.02874166666666667,0.0,1.2171265306521153,1.2171265306521153
2025-04-23 00:55:00,135.6400134420156,207.54781549549205,0.0,0.02874166666666667,0.0,1.2171266225988955,1.2171266225988955
2025-04-23 00:56:00,135.64001444684786,207.28686011365374,0.0,0.02874166666666667,0.0,1.2171267192424797,1.2171267192424797
2025-04-23 00:57:00,135.64001550164656,206.50758884205476,0.0,0.02874166666666667,0.0,1.2171268206917687,1.2171268206917687
2025-04-23 00:58:00,135.64001660752353,205.16542018722797,0.0,0.02874166666666667,0.0,1.2171269270537355,1.2171269270537355
2025-04-23 00:59:00,135.6400177655695,203.23625003657855,0.0,0.02874166666666667,0.0,1.2171270384332409,1.2171270384332409
2025-04-23 01:00:00,135.64001897685324,200.77788380106404,0.0,0.02874166666666667,0.0,1.2171271549331066,1.2171271549331066
2025-04-23 01:01:00,135.6400202424214,197.86860427251298,0.0,0.02874166666666667,0.0,1.2171272766539856,1.2171272766539856
2025-04-23 01:02:00,135.64002156329778,194.58669424273134,0.0,0.02874166666666667,0.0,1.2171274036943411,1.2171274036943411
2025-04-23 01:03:00,135.64002294048302,191.01043650350186,0.0,0.02874166666666667,0.0,1.2171275361504312,1.2171275361504312
2025-04-23 01:04:00,135.64002437495418,187.21811384658372,0.0,0.02874166666666667,0.0,1.217127674116231,1.217127674116231
2025-04-23 01:05:00,135.64002586766443,183.28800906371208,0.0,0.02874166666666667,0.0,1.2171278176833966,1.2171278176833966
2025-04-23 01:06:00,135.6400274195428,179.29840494659817,0.0,0.02874166666666667,0.0,1.2171279669413024,1.2171279669413024
2025-04-23 01:07:00,135.640029031494,175.32758428692873,0.0,0.02874166666666667,0.0,1.2171281219769299,1.2171281219769299
2025-04-23 01:08:00,135.64003070439801,171.4538298763658,0.0,0.02874166666666667,0.0,1.2171282828749583,1.2171282828749583
2025-04-23 01:09:00,135.64003243911023,167.75542450654692,0.0,0.02874166666666667,0.0,1.2171284497176278,1.2171284497176278
2025-04-23 01:10:00,135.640034236461,164.31065096908452,0.0,0.02874166666666667,0.0,1.2171286225848301,1.2171286225848301
2025-04-23 01:11:00,135.64003609725577,161.19779205556614,0.0,0.02874166666666667,0.0,1.2171288015539892,1.2171288015539892
2025-04-23 01:12:00,135.640038022275,158.4951305575543,0.0,0.02874166666666667,0.0,1.2171289867002184,1.2171289867002184
2025-04-23 01:13:00,135.64004001227403,156.28094926658645,0.0,0.02874166666666667,0.0,1.2171291780961349,1.2171291780961349
2025-04-23 01:14:00,135.6400420679831,154.61127537475105,0.0,0.02874166666666667,0.0,1.2171293758119892,1.2171293758119892
2025-04-23 01:15:00,135.64004419010755,153.45311367641614,0.0,0.02874166666666667,0.0,1.2171295799156114,1.2171295799156114
2025-04-23 01:16:00,135.64004637932754,152.7512133665008,0.0,0.02874166666666667,0.0,1.217129790472435,1.217129790472435
2025-04-23 01:17:00,135.6400486362985,152.4503236398993,0.0,0.02874166666666667,0.0,1.2171300075454836,1.2171300075454836
2025-04-23 01:18:00,135.6400509616509,152.49519369148098,0.0,0.02874166666666667,0.0,1.2171302311953944,1.2171302311953944
2025-04-23 01:19:00,135.64005335599057,152.83057271609053,0.0,0.02874166666666667,0.0,1.2171304614804492,1.2171304614804492
2025-04-23 01:20:00,135.64005581989878,153.40120990854808,0.0,0.02874166666666667,0.0,1.2171306984565535,1.2171306984565535
2025-04-23 01:21:00,135.64005835393235,154.15185446364933,0.0,0.02874166666666667,0.0,1.2171309421772574,1.2171309421772574
2025-04-23 01:22:00,135.64006095862388,155.02725557616577,0.0,0.02874166666666667,0.0,1.2171311926937904,1.2171311926937904
2025-04-23 01:23:00,135.64006363448198,155.9721624408448,0.0,0.02874166666666667,0.0,1.2171314500550736,1.2171314500550736
2025-04-23 01:24:00,135.64006638199135,156.93132425241006,0.0,0.02874166666666667,0.0,1.2171317143077365,1.2171317143077365
2025-04-23 01:25:00,135.64006920161304,157.84949020556147,0.0,0.02874166666666667,0.0,1.217131985496108,1.217131985496108
2025-04-23 01:26:00,135.64007209378482,158.6714094949756,0.0,0.02874166666666667,0.0,1.2171322636622917,1.2171322636622917
2025-04-23 01:27:00,135.6400750589212,159.34183131530585,0.0,0.02874166666666667,0.0,1.2171325488461744,1.2171325488461744
2025-04-23 01:28:00,135.64007809741383,159.80550486118278,0.0,0.02874166666666667,0.0,1.2171328410853997,1.2171328410853997
2025-04-23 01:29:00,135.64008120963175,160.02036601455274,0.0,0.02874166666666667,0.0,1.2171331404154966,1.2171331404154966
2025-04-23 01:30:00,135.6400843959216,159.99709740669365,0.0,0.02874166666666667,0.0,1.2171334468697783,1.2171334468697783
2025-04-23 01:31:00,135.64008765660796,159.7595683561999,0.0,0.02874166666666667,0.0,1.2171337604794916,1.2171337604794916
2025-04-23 01:32:00,135.64009099199365,159.33164818164406,0.0,0.02874166666666667,0.0,1.2171340812737412,1.2171340812737412
2025-04-23 01:33:00,135.64009440235992,158.73720620157718,0.0,0.02874166666666667,0.0,1.2171344092795946,1.2171344092795946
2025-04-23 01:34:00,135.64009788796693,158.00011173452916,0.0,0.02874166666666667,0.0,1.2171347445220597,1.2171347445220597
2025-04-23 01:35:00,135.64010144905387,157.14423409900897,0.0,0.02874166666666667,0.0,1.217135087024155,1.217135087024155
2025-04-23 01:36:00,135.64010508583945,156.1934426135051,0.0,0.02874166666666667,0.0,1.217135436806934,1.217135436806934
2025-04-23 01:37:00,135.64010879852208,155.17160659648576,0.0,0.02874166666666667,0.0,1.2171357938894394,1.2171357938894394
2025-04-23 01:38:00,135.64011258728024,154.10259536639916,0.0,0.02874166666666667,0.0,1.2171361582888913,1.2171361582888913
2025-04-23 01:39:00,135.64011645227282,153.010278241674,0.0,0.02874166666666667,0.0,1.2171365300205264,1.2171365300205264
2025-04-23 01:40:00,135.64012039363948,151.9185245407197,0.0,0.02874166666666667,0.0,1.2171369090978148,1.2171369090978148
2025-04-23 01:41:00,135.64012441150086,150.85120358192665,0.0,0.02874166666666667,0.0,1.2171372955323465,1.2171372955323465
2025-04-23 01:42:00,135.64012850595907,149.83218468366678,0.0,0.02874166666666667,0.0,1.217137689333944,1.217137689333944
2025-04-23 01:43:00,135.6401326770979,148.88533716429365,0.0,0.02874166666666667,0.0,1.2171380905106912,1.2171380905106912
2025-04-23 01:44:00,135.6401369249832,148.0297232529243,0.0,0.02874166666666667,0.0,1.2171384990688947,1.2171384990688947
2025-04-23 01:45:00,135.6401412496633,147.2651768217841,0.0,0.02874166666666667,0.0,1.217138915013206,1.217138915013206
2025-04-23 01:46:00,135.64014565116912,146.58672465386252,0.0,0.02874166666666667,0.0,1.21713933834664,1.21713933834664
2025-04-23 01:47:00,135.64015012951478,145.98939353213214,0.0,0.02874166666666667,0.0,1.2171397690705001,1.2171397690705001
2025-04-23 01:48:00,135.64015468469773,145.46821023954894,0.0,0.02874166666666667,0.0,1.2171402071846038,1.2171402071846038
2025-04-23 01:49:00,135.64015931669925,145.01820155905264,0.0,0.02874166666666667,0.0,1.2171406526871218,1.2171406526871218
2025-04-23 01:50:00,135.64016402548458,144.63439427356704,0.0,0.02874166666666667,0.0,1.2171411055747015,1.2171411055747015
2025-04-23 01:51:00,135.64016881100343,144.31181516600032,0.0,0.02874166666666667,0.0,1.2171415658425393,1.2171415658425393
2025-04-23 01:52:00,135.64017367319028,144.04549101924542,0.0,0.02874166666666667,0.0,1.2171420334843275,1.2171420334843275
2025-04-23 01:53:00,135.64017861196467,143.83044861618043,0.0,0.02874166666666667,0.0,1.217142508492318,1.217142508492318
2025-04-23 01:54:00,135.64018362723152,143.66171473966875,0.0,0.02874166666666667,0.0,1.2171429908573872,1.2171429908573872
2025-04-23 01:55:00,135.64018871888152,143.53431617255958,0.0,0.02874166666666667,0.0,1.2171434805690198,1.2171434805690198
2025-04-23 01:56:00,135.64019388679134,143.44327969768807,0.0,0.02874166666666667,0.0,1.2171439776153423,1.2171439776153423
2025-04-23 01:57:00,135.6401991308241,143.38363209787585,0.0,0.02874166666666667,0.0,1.217144481983212,1.217144481983212
2025-04-23 01:58:00,135.64020445082963,143.35040015593125,0.0,0.02874166666666667,0.0,1.2171449936581844,1.2171449936581844
2025-04-23 01:59:00,135.6402098466447,143.33907529979106,0.0,0.02874166666666667,0.0,1.217145512624572,1.217145512624572
2025-04-23 02:00:00,135.64021531809342,143.34700753794584,0.0,0.02874166666666667,0.0,1.217146038865434,1.217146038865434
2025-04-23 02:01:00,135.6402208649876,143.37201152401528,0.0,0.02874166666666667,0.0,1.2171465723627175,1.2171465723627175
2025-04-23 02:02:00,135.64022648712697,143.411901911607,0.0,0.02874166666666667,0.0,1.2171471130971154,1.2171471130971154
2025-04-23 02:03:00,135.64023218429944,143.46449335431691,0.0,0.02874166666666667,0.0,1.2171476610482743,1.2171476610482743
2025-04-23 02:04:00,135.64023795628154,143.52760050572945,0.0,0.02874166666666667,0.0,1.2171482161946807,1.2171482161946807
2025-04-23 02:05:00,135.64024380283865,143.59903801941795,0.0,0.02874166666666667,0.0,1.2171487785137827,1.2171487785137827
2025-04-23 02:06:00,135.64024972372528,143.6766205489448,0.0,0.02874166666666667,0.0,1.2171493479819637,1.2171493479819637
2025-04-23 02:07:00,135.64025571868535,143.75816274786195,0.0,0.02874166666666667,0.0,1.217149924574614,1.217149924574614
2025-04-23 02:08:00,135.64026178745254,143.8414792697109,0.0,0.02874166666666667,0.0,1.2171505082661158,1.2171505082661158
2025-04-23 02:09:00,135.6402679297505,143.9243847680233,0.0,0.02874166666666667,0.0,1.2171510990298868,1.2171510990298868
2025-04-23 02:10:00,135.6402741452932,144.00469389632102,0.0,0.02874166666666667,0.0,1.2171516968384288,1.2171516968384288
2025-04-23 02:11:00,135.64028043378514,144.0802213081165,0.0,0.02874166666666667,0.0,1.217152301663318,1.217152301663318
2025-04-23 02:12:00,135.64028679492165,144.14878165691303,0.0,0.02874166666666667,0.0,1.2171529134752699,1.2171529134752699
2025-04-23 02:13:00,135.6402932283892,144.20818959620496,0.0,0.02874166666666667,0.0,1.2171535322441205,1.2171535322441205
2025-04-23 02:14:00,135.64029973386562,144.2562597794781,0.0,0.02874166666666667,0.0,1.2171541579388936,1.2171541579388936
2025-04-23 02:15:00,135.64030631102028,144.29080686020976,0.0,0.02874166666666667,0.0,1.217154790527779,1.217154790527779
2025-04-23 02:16:00,135.64031295951455,144.3096454918692,0.0,0.02874166666666667,0.0,1.2171554299782485,1.2171554299782485
2025-04-23 02:17:00,135.64031967900186,144.3105903279178,0.0,0.02874166666666667,0.0,1.2171560762569307,1.2171560762569307
2025-04-23 02:18:00,135.64032646912804,144.29145602180932,0.0,0.02874166666666667,0.0,1.2171567293297996,1.2171567293297996
2025-04-23 02:19:00,135.64033332953156,144.25005722699015,0.0,0.02874166666666667,0.0,1.2171573891620537,1.2171573891620537
2025-04-23 02:20:00,135.64034025984373,144.18420859689957,0.0,0.02874166666666667,0.0,1.2171580557182649,1.2171580557182649
2025-04-23 02:21:00,135.64034725968898,144.0917247849699,0.0,0.02874166666666667,0.0,1.217158728962313,1.217158728962313
2025-04-23 02:22:00,135.6403543286851,143.9704204446269,0.0,0.02874166666666667,0.0,1.2171594088574227,1.2171594088574227
2025-04-23 02:23:00,135.64036146644347,143.81811022928986,0.0,0.02874166666666667,0.0,1.217160095366249,1.217160095366249
2025-04-23 02:24:00,135.64036867256914,143.63260879237177,0.0,0.02874166666666667,0.0,1.2171607884507913,1.2171607884507913
2025-04-23 02:25:00,135.6403759466613,143.41173078727974,0.0,0.02874166666666667,0.0,1.2171614880724984,1.2171614880724984
2025-04-23 02:26:00,135.64038328831327,143.15329086741502,0.0,0.02874166666666667,0.0,1.2171621941922854,1.2171621941922854
2025-04-23 02:27:00,135.6403906971129,142.85510368617344,0.0,0.02874166666666667,0.0,1.2171629067704886,1.2171629067704886
2025-04-23 02:28:00,135.64039817264265,142.5149838969453,0.0,0.02874166666666667,0.0,1.2171636257669651,1.2171636257669651
2025-04-23 02:29:00,135.64040571447984,143.54930981098047,0.0,0.02874166666666667,0.0,1.2171643511410786,1.2171643511410786
2025-04-23 02:30:00,135.64041332219685,144.55073247702543,0.0,0.02874166666666667,0.0,1.217165082851687,1.217165082851687
2025-04-23 02:31:00,135.6404209953613,145.5183909439824,0.0,0.02874166666666667,0.0,1.2171658208572176,1.2171658208572176
2025-04-23 02:32:00,135.6404287335363,146.45142426074912,0.0,0.02874166666666667,0.0,1.217166565115659,1.217166565115659
2025-04-23 02:33:00,135.64043653628056,147.34897147621888,0.0,0.02874166666666667,0.0,1.2171673155845497,1.2171673155845497
2025-04-23 02:34:00,135.64044440314865,148.21017163928082,0.0,0.02874166666666667,0.0,1.217168072221084,1.217168072221084
2025-04-23 02:35:00,135.64045233369112,149.03416379882015,0.0,0.02874166666666667,0.0,1.2171688349820147,1.2171688349820147
2025-04-23 02:36:00,135.64046032745475,149.82008700371819,0.0,0.02874166666666667,0.0,1.217169603823769,1.217169603823769
2025-04-23 02:37:00,135.64046838398264,150.5670803028527,0.0,0.02874166666666667,0.0,1.2171703787024082,1.2171703787024082
2025-04-23 02:38:00,135.6404765028144,151.27428274509788,0.0,0.02874166666666667,0.0,1.2171711595736472,1.2171711595736472
2025-04-23 02:39:00,135.6404846834865,151.94083337932477,0.0,0.02874166666666667,0.0,1.2171719463929036,1.2171719463929036
2025-04-23 02:40:00,135.64049292553216,152.5658712544012,0.0,0.02874166666666667,0.0,1.2171727391153033,1.2171727391153033
2025-04-23 02:41:00,135.6405012284816,153.14853541919206,0.0,0.02874166666666667,0.0,1.2171735376956545,1.2171735376956545
2025-04-23 02:42:00,135.64050959186233,153.68796492255933,0.0,0.02874166666666667,0.0,1.2171743420885321,1.2171743420885321
2025-04-23 02:43:00,135.64051801519918,154.18329881336257,0.0,0.02874166666666667,0.0,1.2171751522482304,1.2171751522482304
2025-04-23 02:44:00,135.64052649801442,154.6336761404586,0.0,0.02874166666666667,0.0,1.2171759681288,1.2171759681288
2025-04-23 02:45:00,135.64053503982802,155.03823595270197,0.0,0.02874166666666667,0.0,1.2171767896840768,1.2171767896840768
2025-04-23 02:46:00,135.6405436401578,155.39611729894511,0.0,0.02874166666666667,0.0,1.2171776168676904,1.2171776168676904
2025-04-23 02:47:00,135.64055229851937,155.70645922803828,0.0,0.02874166666666667,0.0,1.2171784496330662,1.2171784496330662
2025-04-23 02:48:00,135.6405610144266,155.9684007888299,0.0,0.02874166666666667,0.0,1.2171792879334495,1.2171792879334495
2025-04-23 02:49:00,135.6405697873914,156.1810810301665,0.0,0.02874166666666667,0.0,1.2171801317218915,1.2171801317218915
2025-04-23 02:50:00,135.6405786169241,156.34363900089303,0.0,0.02874166666666667,0.0,1.2171809809513014,1.2171809809513014
2025-04-23 02:51:00,135.64058750253355,156.4552137498529,0.0,0.02874166666666667,0.0,1.2171818355744586,1.2171818355744586
2025-04-23 02:52:00,135.64059644372713,156.51494432588814,0.0,0.02874166666666667,0.0,1.2171826955439822,1.2171826955439822
2025-04-23 02:53:00,135.64060544001097,156.52196977783944,0.0,0.02874166666666667,0.0,1.2171835608123618,1.2171835608123618
2025-04-23 02:54:00,135.64061449089002,156.47542915454636,0.0,0.02874166666666667,0.0,1.2171844313319924,1.2171844313319924
2025-04-23 02:55:00,135.64062359586828,156.37446150484752,0.0,0.02874166666666667,0.0,1.2171853070551943,1.2171853070551943
2025-04-23 02:56:00,135.64063275444875,156.21820587758052,0.0,0.02874166666666667,0.0,1.2171861879341392,1.2171861879341392
2025-04-23 02:57:00,135.6406419661336,156.0058013215821,0.0,0.02874166666666667,0.0,1.2171870739209691,1.2171870739209691
2025-04-23 02:58:00,135.64065123042442,155.73638688568852,0.0,0.02874166666666667,0.0,1.2171879649677524,1.2171879649677524
2025-04-23 02:59:00,135.6406605468221,155.4106438349365,0.0,0.02874166666666667,0.0,1.2171888610264723,1.2171888610264723
2025-04-23 03:00:00,135.6406699148271,155.03542229916792,0.0,0.02874166666666667,0.0,1.217189762049113,1.217189762049113
2025-04-23 03:01:00,135.6406793339395,154.61911462442538,0.0,0.02874166666666667,0.0,1.2171906679875641,1.2171906679875641
2025-04-23 03:02:00,135.64068880365906,154.1701131567513,0.0,0.02874166666666667,0.0,1.217191578793735,1.217191578793735
2025-04-23 03:03:00,135.6406983234854,153.69681024218795,0.0,0.02874166666666667,0.0,1.2171924944195058,1.2171924944195058
2025-04-23 03:04:00,135.64070789291802,153.2075982267774,0.0,0.02874166666666667,0.0,1.2171934148167387,1.2171934148167387
2025-04-23 03:05:00,135.64071751145644,152.71086945656185,0.0,0.02874166666666667,0.0,1.2171943399373049,1.2171943399373049
2025-04-23 03:06:00,135.6407271786003,152.21501627758352,0.0,0.02874166666666667,0.0,1.2171952697330848,1.2171952697330848
2025-04-23 03:07:00,135.64073689384932,151.7284310358848,0.0,0.02874166666666667,0.0,1.2171962041559496,1.2171962041559496
2025-04-23 03:08:00,135.64074665670367,151.25950607750843,0.0,0.02874166666666667,0.0,1.2171971431578452,1.2171971431578452
2025-04-23 03:09:00,135.64075646666367,150.8166337484974,0.0,0.02874166666666667,0.0,1.2171980866907082,1.2171980866907082
2025-04-23 03:10:00,135.64076632323022,150.4082063948952,0.0,0.02874166666666667,0.0,1.2171990347065405,1.2171990347065405
2025-04-23 03:11:00,135.6407762259046,150.04261636274575,0.0,0.02874166666666667,0.0,1.2171999871573904,1.2171999871573904
2025-04-23 03:12:00,135.6407861741888,149.72825599809366,0.0,0.02874166666666667,0.0,1.2172009439953353,1.2172009439953353
2025-04-23 03:13:00,135.64079616758542,149.47351764698413,0.0,0.02874166666666667,0.0,1.2172019051725729,1.2172019051725729
2025-04-23 03:14:00,135.6408062055978,149.2839231910284,0.0,0.02874166666666667,0.0,1.2172028706413103,1.2172028706413103
2025-04-23 03:15:00,135.64081628773005,149.1535126540992,0.0,0.02874166666666667,0.0,1.2172038403538767,1.2172038403538767
2025-04-23 03:16:00,135.64082641348722,149.07345559563544,0.0,0.02874166666666667,0.0,1.2172048142626484,1.2172048142626484
2025-04-23 03:17:00,135.64083658237524,149.03492157507696,0.0,0.02874166666666667,0.0,1.2172057923201407,1.2172057923201407
2025-04-23 03:18:00,135.64084679390112,149.02908015186466,0.0,0.02874166666666667,0.0,1.2172067744789161,1.2172067744789161
2025-04-23 03:19:00,135.64085704757284,149.04710088544036,0.0,0.02874166666666667,0.0,1.2172077606916591,1.2172077606916591
2025-04-23 03:20:00,135.64086734289958,149.08015333524713,0.0,0.02874166666666667,0.0,1.217208750911166,1.217208750911166
2025-04-23 03:21:00,135.64087767939174,149.1194070607292,0.0,0.02874166666666667,0.0,1.2172097450903638,1.2172097450903638
2025-04-23 03:22:00,135.64088805656087,149.1560316213321,0.0,0.02874166666666667,0.0,1.2172107431822545,1.2172107431822545
2025-04-23 03:23:00,135.64089847391986,149.18119657650251,0.0,0.02874166666666667,0.0,1.217211745140018,1.217211745140018
2025-04-23 03:24:00,135.64090893098304,149.18607148568867,0.0,0.02874166666666667,0.0,1.217212750916917,1.217212750916917
2025-04-23 03:25:00,135.64091942726608,149.16182590834012,0.0,0.02874166666666667,0.0,1.2172137604663937,1.2172137604663937
2025-04-23 03:26:00,135.64092996228607,149.09962940390778,0.0,0.02874166666666667,0.0,1.2172147737419918,1.2172147737419918
2025-04-23 03:27:00,135.6409405355617,148.9906515318443,0.0,0.02874166666666667,0.0,1.2172157906974244,1.2172157906974244
2025-04-23 03:28:00,135.64095114661313,148.8260618516037,0.0,0.02874166666666667,0.0,1.2172168112865616,1.2172168112865616
2025-04-23 03:29:00,135.64096179496227,148.6010639405339,0.0,0.02874166666666667,0.0,1.2172178354633878,1.2172178354633878
2025-04-23 03:30:00,135.64097248013252,148.32699744755328,0.0,0.02874166666666667,0.0,1.217218863182101,1.217218863182101
2025-04-23 03:31:00,135.64098320164908,148.01923603947415,0.0,0.02874166666666667,0.0,1.2172198943970123,1.2172198943970123
2025-04-23 03:32:00,135.64099395903884,147.6931533831105,0.0,0.02874166666666667,0.0,1.2172209290626377,1.2172209290626377
2025-04-23 03:33:00,135.64100475183045,147.36412314527814,0.0,0.02874166666666667,0.0,1.217221967133634,1.217221967133634
2025-04-23 03:34:00,135.64101557955445,147.04751899279466,0.0,0.02874166666666667,0.0,1.217223008564854,1.217223008564854
2025-04-23 03:35:00,135.64102644174315,146.75871459247958,0.0,0.02874166666666667,0.0,1.2172240533113372,1.2172240533113372
2025-04-23 03:36:00,135.64103733793087,146.51308361115426,0.0,0.02874166666666667,0.0,1.217225101328265,1.217225101328265
2025-04-23 03:37:00,135.6410482676537,146.32599971564196,0.0,0.02874166666666667,0.0,1.2172261525710493,1.2172261525710493
2025-04-23 03:38:00,135.64105923044977,146.21283657276788,0.0,0.02874166666666667,0.0,1.2172272069952457,1.2172272069952457
2025-04-23 03:39:00,135.64107022585927,146.1889678493594,0.0,0.02874166666666667,0.0,1.2172282645566501,1.2172282645566501
2025-04-23 03:40:00,135.6410812534243,146.26976721224565,0.0,0.02874166666666667,0.0,1.2172293252112105,1.2172293252112105
2025-04-23 03:41:00,135.64109231268904,146.47060832825804,0.0,0.02874166666666667,0.0,1.2172303889150875,1.2172303889150875
2025-04-23 03:42:00,135.64110340319985,146.80686486422994,0.0,0.02874166666666667,0.0,1.2172314556246868,1.2172314556246868
2025-04-23 03:43:00,135.6411145245051,147.2939104869969,0.0,0.02874166666666667,0.0,1.2172325252965248,1.2172325252965248
2025-04-23 03:44:00,135.64112567615533,147.9401051469951,0.0,0.02874166666666667,0.0,1.2172335978873994,1.2172335978873994
2025-04-23 03:45:00,135.6411368577033,148.72575392905694,0.0,0.02874166666666667,0.0,1.2172346733542851,1.2172346733542851
2025-04-23 03:46:00,135.64114806870384,149.62414820161547,0.0,0.02874166666666667,0.0,1.2172357516543912,1.2172357516543912
2025-04-23 03:47:00,135.64115930871412,150.60857933310595,0.0,0.02874166666666667,0.0,1.2172368327451044,1.2172368327451044
2025-04-23 03:48:00,135.6411705772935,151.65233869196604,0.0,0.02874166666666667,0.0,1.2172379165840628,1.2172379165840628
2025-04-23 03:49:00,135.6411818740036,152.72871764663543,0.0,0.02874166666666667,0.0,1.217239003129093,1.217239003129093
2025-04-23 03:50:00,135.6411931984083,153.81100756555622,0.0,0.02874166666666667,0.0,1.2172400923382538,1.2172400923382538
2025-04-23 03:51:00,135.64120455007384,154.87249981717287,0.0,0.02874166666666667,0.0,1.21724118416983,1.21724118416983
2025-04-23 03:52:00,135.6412159285687,155.886485769932,0.0,0.02874166666666667,0.0,1.217242278582311,1.217242278582311
2025-04-23 03:53:00,135.64122733346375,156.82625679228263,0.0,0.02874166666666667,0.0,1.2172433755344483,1.2172433755344483
2025-04-23 03:54:00,135.64123876433226,157.66510425267626,0.0,0.02874166666666667,0.0,1.217244474985171,1.217244474985171
2025-04-23 03:55:00,135.64125022074978,158.3763195195666,0.0,0.02874166666666667,0.0,1.2172455768936699,1.2172455768936699
2025-04-23 03:56:00,135.6412617022943,158.9331939614098,0.0,0.02874166666666667,0.0,1.217246681219369,1.217246681219369
2025-04-23 03:57:00,135.64127320854618,159.30901894666448,0.0,0.02874166666666667,0.0,1.2172477879218904,1.2172477879218904
2025-04-23 03:58:00,135.64128473908826,159.47708584379157,0.0,0.02874166666666667,0.0,1.2172488969611255,1.2172488969611255
2025-04-23 03:59:00,135.64129629350575,159.4193591474121,0.0,0.02874166666666667,0.0,1.217250008297172,1.217250008297172
2025-04-23 04:00:00,135.64130787138632,159.1524958567802,0.0,0.02874166666666667,0.0,1.2172511218903803,1.2172511218903803
2025-04-23 04:01:00,135.6413194723201,158.70182609731003,0.0,0.02874166666666667,0.0,1.2172522377013346,1.2172522377013346
2025-04-23 04:02:00,135.64133109589972,158.0926799944182,0.0,0.02874166666666667,0.0,1.217253355690843,1.217253355690843
2025-04-23 04:03:00,135.6413427417202,157.3503876735238,0.0,0.02874166666666667,0.0,1.217254475819966,1.217254475819966
2025-04-23 04:04:00,135.64135440937912,156.50027926004853,0.0,0.02874166666666667,0.0,1.2172555980499797,1.2172555980499797
2025-04-23 04:05:00,135.64136609847654,155.56768487941636,0.0,0.02874166666666667,0.0,1.2172567223424586,1.2172567223424586
2025-04-23 04:06:00,135.64137780861498,154.57793465705396,0.0,0.02874166666666667,0.0,1.217257848659147,1.217257848659147
2025-04-23 04:07:00,135.6413895393995,153.55635871839036,0.0,0.02874166666666667,0.0,1.2172589769620583,1.2172589769620583
2025-04-23 04:08:00,135.64140129043776,152.52828718885726,0.0,0.02874166666666667,0.0,1.2172601072134601,1.2172601072134601
2025-04-23 04:09:00,135.6414130613398,151.51905019388877,0.0,0.02874166666666667,0.0,1.2172612393758522,1.2172612393758522
2025-04-23 04:10:00,135.64142485171823,150.55397785892157,0.0,0.02874166666666667,0.0,1.2172623734119885,1.2172623734119885
2025-04-23 04:11:00,135.64143666118827,149.65840030939484,0.0,0.02874166666666667,0.0,1.2172635092848463,1.2172635092848463
2025-04-23 04:12:00,135.64144848936758,148.85764767075037,0.0,0.02874166666666667,0.0,1.2172646469576456,1.2172646469576456
2025-04-23 04:13:00,135.64146033587645,148.1770500684324,0.0,0.02874166666666667,0.0,1.217265786393878,1.217265786393878
2025-04-23 04:14:00,135.64147220033766,147.6351381766665,0.0,0.02874166666666667,0.0,1.2172669275572696,1.2172669275572696
2025-04-23 04:15:00,135.64148408237654,147.22324486479513,0.0,0.02874166666666667,0.0,1.21726807041177,1.21726807041177
2025-04-23 04:16:00,135.641495981621,146.92590355094217,0.0,0.02874166666666667,0.0,1.2172692149216089,1.2172692149216089
2025-04-23 04:17:00,135.64150789770153,146.727647653234,0.0,0.02874166666666667,0.0,1.2172703610512325,1.2172703610512325
2025-04-23 04:18:00,135.64151983025107,146.6130105897994,0.0,0.02874166666666667,0.0,1.2172715087653472,1.2172715087653472
2025-04-23 04:19:00,135.6415317789052,146.56652577876986,0.0,0.02874166666666667,0.0,1.217272658028904,1.217272658028904
2025-04-23 04:20:00,135.6415437433021,146.57272663827945,0.0,0.02874166666666667,0.0,1.2172738088070953,1.2172738088070953
2025-04-23 04:21:00,135.64155572308235,146.61614658646468,0.0,0.02874166666666667,0.0,1.2172749610653586,1.2172749610653586
2025-04-23 04:22:00,135.64156771788927,146.68131904146472,0.0,0.02874166666666667,0.0,1.2172761147693814,1.2172761147693814
2025-04-23 04:23:00,135.6415797273686,146.7527774214212,0.0,0.02874166666666667,0.0,1.217277269885097,1.217277269885097
2025-04-23 04:24:00,135.6415917511687,146.81505514447838,0.0,0.02874166666666667,0.0,1.2172784263786887,1.2172784263786887
2025-04-23 04:25:00,135.6416037889405,146.8526856287831,0.0,0.02874166666666667,0.0,1.217279584216585,1.217279584216585
2025-04-23 04:26:00,135.6416158403374,146.8502022924846,0.0,0.02874166666666667,0.0,1.2172807433654276,1.2172807433654276
2025-04-23 04:27:00,135.64162790501547,146.79213855373487,0.0,0.02874166666666667,0.0,1.2172819037921776,1.2172819037921776
2025-04-23 04:28:00,135.64163998263317,146.66302783068826,0.0,0.02874166666666667,0.0,1.217283065463935,1.217283065463935
2025-04-23 04:29:00,135.64165207285166,146.45055454453748,0.0,0.02874166666666667,0.0,1.217284228348166,1.217284228348166
2025-04-23 04:30:00,135.6416641753345,146.15500712862007,0.0,0.02874166666666667,0.0,1.2172853924124754,1.2172853924124754
2025-04-23 04:31:00,135.64167628974795,145.77982501931191,0.0,0.02874166666666667,0.0,1.217286557624759,1.217286557624759
2025-04-23 04:32:00,135.6416884157606,145.32844765299131,0.0,0.02874166666666667,0.0,1.2172877239531739,1.2172877239531739
2025-04-23 04:33:00,135.64170055304373,144.80431446603916,0.0,0.02874166666666667,0.0,1.2172888913660738,1.2172888913660738
2025-04-23 04:34:00,135.6417127012711,144.2108648948389,0.0,0.02874166666666667,0.0,1.2172900598321024,1.2172900598321024
2025-04-23 04:35:00,135.64172486011893,143.55153837577635,0.0,0.02874166666666667,0.0,1.217291229320108,1.217291229320108
2025-04-23 04:36:00,135.64173702926604,142.82977434524003,0.0,0.02874166666666667,0.0,1.2172923997991838,1.2172923997991838
2025-04-23 04:37:00,135.64174920839366,142.0490122396208,0.0,0.02874166666666667,0.0,1.217293571238702,1.217293571238702
2025-04-23 04:38:00,135.64176139718566,141.21269149531216,0.0,0.02874166666666667,0.0,1.2172947436082315,1.2172947436082315
2025-04-23 04:39:00,135.64177359532826,140.32425154871004,0.0,0.02874166666666667,0.0,1.217295916877613,1.217295916877613
2025-04-23 04:40:00,135.6417858025102,139.38713183621277,0.0,0.02874166666666667,0.0,1.217297091016892,1.217297091016892
2025-04-23 04:41:00,135.64179801842283,138.40477179422138,0.0,0.02874166666666667,0.0,1.2172982659963956,1.2172982659963956
2025-04-23 04:42:00,135.6418102427598,137.38061085913913,0.0,0.02874166666666667,0.0,1.2172994417866554,1.2172994417866554
2025-04-23 04:43:00,135.64182247521728,136.3180884673719,0.0,0.02874166666666667,0.0,1.2173006183584372,1.2173006183584372
2025-04-23 04:44:00,135.64183471549399,135.22064405532802,0.0,0.02874166666666667,0.0,1.2173017956827694,1.2173017956827694
2025-04-23 04:45:00,135.641846963291,134.09171705941824,0.0,0.02874166666666667,0.0,1.2173029737309122,1.2173029737309122
2025-04-23 04:46:00,135.64185921831182,132.9347469160557,0.0,0.02874166666666667,0.0,1.2173041524743247,1.2173041524743247
2025-04-23 04:47:00,135.64187148026255,131.75317306165616,0.0,0.02874166666666667,0.0,1.2173053318847726,1.2173053318847726
2025-04-23 04:48:00,135.6418837488515,130.55043493263756,0.0,0.02874166666666667,0.0,1.217306511934181,1.217306511934181
2025-04-23 04:49:00,135.6418960237896,129.3299719654205,0.0,0.02874166666666667,0.0,1.2173076925947286,1.2173076925947286
2025-04-23 04:50:00,135.64190830478998,128.09522359642773,0.0,0.02874166666666667,0.0,1.217308873838854,1.217308873838854
2025-04-23 04:51:00,135.64192059156838,126.84962926208469,0.0,0.02874166666666667,0.0,1.2173100556392027,1.2173100556392027
2025-04-23 04:52:00,135.6419328838428,125.59662839881899,0.0,0.02874166666666667,0.0,1.2173112379686537,1.2173112379686537
2025-04-23 04:53:00,135.6419451813337,124.33966044306078,0.0,0.02874166666666667,0.0,1.21731242080032,1.21731242080032
2025-04-23 04:54:00,135.6419574837639,123.08216483124247,0.0,0.02874166666666667,0.0,1.2173136041075392,1.2173136041075392
2025-04-23 04:55:00,135.6419697908585,121.82758099979885,0.0,0.02874166666666667,0.0,1.2173147878638721,1.2173147878638721
2025-04-23 04:56:00,135.6419821023451,120.57934838516721,0.0,0.02874166666666667,0.0,1.2173159720431235,1.2173159720431235
2025-04-23 04:57:00,135.64199441795358,119.34090642378699,0.0,0.02874166666666667,0.0,1.2173171566193135,1.2173171566193135
2025-04-23 04:58:00,135.6420067374161,118.11569455210005,0.0,0.02874166666666667,0.0,1.217318341566667,1.217318341566667
2025-04-23 04:59:00,135.64201906046722,118.17282148627413,0.0,0.02874166666666667,0.0,1.2173195268596537,1.2173195268596537
2025-04-23 05:00:00,135.6420313868438,118.36203123000904,0.0,0.02874166666666667,0.0,1.2173207124729837,1.2173207124729837
2025-04-23 05:01:00,135.642043716285,118.67320773728477,0.0,0.02874166666666667,0.0,1.217321898381557,1.217321898381557
2025-04-23 05:02:00,135.6420560485323,119.09623496208363,0.0,0.02874166666666667,0.0,1.2173230845604963,1.2173230845604963
2025-04-23 05:03:00,135.64206838332944,119.62099685839016,0.0,0.02874166666666667,0.0,1.217324270985177,1.217324270985177
2025-04-23 05:04:00,135.64208072042243,120.2373773801912,0.0,0.02874166666666667,0.0,1.2173254576311523,1.2173254576311523
2025-04-23 05:05:00,135.64209305955953,120.93526048147586,0.0,0.02874166666666667,0.0,1.2173266444742092,1.2173266444742092
2025-04-23 05:06:00,135.64210540049135,121.70453011623555,0.0,0.02874166666666667,0.0,1.2173278314903686,1.2173278314903686
2025-04-23 05:07:00,135.64211774297058,122.53507023846377,0.0,0.02874166666666667,0.0,1.2173290186558379,1.2173290186558379
2025-04-23 05:08:00,135.64213008675233,123.41676480215648,0.0,0.02874166666666667,0.0,1.2173302059470585,1.2173302059470585
2025-04-23 05:09:00,135.64214243159378,124.33949776131168,0.0,0.02874166666666667,0.0,1.2173313933406782,1.2173313933406782
2025-04-23 05:10:00,135.64215477725443,125.29315306992967,0.0,0.02874166666666667,0.0,1.2173325808135775,1.2173325808135775
2025-04-23 05:11:00,135.64216712349585,126.26761468201285,0.0,0.02874166666666667,0.0,1.2173337683427967,1.2173337683427967
2025-04-23 05:12:00,135.6421794700819,127.25276655156593,0.0,0.02874166666666667,0.0,1.2173349559056463,1.2173349559056463
2025-04-23 05:13:00,135.64219181677862,128.23849263259572,0.0,0.02874166666666667,0.0,1.2173361434796153,1.2173361434796153
2025-04-23 05:14:00,135.64220416335417,129.21467687911127,0.0,0.02874166666666667,0.0,1.2173373310423983,1.2173373310423983
2025-04-23 05:15:00,135.64221650957884,130.17120324512365,0.0,0.02874166666666667,0.0,1.2173385185719143,1.2173385185719143
2025-04-23 05:16:00,135.6422288552251,131.09795568464617,0.0,0.02874166666666667,0.0,1.2173397060462503,1.2173397060462503
2025-04-23 05:17:00,135.64224120006762,131.98481815169427,0.0,0.02874166666666667,0.0,1.217340893443764,1.217340893443764
2025-04-23 05:18:00,135.64225354388304,132.8216746002855,0.0,0.02874166666666667,0.0,1.2173420807429642,1.2173420807429642
2025-04-23 05:19:00,135.6422658864502,133.59840898443946,0.0,0.02874166666666667,0.0,1.217343267922555,1.217343267922555
2025-04-23 05:20:00,135.64227822755004,134.30490525817794,0.0,0.02874166666666667,0.0,1.2173444549614931,1.2173444549614931
2025-04-23 05:21:00,135.64229056696556,134.93104737552474,0.0,0.02874166666666667,0.0,1.2173456418388942,1.2173456418388942
2025-04-23 05:22:00,135.6423029044818,135.46671929050575,0.0,0.02874166666666667,0.0,1.217346828534089,1.217346828534089
2025-04-23 05:23:00,135.64231523988593,135.90180495714898,0.0,0.02874166666666667,0.0,1.217348015026586,1.217348015026586
2025-04-23 05:24:00,135.6423275729671,136.22618832948433,0.0,0.02874166666666667,0.0,1.2173492012961276,1.2173492012961276
2025-04-23 05:25:00,135.64233990351653,136.4297533615439,0.0,0.02874166666666667,0.0,1.2173503873226332,1.2173503873226332
2025-04-23 05:26:00,135.6423522313275,136.5023840073618,0.0,0.02874166666666667,0.0,1.2173515730861915,1.2173515730861915
2025-04-23 05:27:00,135.64236455619522,136.43396422097402,0.0,0.02874166666666667,0.0,1.2173527585671335,1.2173527585671335
2025-04-23 05:28:00,135.64237687791694,136.21437795641867,0.0,0.02874166666666667,0.0,1.21735394374595,1.21735394374595
2025-04-23 05:29:00,135.64238919629193,135.84033637876132,0.0,0.02874166666666667,0.0,1.2173551286033082,1.2173551286033082
2025-04-23 05:30:00,135.64240151112136,135.3358594971715,0.0,0.02874166666666667,0.0,1.2173563131201195,1.2173563131201195
2025-04-23 05:31:00,135.64241382220845,134.73179453184628,0.0,0.02874166666666667,0.0,1.2173574972774353,1.2173574972774353
2025-04-23 05:32:00,135.6424261293583,134.0589887029846,0.0,0.02874166666666667,0.0,1.2173586810565122,1.2173586810565122
2025-04-23 05:33:00,135.64243843237801,133.3482892307874,0.0,0.02874166666666667,0.0,1.2173598644387946,1.2173598644387946
2025-04-23 05:34:00,135.64245073107654,132.63054333545753,0.0,0.02874166666666667,0.0,1.2173610474059136,1.2173610474059136
2025-04-23 05:35:00,135.6424630252648,131.93659823719972,0.0,0.02874166666666667,0.0,1.2173622299396594,1.2173622299396594
2025-04-23 05:36:00,135.64247531475564,131.29730115622067,0.0,0.02874166666666667,0.0,1.2173634120220642,1.2173634120220642
2025-04-23 05:37:00,135.6424875993638,130.74349931272894,0.0,0.02874166666666667,0.0,1.2173645936352837,1.2173645936352837
2025-04-23 05:38:00,135.64249987890577,130.30603992693494,0.0,0.02874166666666667,0.0,1.2173657747616777,1.2173657747616777
2025-04-23 05:39:00,135.6425121532001,130.01577021905103,0.0,0.02874166666666667,0.0,1.2173669553837754,1.2173669553837754
2025-04-23 05:40:00,135.642524422067,129.90353740929126,0.0,0.02874166666666667,0.0,1.2173681354843011,1.2173681354843011
2025-04-23 05:41:00,135.6425366853287,130.0001887178717,0.0,0.02874166666666667,0.0,1.2173693150461493,1.2173693150461493
2025-04-23 05:42:00,135.64254894280919,130.33657136501023,0.0,0.02874166666666667,0.0,1.2173704940523808,1.2173704940523808
2025-04-23 05:43:00,135.6425611943342,130.9435325709264,0.0,0.02874166666666667,0.0,1.2173716724862447,1.2173716724862447
2025-04-23 05:44:00,135.6425734397314,131.8392445137863,0.0,0.02874166666666667,0.0,1.2173728503311678,1.2173728503311678
2025-04-23 05:45:00,135.64258567883016,132.9911792035361,0.0,0.02874166666666667,0.0,1.2173740275707252,1.2173740275707252
2025-04-23 05:46:00,135.6425979114617,134.35413360806825,0.0,0.02874166666666667,0.0,1.2173752041886898,1.2173752041886898
2025-04-23 05:47:00,135.64261013745897,135.8829046952771,0.0,0.02874166666666667,0.0,1.2173763801689748,1.2173763801689748
2025-04-23 05:48:00,135.64262235665663,137.53228943305857,0.0,0.02874166666666667,0.0,1.217377555495707,1.217377555495707
2025-04-23 05:49:00,135.64263456889122,139.25708478931057,0.0,0.02874166666666667,0.0,1.2173787301531358,1.2173787301531358
2025-04-23 05:50:00,135.6426467740009,141.01208773193252,0.0,0.02874166666666667,0.0,1.217379904125707,1.217379904125707
2025-04-23 05:51:00,135.6426589718256,142.75209522882574,0.0,0.02874166666666667,0.0,1.2173810773980163,1.2173810773980163
2025-04-23 05:52:00,135.6426711622069,144.43190424789307,0.0,0.02874166666666667,0.0,1.2173822499548268,1.2173822499548268
2025-04-23 05:53:00,135.64268334498826,146.00631175703933,0.0,0.02874166666666667,0.0,1.217383421781089,1.217383421781089
2025-04-23 05:54:00,135.64269552001454,147.4301147241707,0.0,0.02874166666666667,0.0,1.2173845928618756,1.2173845928618756
2025-04-23 05:55:00,135.64270768713254,148.65811011719526,0.0,0.02874166666666667,0.0,1.217385763182436,1.217385763182436
2025-04-23 05:56:00,135.6427198461906,149.64509490402273,0.0,0.02874166666666667,0.0,1.2173869327281976,1.2173869327281976
2025-04-23 05:57:00,135.64273199703874,150.3458660525644,0.0,0.02874166666666667,0.0,1.217388101484738,1.217388101484738
2025-04-23 05:58:00,135.6427441395286,150.71522053073323,0.0,0.02874166666666667,0.0,1.217389269437756,1.217389269437756
2025-04-23 05:59:00,135.64275627351338,150.7222819470134,0.0,0.02874166666666667,0.0,1.2173904365731645,1.2173904365731645
2025-04-23 06:00:00,135.64276839884812,150.39348047216933,0.0,0.02874166666666667,0.0,1.2173916028770086,1.2173916028770086
2025-04-23 06:01:00,135.64278051538926,149.7695729175365,0.0,0.02874166666666667,0.0,1.2173927683354642,1.2173927683354642
2025-04-23 06:02:00,135.6427926229949,148.891316094452,0.0,0.02874166666666667,0.0,1.2173939329349028,1.2173939329349028
2025-04-23 06:03:00,135.6428047215247,147.79946681425454,0.0,0.02874166666666667,0.0,1.2173950966617997,1.2173950966617997
2025-04-23 06:04:00,135.64281681083995,146.53478188828447,0.0,0.02874166666666667,0.0,1.2173962595028347,1.2173962595028347
2025-04-23 06:05:00,135.6428288908034,145.13801812788353,0.0,0.02874166666666667,0.0,1.2173974214448016,1.2173974214448016
2025-04-23 06:06:00,135.64284096127946,143.64993234439513,0.0,0.02874166666666667,0.0,1.2173985824746418,1.2173985824746418
2025-04-23 06:07:00,135.642853022134,142.11128134916424,0.0,0.02874166666666667,0.0,1.2173997425794756,1.2173997425794756
2025-04-23 06:08:00,135.64286507323447,140.56282195353725,0.0,0.02874166666666667,0.0,1.2174009017465173,1.2174009017465173
2025-04-23 06:09:00,135.64287711444976,139.04531096886214,0.0,0.02874166666666667,0.0,1.2174020599631947,1.2174020599631947
2025-04-23 06:10:00,135.64288914565037,137.59950520648843,0.0,0.02874166666666667,0.0,1.21740321721703,1.21740321721703
2025-04-23 06:11:00,135.64290116670816,136.26616147776699,0.0,0.02874166666666667,0.0,1.2174043734957047,1.2174043734957047
2025-04-23 06:12:00,135.64291317749658,135.08603659405028,0.0,0.02874166666666667,0.0,1.2174055287870307,1.2174055287870307
2025-04-23 06:13:00,135.6429251778905,134.09988736669223,0.0,0.02874166666666667,0.0,1.217406683078979,1.217406683078979
2025-04-23 06:14:00,135.6429371677663,133.33795296581573,0.0,0.02874166666666667,0.0,1.2174078363596608,1.2174078363596608
2025-04-23 06:15:00,135.64294914700167,132.78840199661508,0.0,0.02874166666666667,0.0,1.2174089886173185,1.2174089886173185
2025-04-23 06:16:00,135.64296111547588,132.4288854230536,0.0,0.02874166666666667,0.0,1.217410139840306,1.217410139840306
2025-04-23 06:17:00,135.64297307306958,132.237054209096,0.0,0.02874166666666667,0.0,1.217411290017175,1.217411290017175
2025-04-23 06:18:00,135.64298501966482,132.19055931870844,0.0,0.02874166666666667,0.0,1.217412439136569,1.217412439136569
2025-04-23 06:19:00,135.6429969551451,132.26705171585849,0.0,0.02874166666666667,0.0,1.217413587187273,1.217413587187273
2025-04-23 06:20:00,135.6430088793952,132.44418236451506,0.0,0.02874166666666667,0.0,1.217414734158221,1.217414734158221
2025-04-23 06:21:00,135.64302079230146,132.69960222864847,0.0,0.02874166666666667,0.0,1.2174158800384502,1.2174158800384502
2025-04-23 06:22:00,135.6430326937514,133.01096227223042,0.0,0.02874166666666667,0.0,1.2174170248171752,1.2174170248171752
2025-04-23 06:23:00,135.643044583634,133.35591345923393,0.0,0.02874166666666667,0.0,1.2174181684836856,1.2174181684836856
2025-04-23 06:24:00,135.64305646183962,133.71210675363344,0.0,0.02874166666666667,0.0,1.2174193110274394,1.2174193110274394
2025-04-23 06:25:00,135.64306832825986,134.05719311940462,0.0,0.02874166666666667,0.0,1.2174204524380345,1.2174204524380345
2025-04-23 06:26:00,135.64308018278777,134.36882352052461,0.0,0.02874166666666667,0.0,1.217421592705144,1.217421592705144
2025-04-23 06:27:00,135.64309202531763,134.62464892097177,0.0,0.02874166666666667,0.0,1.2174227318186372,1.2174227318186372
2025-04-23 06:28:00,135.64310385574504,134.8023202847258,0.0,0.02874166666666667,0.0,1.2174238697684399,1.2174238697684399
2025-04-23 06:29:00,135.64311567396695,134.8856549357553,0.0,0.02874166666666667,0.0,1.2174250065446448,1.2174250065446448
2025-04-23 06:30:00,135.64312747988149,134.88313563798044,0.0,0.02874166666666667,0.0,1.2174261421374686,1.2174261421374686
2025-04-23 06:31:00,135.6431392733882,134.80941151531042,0.0,0.02874166666666667,0.0,1.2174272765372105,1.2174272765372105
2025-04-23 06:32:00,135.6431510543878,134.67913169165556,0.0,0.02874166666666667,0.0,1.2174284097343562,1.2174284097343562
2025-04-23 06:33:00,135.64316282278233,134.50694529092755,0.0,0.02874166666666667,0.0,1.2174295417194867,1.2174295417194867
2025-04-23 06:34:00,135.64317457847494,134.30750143703915,0.0,0.02874166666666667,0.0,1.2174306724832373,1.2174306724832373
2025-04-23 06:35:00,135.64318632137022,134.0954492539046,0.0,0.02874166666666667,0.0,1.2174318020164694,1.2174318020164694
2025-04-23 06:36:00,135.64319805137382,133.88543786543917,0.0,0.02874166666666667,0.0,1.2174329303100997,1.2174329303100997
2025-04-23 06:37:00,135.64320976839267,133.69211639555942,0.0,0.02874166666666667,0.0,1.2174340573551752,1.2174340573551752
2025-04-23 06:38:00,135.64322147233491,133.53013396818312,0.0,0.02874166666666667,0.0,1.2174351831428372,1.2174351831428372
2025-04-23 06:39:00,135.64323316310987,133.41413970722925,0.0,0.02874166666666667,0.0,1.2174363076643864,1.2174363076643864
2025-04-23 06:40:00,135.64324484062803,133.3587827366179,0.0,0.02874166666666667,0.0,1.2174374309112155,1.2174374309112155
2025-04-23 06:41:00,135.64325650480117,133.37871218027053,0.0,0.02874166666666667,0.0,1.2174385528748124,1.2174385528748124
2025-04-23 06:42:00,135.64326815554213,133.48857716210952,0.0,0.02874166666666667,0.0,1.217439673546805,1.217439673546805
2025-04-23 06:43:00,135.64327979276487,133.70302680605855,0.0,0.02874166666666667,0.0,1.217440792918913,1.217440792918913
2025-04-23 06:44:00,135.6432914163846,134.03279502375634,0.0,0.02874166666666667,0.0,1.217441910982989,1.217441910982989
2025-04-23 06:45:00,135.64330302631762,134.4729548776985,0.0,0.02874166666666667,0.0,1.2174430277309598,1.2174430277309598
2025-04-23 06:46:00,135.64331462248143,135.01466421809576,0.0,0.02874166666666667,0.0,1.2174441431549101,1.2174441431549101
2025-04-23 06:47:00,135.6433262047945,135.64908089515987,0.0,0.02874166666666667,0.0,1.2174452572470023,1.2174452572470023
2025-04-23 06:48:00,135.64333777317654,136.3673627591037,0.0,0.02874166666666667,0.0,1.2174463699994695,1.2174463699994695
2025-04-23 06:49:00,135.64334932754835,137.16066766014134,0.0,0.02874166666666667,0.0,1.217447481404736,1.217447481404736
2025-04-23 06:50:00,135.64336086783175,138.0201534484878,0.0,0.02874166666666667,0.0,1.21744859145526,1.21744859145526
2025-04-23 06:51:00,135.64337239394973,138.93697797435937,0.0,0.02874166666666667,0.0,1.2174497001436422,1.2174497001436422
2025-04-23 06:52:00,135.6433839058263,139.90229908797323,0.0,0.02874166666666667,0.0,1.217450807462548,1.217450807462548
2025-04-23 06:53:00,135.64339540338653,140.90727463954767,0.0,0.02874166666666667,0.0,1.2174519134048118,1.2174519134048118
2025-04-23 06:54:00,135.6434068865566,141.94306247930214,0.0,0.02874166666666667,0.0,1.2174530179632854,1.2174530179632854
2025-04-23 06:55:00,135.64341835526366,143.00082045745705,0.0,0.02874166666666667,0.0,1.2174541211309895,1.2174541211309895
2025-04-23 06:56:00,135.643429809436,144.07170642423387,0.0,0.02874166666666667,0.0,1.2174552229010018,1.2174552229010018
2025-04-23 06:57:00,135.64344124900282,145.14687822985508,0.0,0.02874166666666667,0.0,1.2174563232665483,1.2174563232665483
2025-04-23 06:58:00,135.64345267389444,146.21749372454417,0.0,0.02874166666666667,0.0,1.217457422220884,1.217457422220884
2025-04-23 06:59:00,135.64346408404217,147.27540770510788,0.0,0.02874166666666667,0.0,1.2174585197574221,1.2174585197574221
2025-04-23 07:00:00,135.64347547937828,148.31526275468232,0.0,0.02874166666666667,0.0,1.2174596158696331,1.2174596158696331
2025-04-23 07:01:00,135.64348685983606,149.33239840298683,0.0,0.02874166666666667,0.0,1.217460710551117,1.217460710551117
2025-04-23 07:02:00,135.64349822534982,150.32215417974174,0.0,0.02874166666666667,0.0,1.2174618037955403,1.2174618037955403
2025-04-23 07:03:00,135.64350957585478,151.27986961466826,0.0,0.02874166666666667,0.0,1.2174628955966722,1.2174628955966722
2025-04-23 07:04:00,135.6435209112872,152.2008842374887,53.0,0.02874166666666667,0.0,1.2174639859483838,1.2174639859483838
2025-04-23 07:05:00,135.64353588538077,153.08054123172275,0.0,6.046925,0.0,1.2174654263023743,1.2174654263023743
2025-04-23 07:06:00,135.64364847216777,153.91427410118874,0.0,0.02874166666666667,0.0,1.2174762560171584,1.2174762560171584
2025-04-23 07:07:00,135.64427681186956,154.69784051589403,0.0,0.02874166666666667,0.0,1.2175366966892671,1.2175366966892671
2025-04-23 07:08:00,135.64632452304554,155.42748362418402,0.0,0.02874166666666667,0.0,1.2177336767322726,1.2177336767322726
2025-04-23 07:09:00,135.65123294347245,156.0999842936215,0.0,0.02874166666666667,0.0,1.2182058963205296,1.2182058963205296
2025-04-23 07:10:00,135.66098517213254,156.71266515297472,0.0,0.02874166666666667,0.0,1.2191443411828446,1.2191443411828446
2025-04-23 07:11:00,135.67808290127195,157.26336742427586,0.0,0.02874166666666667,0.0,1.2207903463363072,1.2207903463363072
2025-04-23 07:12:00,135.70550366501521,157.75040817143545,0.0,0.02874166666666667,0.0,1.2234320463336958,1.2234320463336958
2025-04-23 07:13:00,135.74664241211318,158.1725218729904,0.0,0.02874166666666667,0.0,1.2273996976315287,1.2273996976315287
2025-04-23 07:14:00,135.80523943366308,158.52878834982388,0.0,0.02874166666666667,0.0,1.2330601666984689,1.2330601666984689
2025-04-23 07:15:00,135.88580069091725,158.81905309297434,0.0,0.02874166666666667,0.0,1.2408597041252205,1.2408597041252205
2025-04-23 07:16:00,135.9973866328951,159.04771608124713,0.0,0.02874166666666667,0.0,1.2516959650418693,1.2516959650418693
2025-04-23 07:17:00,136.15190517663478,159.2220247614665,0.0,0.02874166666666667,0.0,1.2667647155621722,1.2667647155621722
2025-04-23 07:18:00,136.35690434858702,159.34486668986915,0.0,0.02874166666666667,0.0,1.2868693212925928,1.2868693212925928
2025-04-23 07:19:00,136.61597487036656,159.41517211785583,0.0,0.02874166666666667,0.0,1.3124601656398884,1.3124601656398884
2025-04-23 07:20:00,136.92904178470957,159.42820561794878,0.0,0.02874166666666667,0.0,1.3436562966503263,1.3436562966503263
2025-04-23 07:21:00,137.29243075705637,159.37563238537427,0.0,0.02874166666666667,0.0,1.3802368446545277,1.3802368446545277
2025-04-23 07:22:00,137.69953509652328,159.24618525903472,0.0,0.02874166666666667,0.0,1.4216861714534323,1.4216861714534323
2025-04-23 07:23:00,138.1423336896855,159.02718265529126,0.0,0.02874166666666667,0.0,1.4673261722712148,1.4673261722712148
2025-04-23 07:24:00,138.61306353642394,158.70620110381088,0.0,0.02874166666666667,0.0,1.5164745035863527,1.5164745035863527
2025-04-23 07:25:00,139.10530806385597,158.272163561497,0.0,0.02874166666666667,0.0,1.5685554904130274,1.5685554904130274
2025-04-23 07:26:00,139.61436302638793,157.7157053125419,0.0,0.02874166666666667,0.0,1.6231447935012644,1.6231447935012644
2025-04-23 07:27:00,140.1371130888741,157.0290505515859,0.0,0.02874166666666667,0.0,1.6799659210627385,1.6799659210627385
2025-04-23 07:28:00,140.67169031849684,156.20567087559743,0.0,0.02874166666666667,0.0,1.7388628709692209,1.7388628709692209
2025-04-23 07:29:00,141.21709348476392,156.99193393050135,0.0,0.02874166666666667,0.0,1.799766072093064,1.799766072093064
2025-04-23 07:30:00,141.7728565897266,157.73279155840027,0.0,0.02874166666666667,0.0,1.8626608737481523,1.8626608737481523
2025-04-23 07:31:00,142.33879656688595,158.42886586144522,0.0,0.02874166666666667,0.0,1.9275623423152075,1.9275623423152075
2025-04-23 07:32:00,142.9148390708783,159.08088766292235,0.0,0.02874166666666667,0.0,1.994496971318135,1.994496971318135
2025-04-23 07:33:00,143.50090848193318,159.6895865117112,0.0,0.02874166666666667,0.0,2.063490439126416,2.063490439126416
2025-04-23 07:34:00,144.09686534879302,160.25562812520408,0.0,0.02874166666666667,0.0,2.134560060788351,2.134560060788351
2025-04-23 07:35:00,144.7024762801674,160.7795842807605,0.0,0.02874166666666667,0.0,2.2077106089972447,2.2077106089972447
2025-04-23 07:36:00,145.31740439673158,161.26192326770564,0.0,0.02874166666666667,0.0,2.282932386913346,2.282932386913346
2025-04-23 07:37:00,145.94121215493846,161.70301271114232,0.0,0.02874166666666667,0.0,2.360200755957424,2.360200755957424
2025-04-23 07:38:00,146.57337071756527,162.10312894249768,0.0,0.02874166666666667,0.0,2.4394765216209686,2.4394765216209686
2025-04-23 07:39:00,147.21327238822542,162.46246943403506,0.0,0.02874166666666667,0.0,2.5207068082329513,2.5207068082329513
2025-04-23 07:40:00,147.86024394211051,162.781166129596,0.0,0.02874166666666667,0.0,2.60382617999191,2.60382617999191
2025-04-23 07:41:00,148.51355964084993,163.05929845945974,0.0,0.02874166666666667,0.0,2.688757862579006,2.688757862579006
2025-04-23 07:42:00,149.17245330509934,163.29690541293192,0.0,0.02874166666666667,0.0,2.7754149807990345,2.7754149807990345
2025-04-23 07:43:00,149.83612917000065,163.49399639380437,0.0,0.02874166666666667,0.0,2.8637017656674417,2.8637017656674417
2025-04-23 07:44:00,150.50377145024993,163.65056078542307,0.0,0.02874166666666667,0.0,2.953514707101079,2.953514707101079
2025-04-23 07:45:00,151.17455265065777,163.7665762612485,0.0,0.02874166666666667,0.0,3.0447436414925977,3.0447436414925977
2025-04-23 07:46:00,151.84764071215204,163.8420159308585,0.0,0.02874166666666667,0.0,3.137272770708661,3.137272770708661
2025-04-23 07:47:00,152.52220510553352,163.87685443370373,0.0,0.02874166666666667,0.0,3.23098161285525,3.23098161285525
2025-04-23 07:48:00,153.1974219901295,163.8710730977614,0.0,0.02874166666666667,0.0,3.325745886987196,3.325745886987196
2025-04-23 07:49:00,153.87247855017196,163.82466427591348,0.0,0.02874166666666667,0.0,3.4214383346957917,3.4214383346957917
2025-04-23 07:50:00,154.5465766130645,163.7376349642134,0.0,0.02874166666666667,0.0,3.517929481708072,3.517929481708072
2025-04-23 07:51:00,155.21893564337702,163.610009795881,0.0,0.02874166666666667,0.0,3.6150883425661986,3.6150883425661986
2025-04-23 07:52:00,155.88879519586408,163.4418334943208,0.0,0.02874166666666667,0.0,3.712783071284838,3.712783071284838
2025-04-23 07:53:00,156.55541690076572,163.23317285842276,0.0,0.02874166666666667,0.0,3.8108815606905315,3.8108815606905315
2025-04-23 07:54:00,157.21808604545225,162.98411834420705,0.0,0.02874166666666667,0.0,3.9092519929658214,3.9092519929658214
2025-04-23 07:55:00,157.87611280822819,162.69478529862815,0.0,0.02874166666666667,0.0,4.007763343768241,4.007763343768241
2025-04-23 07:56:00,158.52883319281543,162.36531489405786,0.0,0.02874166666666667,0.0,4.106285842172456,4.106285842172456
2025-04-23 07:57:00,159.17560970563508,161.99587480556724,0.0,0.02874166666666667,0.0,4.204691388588326,4.204691388588326
2025-04-23 07:58:00,159.8158318124193,161.58665966753833,0.0,0.02874166666666667,0.0,4.302853932734338,4.302853932734338
2025-04-23 07:59:00,160.4489162058247,161.13940356149163,0.0,0.02874166666666667,0.0,4.400649813688069,4.400649813688069
2025-04-23 08:00:00,161.0743069114968,160.66191678279247,0.0,0.02874166666666667,0.0,4.497958063987891,4.497958063987891
2025-04-23 08:01:00,161.69147525637564,160.16354914831462,0.0,0.02874166666666667,0.0,4.594660679719887,4.594660679719887
2025-04-23 08:02:00,162.29991971986064,159.65367762739126,0.0,0.02874166666666667,0.0,4.690642858484595,4.690642858484595
2025-04-23 08:03:00,162.89916568570504,159.1417060937094,0.0,0.02874166666666667,0.0,4.785793207101162,4.785793207101162
2025-04-23 08:04:00,163.4887651101309,158.6370649934248,0.0,0.02874166666666667,0.0,4.880003920866447,4.880003920866447
2025-04-23 08:05:00,164.06829611959432,158.14921094292728,0.0,0.02874166666666667,0.0,4.97317093614465,4.97317093614465
2025-04-23 08:06:00,164.6373625498445,157.6876262678999,0.0,0.02874166666666667,0.0,5.065194058017271,5.065194058017271
2025-04-23 08:07:00,165.19559343637476,157.26181849376965,0.0,0.02874166666666667,0.0,5.155977064675271,5.155977064675271
2025-04-23 08:08:00,165.74264208055897,156.88131941184417,0.0,0.02874166666666667,0.0,5.245427727148778,5.245427727148778
2025-04-23 08:09:00,166.27818080115983,156.55567983081994,0.0,0.02874166666666667,0.0,5.333457101304636,5.333457101304636
2025-04-23 08:10:00,166.80190353889083,156.29447218134413,0.0,0.02874166666666667,0.0,5.419980083395297,5.419980083395297
2025-04-23 08:11:00,167.31352837282628,156.10729303242488,0.0,0.02874166666666667,0.0,5.504915954507247,5.504915954507247
2025-04-23 08:12:00,167.81279671620456,156.00376228723425,0.0,0.02874166666666667,0.0,5.588188371838597,5.588188371838597
2025-04-23 08:13:00,168.29947251706392,155.99352238374428,0.0,0.02874166666666667,0.0,5.669725346931741,5.669725346931741
2025-04-23 08:14:00,168.7733414708441,156.08308342753702,0.0,0.02874166666666667,0.0,5.749459212883384,5.749459212883384
2025-04-23 08:15:00,169.23421024560812,156.26636017765233,0.0,0.02874166666666667,0.0,5.827326581484133,5.827326581484133
2025-04-23 08:16:00,169.6819057204556,156.5341335243751,0.0,0.02874166666666667,0.0,5.903268291206514,5.903268291206514
2025-04-23 08:17:00,170.11627423762073,156.87720382112497,0.0,0.02874166666666667,0.0,5.9772293469240125,5.9772293469240125
2025-04-23 08:18:00,170.5371808686784,157.28639015066213,0.0,0.02874166666666667,0.0,6.04915885220385,6.04915885220385
2025-04-23 08:19:00,170.9445086952189,157.75252960576228,0.0,0.02874166666666667,0.0,6.119009934977335,6.119009934977335
2025-04-23 08:20:00,171.33815810429226,158.26647658466075,0.0,0.02874166666666667,0.0,6.186739667348005,6.186739667348005
2025-04-23 08:21:00,171.71804609887172,158.81910210151622,0.0,0.02874166666666667,0.0,6.25230898025756,6.25230898025756
2025-04-23 08:22:00,172.08410562353603,159.40129311209276,0.0,0.02874166666666667,0.0,6.3156825736859235,6.3156825736859235
2025-04-23 08:23:00,172.43628490552751,160.00395185481804,0.0,0.02874166666666667,0.0,6.376828823021611,6.376828823021611
2025-04-23 08:24:00,172.7745468113016,160.6179952073329,0.0,0.02874166666666667,0.0,6.435719682195665,6.435719682195665
2025-04-23 08:25:00,173.09886821864774,161.23435405861213,0.0,0.02874166666666667,0.0,6.492330584134466,6.492330584134466
2025-04-23 08:26:00,173.40923940442792,161.84397269670308,0.0,0.02874166666666667,0.0,6.54664033904632,6.54664033904632
2025-04-23 08:27:00,173.7056634479494,162.4378082120984,0.0,0.02874166666666667,0.0,6.59863103101951,6.59863103101951
2025-04-23 08:28:00,173.98815564996085,163.00682991673204,0.0,0.02874166666666667,0.0,6.648287913374107,6.648287913374107
2025-04-23 08:29:00,174.256742967237,163.5442291701713,0.0,0.02874166666666667,0.0,6.695599303174625,6.695599303174625
2025-04-23 08:30:00,174.5114634626955,164.0520500045546,0.0,0.02874166666666667,0.0,6.7405564752780744,6.7405564752780744
2025-04-23 08:31:00,174.75236577097016,164.53455741534364,0.0,0.02874166666666667,0.0,6.783153556260789,6.783153556260789
2025-04-23 08:32:00,174.97950857934842,164.99602645065386,0.0,0.02874166666666667,0.0,6.823387418538419,6.823387418538419
2025-04-23 08:33:00,175.19296012396643,165.44074170744926,0.0,0.02874166666666667,0.0,6.861257574964572,6.861257574964572
2025-04-23 08:34:00,175.39279770114345,165.87299684287706,0.0,0.02874166666666667,0.0,6.896766074169625,6.896766074169625
2025-04-23 08:35:00,175.5791071937267,166.2970941006124,0.0,0.02874166666666667,0.0,6.9299173968749574,6.9299173968749574
2025-04-23 08:36:00,175.7519826123108,166.71734385207782,0.0,0.02874166666666667,0.0,6.96071835339637,6.96071835339637
2025-04-23 08:37:00,175.91152565118995,167.1380641523954,0.0,0.02874166666666667,0.0,6.989177982529714,6.989177982529714
2025-04-23 08:38:00,176.05784525889763,167.56358031092662,0.0,0.02874166666666667,0.0,7.015307451991319,7.015307451991319
2025-04-23 08:39:00,176.19105722318668,167.99822447625218,0.0,0.02874166666666667,0.0,7.039119960569428,7.039119960569428
2025-04-23 08:40:00,176.3112837703033,168.4463352354462,0.0,0.02874166666666667,0.0,7.060630642124851,7.060630642124851
2025-04-23 08:41:00,176.41865317841118,168.91225722750033,0.0,0.02874166666666667,0.0,7.079856471566303,7.079856471566303
2025-04-23 08:42:00,176.51329940502515,169.4003407707573,0.0,0.02874166666666667,0.0,7.096816172909773,7.096816172909773
2025-04-23 08:43:00,176.5953617283211,169.91494150422093,0.0,0.02874166666666667,0.0,7.111530129521677,7.111530129521677
2025-04-23 08:44:00,176.66498440219587,170.45936785847073,0.0,0.02874166666666667,0.0,7.124020296632638,7.124020296632638
2025-04-23 08:45:00,176.72231632496081,171.0327241719197,0.0,0.02874166666666667,0.0,7.134310116199916,7.134310116199916
2025-04-23 08:46:00,176.767510721564,171.63306692547238,0.0,0.02874166666666667,0.0,7.142424434187575,7.142424434187575
2025-04-23 08:47:00,176.80072483924923,172.2584566223289,0.0,0.02874166666666667,0.0,7.148389420326015,7.148389420326015
2025-04-23 08:48:00,176.82211965657356,172.90695749700285,0.0,0.02874166666666667,0.0,7.152232490405303,7.152232490405303
2025-04-23 08:49:00,176.8318596057229,173.5766372376365,0.0,0.02874166666666667,0.0,7.1539822311522,7.1539822311522
2025-04-23 08:50:00,176.83011230807978,174.2655667215688,0.0,0.02874166666666667,0.0,7.153668327734016,7.153668327734016
2025-04-23 08:51:00,176.8170483230182,174.9718197641302,0.0,0.02874166666666667,0.0,7.151321493930056,7.151321493930056
2025-04-23 08:52:00,176.7928409099187,175.69347288065762,0.0,0.02874166666666667,0.0,7.146973405006872,7.146973405006872
2025-04-23 08:53:00,176.75766580341667,176.4286050617429,0.0,0.02874166666666667,0.0,7.140656633330678,7.140656633330678
2025-04-23 08:54:00,176.7117010019192,177.17529756174955,0.0,0.02874166666666667,0.0,7.132404586748484,7.132404586748484
2025-04-23 08:55:00,176.65512644575676,177.93163357696443,0.0,0.02874166666666667,0.0,7.122251427573147,7.122251427573147
2025-04-23 08:56:00,176.58812116164205,178.69569539005667,0.0,0.02874166666666667,0.0,7.110231537648114,7.110231537648114
2025-04-23 08:57:00,176.51086286074874,179.4655639681564,0.0,0.02874166666666667,0.0,7.0963794252369,7.0963794252369
2025-04-23 08:58:00,176.42353113096337,180.23932215510655,0.0,0.02874166666666667,0.0,7.080730276891151,7.080730276891151
2025-04-23 08:59:00,176.32630747503333,181.01382844181077,0.0,0.02874166666666667,0.0,7.063319943219338,7.063319943219338
2025-04-23 09:00:00,176.21937512065205,181.78103797291803,0.0,0.02874166666666667,0.0,7.044184884064065,7.044184884064065
2025-04-23 09:01:00,176.10291885277715,182.53168118254138,0.0,0.02874166666666667,0.0,7.023362118019394,7.023362118019394
2025-04-23 09:02:00,175.97712486725254,183.25648991568008,0.0,0.02874166666666667,0.0,7.000889176116766,7.000889176116766
2025-04-23 09:03:00,175.84218064497185,183.94619730238315,0.0,0.02874166666666667,0.0,6.976804059532169,6.976804059532169
2025-04-23 09:04:00,175.69827484596345,184.5915376518344,0.0,0.02874166666666667,0.0,6.9511452011869075,6.9511452011869075
2025-04-23 09:05:00,175.54559722289915,185.18324636586095,0.0,0.02874166666666667,0.0,6.923951431130204,6.923951431130204
2025-04-23 09:06:00,175.38433855362788,185.7120598714672,0.0,0.02874166666666667,0.0,6.895261945605009,6.895261945605009
2025-04-23 09:07:00,175.21469059241812,186.168715572077,11.0,0.02874166666666667,0.0,6.865116279707752,6.865116279707752
2025-04-23 09:08:00,175.03685727991797,186.5439630574938,0.0,3.6842333333333337,0.0,6.833556277062135,6.833556277062135
2025-04-23 09:09:00,174.8537237861335,186.8312331468791,0.0,0.02874166666666667,0.0,6.8010987789574155,6.8010987789574155
2025-04-23 09:10:00,174.66993485854192,187.0257162368655,0.0,0.02874166666666667,0.0,6.768569278409592,6.768569278409592
2025-04-23 09:11:00,174.4978343200935,187.13030179955862,0.0,0.02874166666666667,0.0,6.7381488133253935,6.7381488133253935
2025-04-23 09:12:00,174.3449201505693,187.143033463895,0.0,0.02874166666666667,0.0,6.711152515897036,6.711152515897036
2025-04-23 09:13:00,174.20466285821445,187.04792738727505,0.0,0.02874166666666667,0.0,6.686417948813988,6.686417948813988
2025-04-23 09:14:00,174.06806790182304,186.8302403392242,0.0,0.02874166666666667,0.0,6.662354346014104,6.662354346014104
2025-04-23 09:15:00,173.92870154314514,186.49261253852714,0.0,0.02874166666666667,0.0,6.637828120140226,6.637828120140226
2025-04-23 09:16:00,173.78299303765738,186.0442528592711,0.0,0.02874166666666667,0.0,6.612213518900409,6.612213518900409
2025-04-23 09:17:00,173.6293824881221,185.49638102282896,0.0,0.02874166666666667,0.0,6.585240590620723,6.585240590620723
2025-04-23 09:18:00,173.4674932883538,184.86140004162579,0.0,0.02874166666666667,0.0,6.55684831640981,6.55684831640981
2025-04-23 09:19:00,173.29755945151376,184.15232354743338,0.0,0.02874166666666667,0.0,6.527083192922322,6.527083192922322
2025-04-23 09:20:00,173.1200782232715,183.38242840453182,0.0,0.02874166666666667,0.0,6.496037821022083,6.496037821022083
2025-04-23 09:21:00,172.93561590478058,182.56506053268527,0.0,0.02874166666666667,0.0,6.463816658800817,6.463816658800817
2025-04-23 09:22:00,172.74470746198958,181.7135345164528,0.0,0.02874166666666667,0.0,6.430518385041647,6.430518385041647
2025-04-23 09:23:00,172.54781029360785,180.84108737315435,0.0,0.02874166666666667,0.0,6.396227842932207,6.396227842932207
2025-04-23 09:24:00,172.34528780941267,179.96086213117775,0.0,0.02874166666666667,0.0,6.361013247747966,6.361013247747966
2025-04-23 09:25:00,172.13740883319338,179.08590723292286,0.0,0.02874166666666667,0.0,6.324926180222519,6.324926180222519
2025-04-23 09:26:00,171.9243546910149,178.2291836230652,0.0,0.02874166666666667,0.0,6.288002925210915,6.288002925210915
2025-04-23 09:27:00,171.7062296424861,177.40357517982414,0.0,0.02874166666666667,0.0,6.250266387903528,6.250266387903528
2025-04-23 09:28:00,171.48307227573045,176.62190010993376,0.0,0.02874166666666667,0.0,6.211728168005247,6.211728168005247
2025-04-23 09:29:00,171.25486665159343,175.8939279523753,0.0,0.02874166666666667,0.0,6.172390578566976,6.172390578566976
2025-04-23 09:30:00,171.0215526172496,175.21740747056015,0.0,0.02874166666666667,0.0,6.132248508437915,6.132248508437915
2025-04-23 09:31:00,170.78303505386563,174.58705832141698,0.0,0.02874166666666667,0.0,6.091291088145843,6.091291088145843
2025-04-23 09:32:00,170.5391920052133,173.99757332447965,0.0,0.02874166666666667,0.0,6.049503151093183,6.049503151093183
2025-04-23 09:33:00,170.28988172644506,173.44362551066266,0.0,0.02874166666666667,0.0,6.006866498116996,6.006866498116996
2025-04-23 09:34:00,170.0349487352823,172.91987417344944,0.0,0.02874166666666667,0.0,5.963360980902194,5.963360980902194
2025-04-23 09:35:00,169.7742289643308,172.4209700212078,0.0,0.02874166666666667,0.0,5.918965422494248,5.918965422494248
2025-04-23 09:36:00,169.50755411574778,171.94155953185702,0.0,0.02874166666666667,0.0,5.87365839345964,5.87365839345964
2025-04-23 09:37:00,169.2347553150054,171.47628860663133,0.0,0.02874166666666667,0.0,5.827418861328612,5.827418861328612
2025-04-23 09:38:00,168.9556661528302,171.01980561201924,0.0,0.02874166666666667,0.0,5.780226729495203,5.780226729495203
2025-04-23 09:39:00,168.67012519559364,170.56676389015436,0.0,0.02874166666666667,0.0,5.732063280105911,5.732063280105911
2025-04-23 09:40:00,168.37797803555023,170.11182380905316,0.0,0.02874166666666667,0.0,5.682911533826575,5.682911533826575
2025-04-23 09:41:00,168.07907894390036,169.64965441567813,0.0,0.02874166666666667,0.0,5.632756537831418,5.632756537831418
2025-04-23 09:42:00,167.7732921819279,169.17493474707516,0.0,0.02874166666666667,0.0,5.581585591945798,5.581585591945798
2025-04-23 09:43:00,167.46049301850817,168.6823548478816,0.0,0.02874166666666667,0.0,5.529388421609239,5.529388421609239
2025-04-23 09:44:00,167.1405684960962,168.16661653631456,0.0,0.02874166666666667,0.0,5.476157305205076,5.476157305205076
2025-04-23 09:45:00,166.81341798184337,167.62243395528748,0.0,0.02874166666666667,0.0,5.421887162315508,5.421887162315508
2025-04-23 09:46:00,166.4789535356947,167.04453394050736,0.0,0.02874166666666667,0.0,5.366575608600824,5.366575608600824
2025-04-23 09:47:00,166.1371001231156,166.4276562332017,0.0,0.02874166666666667,0.0,5.310222982245982,5.310222982245982
2025-04-23 09:48:00,165.78779569642856,165.76655356145505,0.0,0.02874166666666667,0.0,5.2528323462631175,5.2528323462631175
2025-04-23 09:49:00,165.43099116553688,165.05599161093272,0.0,0.02874166666666667,0.0,5.194409470368725,5.194409470368725
2025-04-23 09:50:00,165.06665027602304,164.29074890297926,0.0,0.02874166666666667,0.0,5.134962795657485,5.134962795657485
2025-04-23 09:51:00,164.69474941017978,163.46561659564946,0.0,0.02874166666666667,0.0,5.074503384865315,5.074503384865315
2025-04-23 09:52:00,164.31527732441876,162.575398221117,0.0,0.02874166666666667,0.0,5.013044860639982,5.013044860639982
2025-04-23 09:53:00,163.92823483466267,161.61490937106666,0.0,0.02874166666666667,0.0,4.950603333913305,4.950603333913305
2025-04-23 09:54:00,163.53363445973014,160.57897734007904,0.0,0.02874166666666667,0.0,4.887197324187714,4.887197324187714
2025-04-23 09:55:00,163.13150003133265,159.46244073562775,0.0,0.02874166666666667,0.0,4.822847673304629,4.822847673304629
2025-04-23 09:56:00,162.72186627809813,158.26014906210273,0.0,0.02874166666666667,0.0,4.757577454050892,4.757577454050892
2025-04-23 09:57:00,162.304778389987,156.96696228522643,0.0,0.02874166666666667,0.0,4.691411874774109,4.691411874774109
2025-04-23 09:58:00,161.88029156855805,155.57775038231972,0.0,0.02874166666666667,0.0,4.624378181018177,4.624378181018177
2025-04-23 09:59:00,161.4484705677512,155.92424919343586,0.0,0.02874166666666667,0.0,4.556505555051137,4.556505555051137
2025-04-23 10:00:00,161.0093892291704,155.9951036618371,0.0,0.02874166666666667,0.0,4.487825014035686,4.487825014035686
2025-04-23 10:01:00,160.56313001525484,155.8091079418742,0.0,0.02874166666666667,0.0,4.418369307488845,4.418369307488845
2025-04-23 10:02:00,160.10978354321168,155.38506434266594,0.0,0.02874166666666667,0.0,4.348172814584327,4.348172814584327
2025-04-23 10:03:00,159.649448122138,154.74178286522098,0.0,0.02874166666666667,0.0,4.2772714417727355,4.2772714417727355
2025-04-23 10:04:00,159.18222929537149,153.8980807447886,0.0,0.02874166666666667,0.0,4.205702521124291,4.205702521124291
2025-04-23 10:05:00,158.70823938977574,152.87278200014399,0.0,0.02874166666666667,0.0,4.133504709739748,4.133504709739748
2025-04-23 10:06:00,158.22759707337573,151.68471699122375,0.0,0.02874166666666667,0.0,4.060717890521509,4.060717890521509
2025-04-23 10:07:00,157.7404269225092,150.35272198627715,0.0,0.02874166666666667,0.0,3.9873830745514653,3.9873830745514653
2025-04-23 10:08:00,157.24685899944294,148.89563873948265,0.0,0.02874166666666667,0.0,3.9135423052831255,3.9135423052831255
2025-04-23 10:09:00,156.74702844121776,147.3323140797926,0.0,0.02874166666666667,0.0,3.839238564719481,3.839238564719481
2025-04-23 10:10:00,156.2410750603244,145.68159951160936,0.0,0.02874166666666667,0.0,3.7645156817189203,3.7645156817189203
2025-04-23 10:11:00,155.7291429576754,143.96235082775706,0.0,0.02874166666666667,0.0,3.6894182425448383,3.6894182425448383
2025-04-23 10:12:00,155.21138014822074,142.1934277350973,0.0,0.02874166666666667,0.0,3.6139915037516115,3.6139915037516115
2025-04-23 10:13:00,154.6879381994529,140.39369349303408,0.0,0.02874166666666667,0.0,3.5382813074798665,3.5382813074798665
2025-04-23 10:14:00,154.15897188296282,138.58201456507,0.0,0.02874166666666667,0.0,3.4623339992165243,3.4623339992165243
2025-04-23 10:15:00,153.62463883913495,136.7772602835011,0.0,0.02874166666666667,0.0,3.3861963480602952,3.3861963480602952
2025-04-23 10:16:00,153.08509925500854,134.9983025272782,0.0,0.02874166666666667,0.0,3.309915469519747,3.309915469519747
2025-04-23 10:17:00,152.5405155552827,133.26401541301203,0.0,0.02874166666666667,0.0,3.2335387508605162,3.2335387508605162
2025-04-23 10:18:00,151.99105210639914,131.59327499905586,0.0,0.02874166666666667,0.0,3.157113779007616,3.157113779007616
2025-04-23 10:19:00,151.43687493360466,130.0049590025681,0.0,0.02874166666666667,0.0,3.080688271000916,3.080688271000916
2025-04-23 10:20:00,150.87815145086572,128.51794652942684,0.0,0.02874166666666667,0.0,3.0043100069940505,3.0043100069940505
2025-04-23 10:21:00,150.31505020348902,127.15111781685034,0.0,0.02874166666666667,0.0,2.9280267657810684,2.9280267657810684
2025-04-23 10:22:00,149.74774062328385,125.92335398855948,0.0,0.02874166666666667,0.0,2.851886262829243,2.851886262829243
2025-04-23 10:23:00,149.17639279609293,124.85353682230858,0.0,0.02874166666666667,0.0,2.775936090791827,2.775936090791827
2025-04-23 10:24:00,148.6011772415102,123.96054852960317,0.0,0.02874166666666667,0.0,2.700223662470277,2.700223662470277
2025-04-23 10:25:00,148.02226470460172,123.26327154742094,0.0,0.02874166666666667,0.0,2.624796156191855,2.624796156191855
2025-04-23 10:26:00,147.4398259594454,122.78058834175134,0.0,0.02874166666666667,0.0,2.5497004635653093,2.5497004635653093
2025-04-23 10:27:00,146.85403162430845,122.53138122277323,0.0,0.02874166666666667,0.0,2.4749831395738036,2.4749831395738036
2025-04-23 10:28:00,146.26505198828664,122.53453217149394,0.0,0.02874166666666667,0.0,2.4006903549625718,2.4006903549625718
2025-04-23 10:29:00,145.67305684923684,122.79988859812435,0.0,0.02874166666666667,0.0,2.326867850875018,2.326867850875018
2025-04-23 10:30:00,145.0782153628439,123.30116095247303,0.0,0.02874166666666667,0.0,2.253560895689561,2.253560895689561
2025-04-23 10:31:00,144.48069590267332,124.00302482267156,0.0,0.02874166666666667,0.0,2.18081424400634,2.18081424400634
2025-04-23 10:32:00,143.88066593107328,124.87015488563429,0.0,0.02874166666666667,0.0,2.1086720977307,2.1086720977307
2025-04-23 10:33:00,143.27829188080284,125.86722478868637,0.0,0.02874166666666667,0.0,2.037178069197744,2.037178069197744
2025-04-23 10:34:00,142.6737390472757,126.9589070418076,0.0,0.02874166666666667,0.0,1.9663751462796197,1.9663751462796197
2025-04-23 10:35:00,142.06717149132422,128.10987292039653,0.0,0.02874166666666667,0.0,1.8963056594137937,1.8963056594137937
2025-04-23 10:36:00,141.45875195240095,129.28479237847174,0.0,0.02874166666666667,0.0,1.827011250487953,1.827011250487953
2025-04-23 10:37:00,140.84864177214965,130.44833397224312,0.0,0.02874166666666667,0.0,1.7585328435130312,1.7585328435130312
2025-04-23 10:38:00,140.23700082829058,131.5651647939971,0.0,0.02874166666666667,0.0,1.6909106170125274,1.6909106170125274
2025-04-23 10:39:00,139.6239874787771,132.59995041625314,0.0,0.02874166666666667,0.0,1.62418397805143,1.62418397805143
2025-04-23 10:40:00,139.00975851619248,133.5173548461606,0.0,0.02874166666666667,0.0,1.5583915378240552,1.5583915378240552
2025-04-23 10:41:00,138.3944691323645,134.2820404901134,0.0,0.02874166666666667,0.0,1.4935710887143103,1.4935710887143103
2025-04-23 10:42:00,137.77827289318478,134.85866812856926,0.0,0.02874166666666667,0.0,1.4297595827370178,1.4297595827370178
2025-04-23 10:43:00,137.16132172362364,135.21189690106465,0.0,0.02874166666666667,0.0,1.366993111262249,1.366993111262249
2025-04-23 10:44:00,136.54376590293626,135.3162798245734,0.0,0.02874166666666667,0.0,1.305306885919011,1.305306885919011
2025-04-23 10:45:00,135.9257540700543,135.18595036835603,0.0,0.02874166666666667,0.0,1.244735220566785,1.244735220566785
2025-04-23 10:46:00,135.30743323915524,134.84493590007148,0.0,0.02874166666666667,0.0,1.1853115142171482,1.1853115142171482
2025-04-23 10:47:00,134.68894882539303,134.31726218835507,0.0,0.02874166666666667,0.0,1.12706823477929,1.12706823477929
2025-04-23 10:48:00,134.07044468076293,133.62695343868353,0.0,0.02874166666666667,0.0,1.070036903495803,1.070036903495803
2025-04-23 10:49:00,133.45206314005648,132.79803233932984,0.0,0.02874166666666667,0.0,1.0142480799268268,1.0142480799268268
2025-04-23 10:50:00,132.8339450768397,131.8545201173414,0.0,0.02874166666666667,0.0,0.9597313473321758,0.9597313473321758
2025-04-23 10:51:00,132.2162299693604,130.82043660444745,0.0,0.02874166666666667,0.0,0.9065152982931306,0.9065152982931306
2025-04-23 10:52:00,131.59905597625354,129.71980031276442,0.0,0.02874166666666667,0.0,0.8546275204068403,0.8546275204068403
2025-04-23 10:53:00,130.9825600218723,128.5766285201269,0.0,0.02874166666666667,0.0,0.8040945818787998,0.8040945818787998
2025-04-23 10:54:00,130.36687789101887,127.41493736481847,0.0,0.02874166666666667,0.0,0.7549420168309312,0.7549420168309312
2025-04-23 10:55:00,129.7521443327888,126.25874194941612,0.0,0.02874166666666667,0.0,0.7071943101359524,0.7071943101359524
2025-04-23 10:56:00,129.1384931731699,125.13205645338913,0.0,0.02874166666666667,0.0,0.6608748815827281,0.6608748815827281
2025-04-23 10:57:00,128.52605743595203,124.0588942540087,0.0,0.02874166666666667,0.0,0.6160060691722327,0.6160060691722327
2025-04-23 10:58:00,127.91496947140467,123.06326805502583,0.0,0.02874166666666667,0.0,0.5726091113402572,0.5726091113402572
2025-04-23 10:59:00,127.3053610920664,122.16292252623131,0.0,0.02874166666666667,0.0,0.5307041279011608,0.5307041279011608
2025-04-23 11:00:00,126.69736371485561,121.35053195687914,0.0,0.02874166666666667,0.0,0.49031009950764065,0.49031009950764065
2025-04-23 11:01:00,126.09110850856047,120.61250289186398,0.0,0.02874166666666667,0.0,0.4514448454243396,0.4514448454243396
2025-04-23 11:02:00,125.486726545588,119.9352417796993,0.0,0.02874166666666667,0.0,0.4141249994194013,0.4141249994194013
2025-04-23 11:03:00,124.88434895664896,119.30515512720231,0.0,0.02874166666666667,0.0,0.37836598358836454,0.37836598358836454
2025-04-23 11:04:00,124.28410708681969,118.70864965555582,0.0,0.02874166666666667,0.0,0.3441819799388748,0.3441819799388748
2025-04-23 11:05:00,123.68613265115204,118.13213245591812,0.0,0.02874166666666667,0.0,0.3115858995849675,0.3115858995849675
2025-04-23 11:06:00,123.09055788769122,117.56201114244092,0.0,0.02874166666666667,0.0,0.2805893494253436,0.2805893494253436
2025-04-23 11:07:00,122.49751570540406,116.98469400019746,0.0,0.02874166666666667,0.0,0.2512025962134453,0.2512025962134453
2025-04-23 11:08:00,121.90713982411192,116.3865901251156,0.0,0.02874166666666667,0.0,0.2234345279691398,0.2234345279691398
2025-04-23 11:09:00,121.31956490305576,115.75410955254274,0.0,0.02874166666666667,0.0,0.1972926127332721,0.1972926127332721
2025-04-23 11:10:00,120.73492665419083,115.07366337054059,0.0,0.02874166666666667,0.0,0.17278285473002764,0.17278285473002764
2025-04-23 11:11:00,120.15336193571142,114.33166381340988,0.0,0.02874166666666667,0.0,0.1499097480783417,0.1499097480783417
2025-04-23 11:12:00,119.57500882063675,113.51452433027633,0.0,0.02874166666666667,0.0,0.12867622828597253,0.12867622828597253
2025-04-23 11:13:00,119.00000663455005,112.60865962282959,0.0,0.02874166666666667,0.0,0.10908362186908097,0.10908362186908097
2025-04-23 11:14:00,118.4284959557753,111.60600153673097,0.0,0.02874166666666667,0.0,0.09113159456963454,0.09113159456963454
2025-04-23 11:15:00,117.86061857041453,110.5205466903431,0.0,0.02874166666666667,0.0,0.07481809879409866,0.07481809879409866
2025-04-23 11:16:00,117.2965173737687,109.37180870245844,0.0,0.02874166666666667,0.0,0.06013932107193861,0.06013932107193861
2025-04-23 11:17:00,116.73633620876377,108.17930213949444,0.0,0.02874166666666667,0.0,0.047089630533229336,0.047089630533229336
2025-04-23 11:18:00,116.18021963114413,106.9625422806869,0.0,0.02874166666666667,0.0,0.03566152963104105,0.03566152963104105
2025-04-23 11:19:00,115.62831259045028,105.74104479906786,0.0,0.02874166666666667,0.0,0.02584560858609309,0.02584560858609309
2025-04-23 11:20:00,115.08076001525598,104.53432534670254,0.0,0.02874166666666667,0.0,0.017630505305171823,0.017630505305171823
2025-04-23 11:21:00,114.53770629092158,103.36189903244275,0.0,0.02874166666666667,0.0,0.011002872814959281,0.011002872814959281
2025-04-23 11:22:00,113.99929461837344,102.24327978070633,0.0,0.02874166666666667,0.0,0.0059473565496666455,0.0059473565496666455
2025-04-23 11:23:00,113.46566624331811,101.19797956069132,0.0,0.02874166666666667,0.0,0.002446584119315779,0.002446584119315779
2025-04-23 11:24:00,112.93695954704143,100.245507477175,0.0,0.02874166666666667,0.0,0.00048117044486239925,0.00048117044486239925
2025-04-23 11:25:00,112.41330899273218,99.40536871683764,0.0,0.02874166666666667,2.9741349762230292e-05,0.0,2.9741349762230292e-05
2025-04-23 11:26:00,111.89484392529894,98.69706334807931,0.0,0.02874166666666667,0.0010689788108822489,0.0,0.0010689788108822489
2025-04-23 11:27:00,111.38168722806961,98.14008497771937,0.0,0.02874166666666667,0.0035736910556610074,0.0,0.0035736910556610074
2025-04-23 11:28:00,110.87395384664336,97.75391927484846,0.0,0.02874166666666667,0.007516910503806302,0.0,0.007516910503806302
2025-04-23 11:29:00,110.37174919844267,97.55043442482997,0.0,0.02874166666666667,0.012870022148040065,0.0,0.012870022148040065
2025-04-23 11:30:00,109.87516749595449,97.51105558588948,0.0,0.02874166666666667,0.019602924312640133,0.0,0.019602924312640133
2025-04-23 11:31:00,109.38429002180023,97.60958703083648,0.0,0.02874166666666667,0.027684222797618945,0.0,0.027684222797618945
2025-04-23 11:32:00,108.89918340394715,97.81981837782631,0.0,0.02874166666666667,0.037081458208440075,0.0,0.037081458208440075
2025-04-23 11:33:00,108.41989794866302,98.11552292331477,0.0,0.02874166666666667,0.047761364814493036,0.0,0.047761364814493036
2025-04-23 11:34:00,107.94646609615292,98.470456097695,0.0,0.02874166666666667,0.05969015763707773,0.0,0.05969015763707773
2025-04-23 11:35:00,107.47890106808747,98.85835411282574,0.0,0.02874166666666667,0.0728338427400966,0.0,0.0728338427400966
2025-04-23 11:36:00,107.0171957764209,99.25293287084925,0.0,0.02874166666666667,0.08715854401661322,0.0,0.08715854401661322
2025-04-23 11:37:00,106.56132205827481,99.6278871990752,0.0,0.02874166666666667,0.10263083828591321,0.0,0.10263083828591321
2025-04-23 11:38:00,106.11123029194256,99.95689046598501,0.0,0.02874166666666667,0.11921808939571983,0.0,0.11921808939571983
2025-04-23 11:39:00,105.66684943453296,100.21359461887558,0.0,0.02874166666666667,0.13688877140126596,0.0,0.13688877140126596
2025-04-23 11:40:00,105.22808750330114,100.37163066519008,0.0,0.02874166666666667,0.1556127708638989,0.0,0.1556127708638989
2025-04-23 11:41:00,104.79483250172518,100.40460959859467,0.0,0.02874166666666667,0.17536165891600242,0.0,0.17536165891600242
2025-04-23 11:42:00,104.36695376966198,100.28612374913432,0.0,0.02874166666666667,0.19610892494636262,0.0,0.19610892494636262
2025-04-23 11:43:00,103.94430371635673,99.98974851624227,0.0,0.02874166666666667,0.21783016547563777,0.0,0.21783016547563777
2025-04-23 11:44:00,103.52671987746014,99.49734606348325,0.0,0.02874166666666667,0.2405032238663723,0.0,0.2405032238663723
2025-04-23 11:45:00,103.11402722391327,98.823972540616,0.0,0.02874166666666667,0.2641082787649818,0.0,0.2641082787649818
2025-04-23 11:46:00,102.70604064245092,97.99297565091894,0.0,0.02874166666666667,0.2886278814163209,0.0,0.2886278814163209
2025-04-23 11:47:00,102.30256750479944,97.02769558266209,0.0,0.02874166666666667,0.3140469440531919,0.0,0.3140469440531919
2025-04-23 11:48:00,101.90341024508824,95.95146758651845,0.0,0.02874166666666667,0.34035268330859175,0.0,0.34035268330859175
2025-04-23 11:49:00,101.50836887178355,94.7876244874979,0.0,0.02874166666666667,0.3675345239386157,0.0,0.3675345239386157
2025-04-23 11:50:00,101.11724335051849,93.55949906777718,0.0,0.02874166666666667,0.3955839690405277,0.0,0.3955839690405277
2025-04-23 11:51:00,100.72983580634501,92.29042626895186,0.0,0.02874166666666667,0.42449444340971776,0.0,0.42449444340971776
2025-04-23 11:52:00,100.34595250700517,91.00374517530764,0.0,0.02874166666666667,0.45426111674417613,0.0,0.45426111674417613
2025-04-23 11:53:00,99.96540560179577,89.72280075268496,0.0,0.02874166666666667,0.48488071314144143,0.0,0.48488071314144143
2025-04-23 11:54:00,99.58801460267651,88.47094532958715,0.0,0.02874166666666667,0.5163513128200483,0.0,0.5163513128200483
2025-04-23 11:55:00,99.21360760488865,87.27153981779907,0.0,0.02874166666666667,0.5486721513152939,0.0,0.5486721513152939
2025-04-23 11:56:00,98.84202225318337,86.14795467861555,0.0,0.02874166666666667,0.5818434206216094,0.0,0.5818434206216094
2025-04-23 11:57:00,98.47310646668632,85.12357064770586,0.0,0.02874166666666667,0.6158660759451059,0.0,0.6158660759451059
2025-04-23 11:58:00,98.10671894048649,84.22177923670263,0.0,0.02874166666666667,0.6507416509385983,0.0,0.6507416509385983
2025-04-23 11:59:00,97.74272944538865,83.46018004514141,0.0,0.02874166666666667,0.6864720835546276,0.0,0.6864720835546276
2025-04-23 12:00:00,97.38101894913132,82.83317191824011,0.0,0.02874166666666667,0.7230595539925028,0.0,0.7230595539925028
2025-04-23 12:01:00,97.0214795830051,82.32936187695591,0.0,0.02874166666666667,0.7605063356452917,0.0,0.7605063356452917
2025-04-23 12:02:00,96.66401447746925,81.9373679414146,0.0,0.02874166666666667,0.7988146594765184,0.0,0.7988146594765184
2025-04-23 12:03:00,96.30853748930464,81.64581885806362,0.0,0.02874166666666667,0.8379865918716527,0.0,0.8379865918716527
2025-04-23 12:04:00,95.95497284127967,81.44335373933791,0.0,0.02874166666666667,0.8780239257083182,0.0,0.8780239257083182
2025-04-23 12:05:00,95.60325469342537,81.31862163493506,0.0,0.02874166666666667,0.9189280841647165,0.0,0.9189280841647165
2025-04-23 12:06:00,95.25332666297201,81.2602810517519,0.0,0.02874166666666667,0.9607000366251373,0.0,0.9607000366251373
2025-04-23 12:07:00,94.90514130790626,81.25699943744166,0.0,0.02874166666666667,1.0033402259359216,0.0,1.0033402259359216
2025-04-23 12:08:00,94.55865958705638,81.29745264049913,0.0,0.02874166666666667,1.046848506203381,0.0,1.046848506203381
2025-04-23 12:09:00,94.21385030766177,81.3703243578303,0.0,0.02874166666666667,1.0912240902993262,0.0,1.0912240902993262
2025-04-23 12:10:00,93.87068956957619,81.46430557895545,0.0,0.02874166666666667,1.1364655062396543,0.0,1.1364655062396543
2025-04-23 12:11:00,93.52916021361153,81.56809403435307,0.0,0.02874166666666667,1.1825705616221704,0.0,1.1825705616221704
2025-04-23 12:12:00,93.189251280065,81.67039365398686,0.0,0.02874166666666667,1.2295363153444907,0.0,1.2295363153444907
2025-04-23 12:13:00,92.85095748218352,81.75991404077035,0.0,0.02874166666666667,1.277359055866719,0.0,1.277359055866719
2025-04-23 12:14:00,92.51427869820486,81.82536996260785,0.0,0.02874166666666667,1.326034285333454,0.0,1.326034285333454
2025-04-23 12:15:00,92.17921948465906,81.85548086569594,0.0,0.02874166666666667,1.3755567089225773,0.0,1.3755567089225773
2025-04-23 12:16:00,91.84578861280737,81.83897041096245,0.0,0.02874166666666667,1.4259202288413344,0.0,1.4259202288413344
2025-04-23 12:17:00,91.51399862942321,81.76456603484733,0.0,0.02874166666666667,1.4771179424427425,0.0,1.4771179424427425
2025-04-23 12:18:00,91.18386544256437,81.62099853507495,0.0,0.02874166666666667,1.529142143985904,0.0,1.529142143985904
2025-04-23 12:19:00,90.85540793253573,81.39700168161671,0.0,0.02874166666666667,1.5819843296108211,0.0,1.5819843296108211
2025-04-23 12:20:00,90.52864758788088,81.08131185268279,0.0,0.02874166666666667,1.63563520514345,0.0,1.63563520514345
2025-04-23 12:21:00,90.2036081659579,80.66266769529781,0.0,0.02874166666666667,1.6900846963867115,0.0,1.6900846963867115
2025-04-23 12:22:00,89.88031537743626,80.12980980979779,0.0,0.02874166666666667,1.7453219615907143,0.0,1.7453219615907143
2025-04-23 12:23:00,89.55879659388953,79.47148045742284,0.0,0.02874166666666667,1.801335405829385,0.0,1.801335405829385
2025-04-23 12:24:00,89.23908057754068,78.67642329006253,0.0,0.02874166666666667,1.8581126970406556,0.0,1.8581126970406556
2025-04-23 12:25:00,88.92119723213769,77.73338310113137,0.0,0.02874166666666667,1.9156407835146314,0.0,1.9156407835146314
2025-04-23 12:26:00,88.60517737388844,76.63110559650379,0.0,0.02874166666666667,1.9739059126382976,0.0,1.9739059126382976
2025-04-23 12:27:00,88.29105252135939,75.3583371844128,0.0,0.02874166666666667,2.032893650726767,0.0,2.032893650726767
2025-04-23 12:28:00,87.97885470323878,73.90382478321322,0.0,0.02874166666666667,2.0925889037900447,0.0,2.0925889037900447
2025-04-23 12:29:00,87.66861628287562,74.30440719327498,0.0,0.02874166666666667,2.152975939100667,0.0,2.152975939100667
2025-04-23 12:30:00,87.36036979852894,74.67211731187487,0.0,0.02874166666666667,2.21403840744273,0.0,2.21403840744273
2025-04-23 12:31:00,87.05414781829357,75.00684712943061,0.0,0.02874166666666667,2.275759365935163,0.0,2.275759365935163
2025-04-23 12:32:00,86.74998280870692,75.30848853480249,0.0,0.02874166666666667,2.3381213013336595,0.0,2.3381213013336595
2025-04-23 12:33:00,86.4479070160839,75.57693319662835,0.0,0.02874166666666667,2.401106153725733,0.0,2.401106153725733
2025-04-23 12:34:00,86.14795235967313,75.81207245647965,0.0,0.02874166666666667,2.464695340541319,0.0,2.464695340541319
2025-04-23 12:35:00,85.85015033577427,76.01379723297902,0.0,0.02874166666666667,2.5288697808098597,0.0,2.5288697808098597
2025-04-23 12:36:00,85.55453193200482,76.18199793606676,0.0,0.02874166666666667,2.593609919600423,0.0,2.593609919600423
2025-04-23 12:37:00,85.26112755095144,76.3165643906525,0.0,0.02874166666666667,2.658895752587975,0.0,2.658895752587975
2025-04-23 12:38:00,84.96996694248874,76.41738576893371,0.0,0.02874166666666667,2.7247068506937318,0.0,2.7247068506937318
2025-04-23 12:39:00,84.68107914409299,76.48435053070956,0.0,0.02874166666666667,2.7910223847516873,0.0,2.7910223847516873
2025-04-23 12:40:00,84.39449242852285,76.51734637106162,0.0,0.02874166666666667,2.8578211501580935,0.0,2.8578211501580935
2025-04-23 12:41:00,84.11023425828076,76.51626017481519,0.0,0.02874166666666667,2.925081591463274,0.0,2.925081591463274
2025-04-23 12:42:00,83.82833124630923,76.4809779772357,0.0,0.02874166666666667,2.992781826868991,0.0,2.992781826868991
2025-04-23 12:43:00,83.54880912241413,76.4113849304519,0.0,0.02874166666666667,3.060899672597006,0.0,3.060899672597006
2025-04-23 12:44:00,83.27169270494245,76.30736527513369,0.0,0.02874166666666667,3.1294126670969273,0.0,3.1294126670969273
2025-04-23 12:45:00,82.99700587727713,76.16880231698688,0.0,0.02874166666666667,3.198298095063787,0.0,3.198298095063787
2025-04-23 12:46:00,82.72477156874157,75.99557840765779,0.0,0.02874166666666667,3.2675330112380117,0.0,3.2675330112380117
2025-04-23 12:47:00,82.45501173953792,75.78757492967145,0.0,0.02874166666666667,3.3370942639616024,0.0,3.3370942639616024
2025-04-23 12:48:00,82.18774736936952,75.54467228505409,0.0,0.02874166666666667,3.406958518467167,0.0,3.406958518467167
2025-04-23 12:49:00,81.92299844942488,75.26674988731713,0.0,0.02874166666666667,3.4771022798767808,0.0,3.4771022798767808
2025-04-23 12:50:00,81.66078397742412,74.95368615650357,0.0,0.02874166666666667,3.5475019158902237,0.0,3.5475019158902237
2025-04-23 12:51:00,81.40112195545123,74.6053585170203,0.0,0.02874166666666667,3.6181336791425034,0.0,3.6181336791425034
2025-04-23 12:52:00,81.14402939031706,74.22164339800106,0.0,0.02874166666666667,3.688973729212841,0.0,3.688973729212841
2025-04-23 12:53:00,80.8895222962162,73.80241623596334,0.0,0.02874166666666667,3.7599981542676773,0.0,3.7599981542676773
2025-04-23 12:54:00,80.63761569945994,73.34755147954131,74.0,0.02874166666666667,3.831182992322036,0.0,3.831182992322036
2025-04-23 12:55:00,80.38816484885787,72.85676379986747,0.0,7.428741666666667,3.9025499619859123,0.0,3.9025499619859123
2025-04-23 12:56:00,80.14057573554355,72.32931861039827,0.0,0.02874166666666667,3.9742536115622817,0.0,3.9742536115622817
2025-04-23 12:57:00,79.89488499935607,71.76511197329569,0.0,0.02874166666666667,4.046270765406191,0.0,4.046270765406191
2025-04-23 12:58:00,79.65195883074561,71.1648695013328,0.0,0.02874166666666667,4.118330101422604,0.0,4.118330101422604
2025-04-23 12:59:00,79.41337160694887,70.53132243015473,0.0,0.02874166666666667,4.1899343016610855,0.0,4.1899343016610855
2025-04-23 13:00:00,79.18131482786845,69.87300886241454,0.0,0.02874166666666667,4.2603758964386875,0.0,4.2603758964386875
2025-04-23 13:01:00,78.95852207119572,69.20030641463963,0.0,0.02874166666666667,4.328750978341856,0.0,4.328750978341856
2025-04-23 13:02:00,78.74819861437379,68.52406440310911,0.0,0.02874166666666667,4.393974562329024,0.0,4.393974562329024
2025-04-23 13:03:00,78.55394877806606,67.85553118732238,0.0,0.02874166666666667,4.454800330535631,0.0,4.454800330535631
2025-04-23 13:04:00,78.37969727669288,67.20627552053581,0.0,0.02874166666666667,4.509846607164365,0.0,4.509846607164365
2025-04-23 13:05:00,78.22960385757116,66.5881011889023,0.0,0.02874166666666667,4.557629384252265,0.0,4.557629384252265
2025-04-23 13:06:00,78.1079700511353,66.01295376169226,0.0,0.02874166666666667,4.596603110267682,0.0,4.596603110267682
2025-04-23 13:07:00,78.01914035616119,65.49282177651759,0.0,0.02874166666666667,4.625208452345594,0.0,4.625208452345594
2025-04-23 13:08:00,77.96740039802025,65.03963489758571,0.0,0.02874166666666667,4.641925655441911,0.0,4.641925655441911
2025-04-23 13:09:00,77.95719716632071,64.66548415334088,0.0,0.02874166666666667,4.645227169804061,0.0,4.645227169804061
2025-04-23 13:10:00,77.99869872127739,64.3881816428339,0.0,0.02874166666666667,4.631808250552484,0.0,4.631808250552484
2025-04-23 13:11:00,78.1087560705207,64.23222241253117,0.0,0.02874166666666667,4.596350530990744,0.0,4.596350530990744
2025-04-23 13:12:00,78.29500835405085,64.21288964126896,0.0,0.02874166666666667,4.536765625652524,0.0,4.536765625652524
2025-04-23 13:13:00,78.55658474667436,64.33695654268975,0.0,0.02874166666666667,4.453971136783132,0.0,4.453971136783132
2025-04-23 13:14:00,78.88653594676336,64.60301068471517,0.0,0.02874166666666667,4.351000581923359,0.0,4.351000581923359
2025-04-23 13:15:00,79.27479917430514,64.99809747973589,0.0,0.02874166666666667,4.231903444060255,0.0,4.231903444060255
2025-04-23 13:16:00,79.71104736243251,65.50689088400154,0.0,0.02874166666666667,4.100724236238321,0.0,4.100724236238321
2025-04-23 13:17:00,80.18652303293342,66.11563444241695,0.0,0.02874166666666667,3.9608811529280907,0.0,3.9608811529280907
2025-04-23 13:18:00,80.69472647226907,66.81282946456012,0.0,0.02874166666666667,3.814966722621901,0.0,3.814966722621901
2025-04-23 13:19:00,81.23133287136469,67.58915216447318,0.0,0.02874166666666667,3.6648161624973734,0.0,3.6648161624973734
2025-04-23 13:20:00,81.79375519072599,68.43701652577867,0.0,0.02874166666666667,3.5116858133714834,0.0,3.5116858133714834
2025-04-23 13:21:00,82.38062582851107,69.35005596975152,0.0,0.02874166666666667,3.3564441444335835,0.0,3.3564441444335835
2025-04-23 13:22:00,82.99133505466699,70.32266178945567,0.0,0.02874166666666667,3.1997304821574697,0.0,3.1997304821574697
2025-04-23 13:23:00,83.62567520613673,71.3496273449509,0.0,0.02874166666666667,3.042069147725522,0.0,3.042069147725522
2025-04-23 13:24:00,84.28359268569426,72.42590006212806,0.0,0.02874166666666667,2.8839424492502537,0.0,2.8839424492502537
2025-04-23 13:25:00,84.96502991101177,73.5464233817762,0.0,0.02874166666666667,2.7258316242375225,0.0,2.7258316242375225
2025-04-23 13:26:00,85.669834308868,74.70604575379087,0.0,0.02874166666666667,2.5682353736669086,0.0,2.5682353736669086
2025-04-23 13:27:00,86.3977134929661,75.89947581499209,0.0,0.02874166666666667,2.411674051079267,0.0,2.411674051079267
2025-04-23 13:28:00,87.14821991936238,77.12126704455301,0.0,0.02874166666666667,2.256685550834276,0.0,2.256685550834276
2025-04-23 13:29:00,87.9207534431524,78.366242782072,0.0,0.02874166666666667,2.1038169340376704,0.0,2.1038169340376704
2025-04-23 13:30:00,88.7145735028114,79.630775796071,0.0,0.02874166666666667,1.953614482115822,0.0,1.953614482115822
2025-04-23 13:31:00,89.52881596079453,80.9115377404378,0.0,0.02874166666666667,1.8066137286199395,0.0,1.8066137286199395
2025-04-23 13:32:00,90.36251148901323,82.20509507851648,0.0,0.02874166666666667,1.6633303531355084,0.0,1.6633303531355084
2025-04-23 13:33:00,91.21460374382546,83.50792725809767,0.0,0.02874166666666667,1.5242523678337299,0.0,1.5242523678337299
2025-04-23 13:34:00,92.08396640862694,84.81644375400971,0.0,0.02874166666666667,1.389833754993841,0.0,1.389833754993841
2025-04-23 13:35:00,92.96941868390151,86.12699955816912,0.0,0.02874166666666667,1.2604895551638808,0.0,1.2604895551638808
2025-04-23 13:36:00,93.86973909359601,87.43590898595536,0.0,0.02874166666666667,1.1365923181834123,0.0,1.1365923181834123
2025-04-23 13:37:00,94.78367763431255,88.73945782540324,0.0,0.02874166666666667,1.0184697852568927,0.0,1.0184697852568927
2025-04-23 13:38:00,95.70996637304228,90.03391393493649,0.0,0.02874166666666667,0.9064036520710467,0.0,0.9064036520710467
2025-04-23 13:39:00,96.6473286331947,91.31553642939733,0.0,0.02874166666666667,0.8006292597906982,0.0,0.8006292597906982
2025-04-23 13:40:00,97.59448691765542,92.58058360310396,0.0,0.02874166666666667,0.7013360661198806,0.0,0.7013360661198806
2025-04-23 13:41:00,98.55016971343514,93.82531973449977,0.0,0.02874166666666667,0.6086687585766497,0.0,0.6086687585766497
2025-04-23 13:42:00,99.51311731199446,95.046020906478,0.0,0.02874166666666667,0.5227288843777333,0.0,0.5227288843777333
2025-04-23 13:43:00,100.48208676635859,96.23897996349649,0.0,0.02874166666666667,0.44357688447260796,0.0,0.44357688447260796
2025-04-23 13:44:00,101.45585609272642,97.40169459216453,0.0,0.02874166666666667,0.3712344324763862,0.0,0.3712344324763862
2025-04-23 13:45:00,102.4332278114648,98.53642249917026,0.0,0.02874166666666667,0.3056869920279584,0.0,0.3056869920279584
2025-04-23 13:46:00,103.41303191063649,99.64663273787542,0.0,0.02874166666666667,0.24688651815026222,0.0,0.24688651815026222
2025-04-23 13:47:00,104.39412830470211,100.73582428803967,0.0,0.02874166666666667,0.19475423934787622,0.0,0.19475423934787622
2025-04-23 13:48:00,105.3754088517666,101.80752807306693,0.0,0.02874166666666667,0.14918346735960622,0.0,0.14918346735960622
2025-04-23 13:49:00,106.35579898463271,102.86530859105902,0.0,0.02874166666666667,0.11004239066225263,0.0,0.11004239066225263
2025-04-23 13:50:00,107.33425900387095,103.91276520788541,0.0,0.02874166666666667,0.07717681600607063,0.0,0.07717681600607063
2025-04-23 13:51:00,108.30978507499587,104.95353315435969,0.0,0.02874166666666667,0.05041282948590881,0.0,0.05041282948590881
2025-04-23 13:52:00,109.2814099665394,105.99128426431278,0.0,0.02874166666666667,0.029559354967176026,0.0,0.029559354967176026
2025-04-23 13:53:00,110.24820356122511,107.02972748576728,0.0,0.02874166666666667,0.01441059315386764,0.0,0.01441059315386764
2025-04-23 13:54:00,111.20927316847559,108.07260919344479,0.0,0.02874166666666667,0.004748329275625403,0.0,0.004748329275625403
2025-04-23 13:55:00,112.16376366304645,109.12371332739993,0.0,0.02874166666666667,0.00034410135298725117,0.0,0.00034410135298725117
2025-04-23 13:56:00,113.11085747159785,110.18686137959186,0.0,0.02874166666666667,0.0,0.0009612243458238434,0.0009612243458238434
2025-04-23 13:57:00,114.04977442642577,111.26591224761559,0.0,0.02874166666666667,0.0,0.006356668268725158,0.006356668268725158
2025-04-23 13:58:00,114.97977150332486,112.36476197256476,0.0,0.02874166666666667,0.0,0.016282790635084945,0.016282790635084945
2025-04-23 13:59:00,115.90014245859449,113.48546262470678,0.0,0.02874166666666667,0.0,0.030488925430997637,0.030488925430997637
2025-04-23 14:00:00,116.81021737848936,114.62257959894038,0.0,0.02874166666666667,0.0,0.04872283227836428,0.04872283227836428
2025-04-23 14:01:00,117.7093621529211,115.76883334249023,0.0,0.02874166666666667,0.0,0.07073201057664767,0.07073201057664767
2025-04-23 14:02:00,118.59697788390743,116.91697951468707,0.0,0.02874166666666667,0.0,0.09626488426199145,0.09626488426199145
2025-04-23 14:03:00,119.47250023811435,118.05980833950996,0.0,0.02874166666666667,0.0,0.12507186343391116,0.12507186343391116
2025-04-23 14:04:00,120.33539875182562,119.19014391055568,0.0,0.02874166666666667,0.0,0.15690628951141508,0.15690628951141508
2025-04-23 14:05:00,121.18517609577849,120.30084345587453,0.0,0.02874166666666667,0.0,0.19152527082578996,0.19152527082578996
2025-04-23 14:06:00,122.02136730651604,121.38479656932263,0.0,0.02874166666666667,0.0,0.22869041566569703,0.22869041566569703
2025-04-23 14:07:00,122.84353899020459,122.43492441437934,0.0,0.02874166666666667,0.0,0.26816846978759956,0.26816846978759956
2025-04-23 14:08:00,123.6512885042418,123.44417890575535,0.0,0.02874166666666667,0.0,0.3097318653122139,0.3097318653122139
2025-04-23 14:09:00,124.44424312142634,124.40554187356237,0.0,0.02874166666666667,0.0,0.35315918776550637,0.35315918776550637
2025-04-23 14:10:00,125.2220591809635,125.31202421431874,0.0,0.02874166666666667,0.0,0.39823556780599006,0.39823556780599006
2025-04-23 14:11:00,125.9844212301374,126.1566650326216,0.0,0.02874166666666667,0.0,0.44475300392290584,0.44475300392290584
2025-04-23 14:12:00,126.73104116008189,126.93253077691786,0.0,0.02874166666666667,0.0,0.49251062210370683,0.49251062210370683
2025-04-23 14:13:00,127.46165733872407,127.63271437244764,0.0,0.02874166666666667,0.0,0.5413148781631465,0.5413148781631465
2025-04-23 14:14:00,128.1760337436514,128.25262085146704,0.0,0.02874166666666667,0.0,0.59097970810877,0.59097970810877
2025-04-23 14:15:00,128.87395909736256,128.79682598056567,0.0,0.02874166666666667,0.0,0.6413266315946231,0.6413266315946231
2025-04-23 14:16:00,129.55524600709848,129.272215908431,0.0,0.02874166666666667,0.0,0.6921848131919306,0.6921848131919306
2025-04-23 14:17:00,130.21973011121233,129.6856998148628,0.0,0.02874166666666667,0.0,0.7433910858864865,0.7433910858864865
2025-04-23 14:18:00,130.86726923382116,130.0442090654246,0.0,0.02874166666666667,0.0,0.7947899409006997,0.7947899409006997
2025-04-23 14:19:00,131.49774254928687,130.35469637592485,0.0,0.02874166666666667,0.0,0.8462334876363755,0.8462334876363755
2025-04-23 14:20:00,132.11104975789627,130.6241349880969,0.0,0.02874166666666667,0.0,0.8975813872437649,0.8975813872437649
2025-04-23 14:21:00,132.70711027395026,130.8595178576882,0.0,0.02874166666666667,0.0,0.9487007630452126,0.9487007630452126
2025-04-23 14:22:00,133.28586242732536,131.0678568560218,0.0,0.02874166666666667,0.0,0.9994660907777592,0.9994660907777592
2025-04-23 14:23:00,133.84726267944,131.25618198596266,0.0,0.02874166666666667,0.0,1.0497590713704876,1.0497590713704876
2025-04-23 14:24:00,134.39128485443842,131.4315406131016,0.0,0.02874166666666667,0.0,1.0994684887370223,1.0994684887370223
2025-04-23 14:25:00,134.9179193862965,131.60099671286096,0.0,0.02874166666666667,0.0,1.148490054844167,1.148490054844167
2025-04-23 14:26:00,135.4271725824585,131.77163013413164,0.0,0.02874166666666667,0.0,1.196726244111946,1.196726244111946
2025-04-23 14:27:00,135.91906590452547,131.95053587996117,0.0,0.02874166666666667,0.0,1.244086119008848,1.244086119008848
2025-04-23 14:28:00,136.39363526643837,132.14482340573704,0.0,0.02874166666666667,0.0,1.2904851485283333,1.2904851485283333
2025-04-23 14:29:00,136.85093035053097,132.3599112786814,0.0,0.02874166666666667,0.0,1.3358450210683022,1.3358450210683022
2025-04-23 14:30:00,137.2910139417648,132.59441254241128,0.0,0.02874166666666667,0.0,1.3800934530832278,1.3800934530832278
2025-04-23 14:31:00,137.7139612804063,132.8452480392905,0.0,0.02874166666666667,0.0,1.4231639947383659,1.4231639947383659
2025-04-23 14:32:00,138.11985943335944,133.10935043832038,0.0,0.02874166666666667,0.0,1.4649958336677107,1.4649958336677107
2025-04-23 14:33:00,138.50880668432737,133.38366362530135,0.0,0.02874166666666667,0.0,1.5055335978186286,1.5055335978186286
2025-04-23 14:34:00,138.8809119429428,133.6651421119635,0.0,0.02874166666666667,0.0,1.5447271582589965,1.5447271582589965
2025-04-23 14:35:00,139.2362941729808,133.95075046417924,0.0,0.02874166666666667,0.0,1.5825314327240068,1.5825314327240068
2025-04-23 14:36:00,139.57508183974392,134.23746274934845,0.0,0.02874166666666667,0.0,1.61890619059048,1.61890619059048
2025-04-23 14:37:00,139.897412376695,134.52226200303133,0.0,0.02874166666666667,0.0,1.6538158598850399,1.6538158598850399
2025-04-23 14:38:00,140.2034316713999,134.80213971489107,0.0,0.02874166666666667,0.0,1.6872293368588174,1.6872293368588174
2025-04-23 14:39:00,140.49329357083639,135.07409533400275,0.0,0.02874166666666667,0.0,1.7191197985948792,1.7191197985948792
2025-04-23 14:40:00,140.76715940612306,135.33513579358237,0.0,0.02874166666666667,0.0,1.7494645190540272,1.7494645190540272
2025-04-23 14:41:00,141.02519753672274,135.58227505519005,0.0,0.02874166666666667,0.0,1.7782446889105183,1.7782446889105183
2025-04-23 14:42:00,141.26758291418113,135.81253367246885,0.0,0.02874166666666667,0.0,1.8054452394806249,1.8054452394806249
2025-04-23 14:43:00,141.4944966654697,136.02293837448755,0.0,0.02874166666666667,0.0,1.8310546710028122,1.8310546710028122
2025-04-23 14:44:00,141.70612569601292,136.210521668768,0.0,0.02874166666666667,0.0,1.855064885489297,1.855064885489297
2025-04-23 14:45:00,141.90266231249518,136.3723214640919,0.0,0.02874166666666667,0.0,1.8774710243334611,1.8774710243334611
2025-04-23 14:46:00,142.08430386555835,136.5053807131985,0.0,0.02874166666666667,0.0,1.898271310826025,1.898271310826025
2025-04-23 14:47:00,142.25125241251976,136.60674707550243,0.0,0.02874166666666667,0.0,1.9174668977048008,1.9174668977048008
2025-04-23 14:48:00,142.4037144002595,136.67347259998115,0.0,0.02874166666666667,0.0,1.935061719837468,1.935061719837468
2025-04-23 14:49:00,142.54190036844682,136.70261342840124,0.0,0.02874166666666667,0.0,1.9510623521140866,1.9510623521140866
2025-04-23 14:50:00,142.66602467329548,136.6912295190738,0.0,0.02874166666666667,0.0,1.9654778726055577,1.9654778726055577
2025-04-23 14:51:00,142.7763052320592,136.63638439134988,0.0,0.02874166666666667,0.0,1.9783197310257918,1.9783197310257918
2025-04-23 14:52:00,142.87296328849627,136.53514489108514,0.0,0.02874166666666667,0.0,1.9896016225182098,1.9896016225182098
2025-04-23 14:53:00,142.95622319955194,136.38458097732214,0.0,0.02874166666666667,0.0,1.9993393667714674,1.9993393667714674
2025-04-23 14:54:00,143.02631224352177,136.18176553045382,0.0,0.02874166666666667,0.0,2.007550792455204,2.007550792455204
2025-04-23 14:55:00,143.08346044997126,135.92377418214295,0.0,0.02874166666666667,0.0,2.014255626951928,2.014255626951928
2025-04-23 14:56:00,143.12790045169686,135.6076851672834,0.0,0.02874166666666667,0.0,2.019475391348793,2.019475391348793
2025-04-23 14:57:00,143.15986735901666,135.23057919829057,0.0,0.02874166666666667,0.0,2.0232333006394363,2.0232333006394363
2025-04-23 14:58:00,143.17959865667646,134.7895393620076,0.0,0.02874166666666667,0.0,2.0255541690733363,2.0255541690733363
2025-04-23 14:59:00,143.1873341236504,134.59337995156966,0.0,0.02874166666666667,0.0,2.0264643205774044,2.0264643205774044
2025-04-23 15:00:00,143.18331577609763,134.4343942997306,0.0,0.02874166666666667,0.0,2.025991504160802,2.025991504160802
2025-04-23 15:01:00,143.16778783371154,134.30833947683118,0.0,0.02874166666666667,0.0,2.024164814200817,2.024164814200817
2025-04-23 15:02:00,143.14099670966465,134.21097474669136,0.0,0.02874166666666667,0.0,2.021014615492593,2.021014615492593
2025-04-23 15:03:00,143.1031910243032,134.1380615803047,0.0,0.02874166666666667,0.0,2.0165724729309575,2.0165724729309575
2025-04-23 15:04:00,143.05462164268874,134.08536369338023,0.0,0.02874166666666667,0.0,2.0108710856762673,2.0108710856762673
2025-04-23 15:05:00,142.99554173600865,134.04864710775263,0.0,0.02874166666666667,0.0,2.003944225638852,2.003944225638852
2025-04-23 15:06:00,142.92620686678762,134.02368023659403,0.0,0.02874166666666667,0.0,1.9958266800989644,1.9958266800989644
2025-04-23 15:07:00,142.84687509772507,134.00623399325127,0.0,0.02874166666666667,0.0,1.986554198259143,1.986554198259143
2025-04-23 15:08:00,142.75780712385318,133.99208192340384,0.0,0.02874166666666667,0.0,1.9761634415053382,1.9761634415053382
2025-04-23 15:09:00,142.65926642756006,133.97700036008732,0.0,0.02874166666666667,0.0,1.9646919371306104,1.9646919371306104
2025-04-23 15:10:00,142.55151945584396,133.9567686009473,0.0,0.02874166666666667,0.0,1.9521780352520468,1.9521780352520468
2025-04-23 15:11:00,142.4348358189585,133.92716910688483,0.0,0.02874166666666667,0.0,1.938660868625124,1.938660868625124
2025-04-23 15:12:00,142.3094885093684,133.883987721012,0.0,0.02874166666666667,0.0,1.924180315033517,1.924180315033517
2025-04-23 15:13:00,142.17575413965844,133.82301390656096,0.0,0.02874166666666667,0.0,1.908776961903034,1.908776961903034
2025-04-23 15:14:00,142.03391319771742,133.74004100206795,0.0,0.02874166666666667,0.0,1.8924920727568724,1.8924920727568724
2025-04-23 15:15:00,141.88425031715084,133.63086649178584,0.0,0.02874166666666667,0.0,1.8753675550971787,1.8753675550971787
2025-04-23 15:16:00,141.72705456044955,133.49129228885283,0.0,0.02874166666666667,0.0,1.8574459292611087,1.8574459292611087
2025-04-23 15:17:00,141.56261971195437,133.3171250282572,0.0,0.02874166666666667,0.0,1.838770297762253,1.838770297762253
2025-04-23 15:18:00,141.39124457709232,133.10417636607335,0.0,0.02874166666666667,0.0,1.8193843145861126,1.8193843145861126
2025-04-23 15:19:00,141.21323328371494,132.84826328080018,0.0,0.02874166666666667,0.0,1.7993321538640918,1.7993321538640918
2025-04-23 15:20:00,141.0288955806258,132.54520837188866,0.0,0.02874166666666667,0.0,1.778658477301408,1.778658477301408
2025-04-23 15:21:00,140.8385471275326,132.19084014969388,0.0,0.02874166666666667,0.0,1.7574083996812377,1.7574083996812377
2025-04-23 15:22:00,140.64250976968447,131.78099331011236,0.0,0.02874166666666667,0.0,1.7356274517096244,1.7356274517096244
2025-04-23 15:23:00,140.44111178934094,131.31150898605105,0.0,0.02874166666666667,0.0,1.7133615394018298,1.7133615394018298
2025-04-23 15:24:00,140.2346881249535,130.7782349666088,0.0,0.02874166666666667,0.0,1.6906568991416826,1.6906568991416826
2025-04-23 15:25:00,140.02358054750826,130.17702587341915,0.0,0.02874166666666667,0.0,1.6675600474698757,1.6675600474698757
2025-04-23 15:26:00,139.80813778186854,129.50374328199274,0.0,0.02874166666666667,0.0,1.6441177245752203,1.6441177245752203
2025-04-23 15:27:00,139.58871555916653,128.75425577410923,0.0,0.02874166666666667,0.0,1.6203768303760604,1.6203768303760604
2025-04-23 15:28:00,139.36567658432392,127.92443890533765,0.0,0.02874166666666667,0.0,1.5963843519867216,1.5963843519867216
2025-04-23 15:29:00,139.13939040065202,127.01358952298732,0.0,0.02874166666666667,0.0,1.5721872812712934,1.5721872812712934
2025-04-23 15:30:00,138.91023313122537,126.03466886753314,0.0,0.02874166666666667,0.0,1.5478325210945723,1.5478325210945723
2025-04-23 15:31:00,138.6785870744028,125.00405880808492,0.0,0.02874166666666667,0.0,1.5233667787968206,1.5233667787968206
2025-04-23 15:32:00,138.44484012857876,123.93814681378805,0.0,0.02874166666666667,0.0,1.4988364453515541,1.4988364453515541
2025-04-23 15:33:00,138.20938501912713,122.8533251807674,0.0,0.02874166666666667,0.0,1.4742874586259955,1.4742874586259955
2025-04-23 15:34:00,137.9726182987385,121.76599003246452,0.0,0.02874166666666667,0.0,1.4497651491679222,1.4497651491679222
2025-04-23 15:35:00,137.73493909120913,120.69254006342663,0.0,0.02874166666666667,0.0,1.4253140670096973,1.4253140670096973
2025-04-23 15:36:00,137.49674754853731,119.649374996403,0.0,0.02874166666666667,0.0,1.4009777881345924,1.4009777881345924
2025-04-23 15:37:00,137.25844299231883,118.65289372374036,0.0,0.02874166666666667,0.0,1.3767986995201154,1.3767986995201154
2025-04-23 15:38:00,137.02042171336984,117.71949210700583,0.0,0.02874166666666667,0.0,1.3528177620901434,1.3528177620901434
2025-04-23 15:39:00,136.78307440874752,116.86556041400759,0.0,0.02874166666666667,0.0,1.3290742515034384,1.3290742515034384
2025-04-23 15:40:00,136.54678324340364,116.10748038044834,0.0,0.02874166666666667,0.0,1.3056054775119912,1.3056054775119912
2025-04-23 15:41:00,136.31191853505237,115.46162189479323,0.0,0.02874166666666667,0.0,1.2824464836601146,1.2824464836601146
2025-04-23 15:42:00,136.07883507579328,114.94433931989279,0.0,0.02874166666666667,0.0,1.2596297303735435,1.2596297303735435
2025-04-23 15:43:00,135.84786812268806,114.57196748355966,0.0,0.02874166666666667,0.0,1.2371847659935689,1.2371847659935689
2025-04-23 15:44:00,135.6193291115763,114.35566927163929,0.0,0.02874166666666667,0.0,1.2151378920003952,1.2151378920003952
2025-04-23 15:45:00,135.39350117318898,114.28598678188779,0.0,0.02874166666666667,0.0,1.1935118304644017,1.1935118304644017
2025-04-23 15:46:00,135.17063455677035,114.34828110982946,0.0,0.02874166666666667,0.0,1.172325403538487,1.172325403538487
2025-04-23 15:47:00,134.9509420920598,114.52787593148368,0.0,0.02874166666666667,0.0,1.1515932364031607,1.1515932364031607
2025-04-23 15:48:00,134.73459484319494,114.8100531572681,0.0,0.02874166666666667,0.0,1.1313254963015449,1.1313254963015449
2025-04-23 15:49:00,134.52171812512412,115.1800489484111,0.0,0.02874166666666667,0.0,1.1115276809560286,1.1115276809560286
2025-04-23 15:50:00,134.31238806165948,115.62305027500483,0.0,0.02874166666666667,0.0,1.092200469546345,1.092200469546345
2025-04-23 15:51:00,134.1066288619461,116.12419219247437,0.0,0.02874166666666667,0.0,1.073339648410882,1.073339648410882
2025-04-23 15:52:00,133.90441097724528,116.66855599836109,0.0,0.02874166666666667,0.0,1.0549361216397022,1.0549361216397022
2025-04-23 15:53:00,133.7056502721286,117.24116840351655,0.0,0.02874166666666667,0.0,1.0369760137965631,1.0369760137965631
2025-04-23 15:54:00,133.51020830450818,117.82700181213292,0.0,0.02874166666666667,0.0,1.019440868290158,1.019440868290158
2025-04-23 15:55:00,133.31789375993827,118.41097575604445,0.0,0.02874166666666667,0.0,1.0023079406676805,1.0023079406676805
2025-04-23 15:56:00,133.12846503113306,118.97795947424535,0.0,0.02874166666666667,0.0,0.9855505816682177,0.9855505816682177
2025-04-23 15:57:00,132.94163387827527,119.51277557319838,0.0,0.02874166666666667,0.0,0.9691387006234464,0.9691387006234464
2025-04-23 15:58:00,132.75707005424374,120.0002046520624,0.0,0.02874166666666667,0.0,0.9530392960924574,0.9530392960924574
2025-04-23 15:59:00,132.57440673568914,120.42709206929209,0.0,0.02874166666666667,0.0,0.937217037766692,0.937217037766692
2025-04-23 16:00:00,132.39324656922878,120.78865799540486,0.0,0.02874166666666667,0.0,0.9216348818794815,0.9216348818794815
2025-04-23 16:01:00,132.21316812379638,121.08219985875854,0.0,0.02874166666666667,0.0,0.9062547016858248,0.9062547016858248
2025-04-23 16:02:00,132.03373253574478,121.30499765513008,0.0,0.02874166666666667,0.0,0.8910379150006225,0.8910379150006225
2025-04-23 16:03:00,131.85449014162958,121.45432058049917,0.0,0.02874166666666667,0.0,0.8759460921635818,0.8759460921635818
2025-04-23 16:04:00,131.67498691259308,121.52743346543222,0.0,0.02874166666666667,0.0,0.8609415299231535,0.8609415299231535
2025-04-23 16:05:00,131.49477053113313,121.52160285185118,0.0,0.02874166666666667,0.0,0.8459877793581885,0.8459877793581885
2025-04-23 16:06:00,131.31339598275164,121.43410258468208,0.0,0.02874166666666667,0.0,0.8310501188347876,0.8310501188347876
2025-04-23 16:07:00,131.13043056862247,121.26221882452286,0.0,0.02874166666666667,0.0,0.8160959659028293,0.8160959659028293
2025-04-23 16:08:00,130.94545827848663,121.00325442053864,0.0,0.02874166666666667,0.0,0.8010952247889442,0.8010952247889442
2025-04-23 16:09:00,130.75808349352366,120.65453261333306,0.0,0.02874166666666667,0.0,0.7860205686054632,0.7860205686054632
2025-04-23 16:10:00,130.56793401562103,120.21340006421772,0.0,0.02874166666666667,0.0,0.770847657485024,0.770847657485024
2025-04-23 16:11:00,130.37466344151306,119.67722922935101,0.0,0.02874166666666667,0.0,0.7555552955291371,0.7555552955291371
2025-04-23 16:12:00,130.1779529174425,119.0434201143998,0.0,0.02874166666666667,0.0,0.7401255307245138,0.7401255307245138
2025-04-23 16:13:00,129.97751232244565,118.30940145782449,0.0,0.02874166666666667,0.0,0.7245437028580597,0.7245437028580597
2025-04-23 16:14:00,129.7730809364961,117.47624694601322,0.0,0.02874166666666667,0.0,0.7087984449947706,0.7087984449947706
2025-04-23 16:15:00,129.56442765414153,116.55952206789001,0.0,0.02874166666666667,0.0,0.6928816443227731,0.6928816443227731
2025-04-23 16:16:00,129.3513508055898,115.57843729502947,0.0,0.02874166666666667,0.0,0.6767883681746654,0.6767883681746654
2025-04-23 16:17:00,129.1336776461068,114.55223202406431,0.0,0.02874166666666667,0.0,0.6605167608563189,0.6605167608563189
2025-04-23 16:18:00,128.91126357170268,113.5001737923714,0.0,0.02874166666666667,0.0,0.6440679166037343,0.6440679166037343
2025-04-23 16:19:00,128.6839911149542,112.44155727389432,0.0,0.02874166666666667,0.0,0.6274457335888388,0.6274457335888388
2025-04-23 16:20:00,128.45176876990905,111.3957031040475,0.0,0.02874166666666667,0.0,0.6106567534402847,0.6106567534402847
2025-04-23 16:21:00,128.214529689717,110.38195657734752,0.0,0.02874166666666667,0.0,0.5937099902668712,0.5937099902668712
2025-04-23 16:22:00,127.97223029523276,109.41968625601584,0.0,0.02874166666666667,0.0,0.5766167526882291,0.5766167526882291
2025-04-23 16:23:00,127.72484882754908,108.528282522512,0.0,0.02874166666666667,0.0,0.5593904619088947,0.5593904619088947
2025-04-23 16:24:00,127.47238387240658,107.7271561039434,0.0,0.02874166666666667,0.0,0.5420464684280107,0.5420464684280107
2025-04-23 16:25:00,127.21485287978311,107.03573659165464,0.0,0.02874166666666667,0.0,0.5246018695647569,0.5246018695647569
2025-04-23 16:26:00,126.95229069775337,106.47347097508722,0.0,0.02874166666666667,0.0,0.5070753296046091,0.5070753296046091
2025-04-23 16:27:00,126.68474813595182,106.05982220524238,0.0,0.02874166666666667,0.0,0.4894869040349758,0.4894869040349758
2025-04-23 16:28:00,126.41229057066978,105.8142677997782,0.0,0.02874166666666667,0.0,0.4718578690399911,0.4718578690399911
2025-04-23 16:29:00,126.13499660075765,105.74914630754101,0.0,0.02874166666666667,0.0,0.45421055716333864,0.45421055716333864
2025-04-23 16:30:00,125.85295676105542,105.84819944788345,0.0,0.02874166666666667,0.0,0.4365681998219997,0.4365681998219997
2025-04-23 16:31:00,125.5662722980082,106.08802746039238,0.0,0.02874166666666667,0.0,0.4189547771598478,0.4189547771598478
2025-04-23 16:32:00,125.27505401039828,106.44524013699188,0.0,0.02874166666666667,0.0,0.4013948755663002,0.4013948755663002
2025-04-23 16:33:00,124.97942115670638,106.89645572930446,0.0,0.02874166666666667,0.0,0.38391355304732655,0.38391355304732655
2025-04-23 16:34:00,124.67950042946116,107.41829992300055,0.0,0.02874166666666667,0.0,0.36653621252217655,0.36653621252217655
2025-04-23 16:35:00,124.37542499601476,107.98740487857407,0.0,0.02874166666666667,0.0,0.3492884830257409,0.3492884830257409
2025-04-23 16:36:00,124.06733360445904,108.58040833725866,0.0,0.02874166666666667,0.0,0.33219610872086885,0.33219610872086885
2025-04-23 16:37:00,123.75536975284231,109.17395279024443,0.0,0.02874166666666667,0.0,0.31528484556504266,0.31528484556504266
2025-04-23 16:38:00,123.43968091943313,109.74468470894169,0.0,0.02874166666666667,0.0,0.29858036542901234,0.29858036542901234
2025-04-23 16:39:00,123.12041785148185,110.26925383374258,0.0,0.02874166666666667,0.0,0.28210816742942424,0.28210816742942424
2025-04-23 16:40:00,122.7977339097322,110.72431251853263,0.0,0.02874166666666667,0.0,0.2658934962114887,0.2658934962114887
2025-04-23 16:41:00,122.47178446581607,111.08651512808548,0.0,0.02874166666666667,0.0,0.24996126689942982,0.24996126689942982
2025-04-23 16:42:00,122.1427263496078,111.33251748541727,0.0,0.02874166666666667,0.0,0.2343359964208822,0.2343359964208822
2025-04-23 16:43:00,121.81071734361053,111.43897636617291,0.0,0.02874166666666667,0.0,0.2190417409050786,0.2190417409050786
2025-04-23 16:44:00,121.47591572148059,111.38922851248839,0.0,0.02874166666666667,0.0,0.20410203885268313,0.20410203885268313
2025-04-23 16:45:00,121.13847982786154,111.19332863883844,0.0,0.02874166666666667,0.0,0.18953985977670493,0.18953985977670493
2025-04-23 16:46:00,120.79856769678705,110.8680106244257,0.0,0.02874166666666667,0.0,0.17537755801812616,0.17537755801812616
2025-04-23 16:47:00,120.45633670601605,110.43000769217818,0.0,0.02874166666666667,0.0,0.16163683144633034,0.16163683144633034
2025-04-23 16:48:00,120.11194326477961,109.89605209649594,0.0,0.02874166666666667,0.0,0.14833868476248185,0.14833868476248185
2025-04-23 16:49:00,119.7655425325417,109.28287484201199,0.0,0.02874166666666667,0.0,0.1355033971331139,0.1355033971331139
2025-04-23 16:50:00,119.41728816650256,108.60720543109558,0.0,0.02874166666666667,0.0,0.12315049389138057,0.12315049389138057
2025-04-23 16:51:00,119.0673320957023,107.88577163795586,0.0,0.02874166666666667,0.0,0.11129872205396048,0.11129872205396048
2025-04-23 16:52:00,118.71582431970887,107.13529930732979,0.0,0.02874166666666667,0.0,0.09996602941259765,0.09996602941259765
2025-04-23 16:53:00,118.36291273,106.37251217586414,0.0,0.02874166666666667,0.0,0.08916954697024007,0.08916954697024007
2025-04-23 16:54:00,118.0087429522699,105.61413171442211,0.0,0.02874166666666667,0.0,0.07892557450289103,0.07892557450289103
2025-04-23 16:55:00,117.6534582080087,104.8768769896629,0.0,0.02874166666666667,0.0,0.06924956903915716,0.06924956903915716
2025-04-23 16:56:00,117.29719919381476,104.17746454335386,0.0,0.02874166666666667,0.0,0.06015613606010471,0.06015613606010471
2025-04-23 16:57:00,116.94010397700626,103.53260828798221,0.0,0.02874166666666667,0.0,0.05165902323255284,0.05165902323255284
2025-04-23 16:58:00,116.58230790620016,102.95901941733392,0.0,0.02874166666666667,0.0,0.04377111649886106,0.04377111649886106
2025-04-23 16:59:00,116.22394353562144,102.46980728270637,0.0,0.02874166666666667,0.0,0.03650443835601162,0.03650443835601162
2025-04-23 17:00:00,115.86514056199597,102.06368218551121,0.0,0.02874166666666667,0.0,0.029870148166039306,0.029870148166039306
2025-04-23 17:01:00,115.50602577296362,101.73575246997748,0.0,0.02874166666666667,0.0,0.02387854434871772,0.02387854434871772
2025-04-23 17:02:00,115.14672300602804,101.481123530198,0.0,0.02874166666666667,0.0,0.01853906831586992,0.01853906831586992
2025-04-23 17:03:00,114.7873531171322,101.2948977787049,0.0,0.02874166666666667,0.0,0.013860310014658843,0.013860310014658843
2025-04-23 17:04:00,114.42803395801782,101.17217462382904,0.0,0.02874166666666667,0.0,0.009850014954901188,0.009850014954901188
2025-04-23 17:05:00,114.06888036159032,101.10805045506503,0.0,0.02874166666666667,0.0,0.006515092602600286,0.006515092602600286
2025-04-23 17:06:00,113.71000413457043,101.09761863572272,0.0,0.02874166666666667,0.0,0.0038616260287656053,0.0038616260287656053
2025-04-23 17:07:00,113.35151405676825,101.13596950220142,0.0,0.02874166666666667,0.0,0.0018948827090140342,0.0018948827090140342
2025-04-23 17:08:00,112.99351588636708,101.21819036927356,0.0,0.02874166666666667,0.0,0.0006193263755945968,0.0006193263755945968
2025-04-23 17:09:00,112.63611237065088,101.33936554081225,0.0,0.02874166666666667,0.0,3.862982918133155e-05,3.862982918133155e-05
2025-04-23 17:10:00,112.27940326165395,101.49457632544099,0.0,0.02874166666666667,0.00015568862325489075,0.0,0.00015568862325489075
2025-04-23 17:11:00,111.923485336251,101.67890105662362,0.0,0.02874166666666667,0.0009726355389988572,0.0,0.0009726355389988572
2025-04-23 17:12:00,111.56845242024386,101.88741511675113,0.0,0.02874166666666667,0.0024908557734782356,0.0,0.0024908557734782356
2025-04-23 17:13:00,111.21439541603564,102.11519096481581,0.0,0.02874166666666667,0.004711002768411969,0.0,0.004711002768411969
2025-04-23 17:14:00,110.86140233351496,102.35729816729541,0.0,0.02874166666666667,0.0076330146111766835,0.0,0.0076330146111766835
2025-04-23 17:15:00,110.50955832380293,102.60880343190024,0.0,0.02874166666666667,0.011256130943691975,0.0,0.011256130943691975
2025-04-23 17:16:00,110.15894571554254,102.86477064386241,0.0,0.02874166666666667,0.015578910318692317,0.0,0.015578910318692317
2025-04-23 17:17:00,109.8096440534358,103.12026090447313,0.0,0.02874166666666667,0.020599247946487192,0.0,0.020599247946487192
2025-04-23 17:18:00,109.46173013875703,103.37033257159585,0.0,0.02874166666666667,0.026314393778707413,0.0,0.026314393778707413
2025-04-23 17:19:00,109.11527807159273,103.61004130190624,0.0,0.02874166666666667,0.032720970878725934,0.0,0.032720970878725934
2025-04-23 17:20:00,108.77035929457803,103.83444009462859,0.0,0.02874166666666667,0.03981499403154429,0.0,0.03981499403154429
2025-04-23 17:21:00,108.42704263791875,104.03857933655789,0.0,0.02874166666666667,0.04759188854869967,0.0,0.04759188854869967
2025-04-23 17:22:00,108.08539436550437,104.21750684817276,0.0,0.02874166666666667,0.056046509226528124,0.0,0.056046509226528124
2025-04-23 17:23:00,107.74547822193428,104.36626793066178,0.0,0.02874166666666667,0.0651731594186425,0.0,0.0651731594186425
2025-04-23 17:24:00,107.40735548029265,104.47990541369825,0.0,0.02874166666666667,0.0749656101859127,0.0,0.0749656101859127
2025-04-23 17:25:00,107.07108499052256,104.55345970381444,0.0,0.02874166666666667,0.08541711948950385,0.0,0.08541711948950385
2025-04-23 17:26:00,106.73672322826103,104.58196883323649,0.0,0.02874166666666667,0.09652045139471577,0.0,0.09652045139471577
2025-04-23 17:27:00,106.40432434400908,104.56046850905463,0.0,0.02874166666666667,0.10826789525539185,0.0,0.10826789525539185
2025-04-23 17:28:00,106.07394021252138,104.48399216261265,0.0,0.02874166666666667,0.12065128485063221,0.0,0.12065128485063221
2025-04-23 17:29:00,105.7456204823098,102.99976715852193,0.0,0.02874166666666667,0.13366201744735443,0.0,0.13366201744735443
2025-04-23 17:30:00,105.41941262516475,101.75961052937083,0.0,0.02874166666666667,0.14729107276399267,0.0,0.14729107276399267
2025-04-23 17:31:00,105.09536198560617,100.74867632316253,0.0,0.02874166666666667,0.16152903181228673,0.0,0.16152903181228673
2025-04-23 17:32:00,104.77351183018432,99.95211650993056,0.0,0.02874166666666667,0.1763660955957053,0.0,0.1763660955957053
2025-04-23 17:33:00,104.45390339655768,99.35508103081668,0.0,0.02874166666666667,0.19179210364442834,0.0,0.19179210364442834
2025-04-23 17:34:00,104.13657594228184,98.94271784685976,0.0,0.02874166666666667,0.20779655236839173,0.0,0.20779655236839173
2025-04-23 17:35:00,103.82156679324969,98.70017298743596,0.0,0.02874166666666667,0.22436861321105575,0.0,0.22436861321105575
2025-04-23 17:36:00,103.50891139172892,98.61259059829622,0.0,0.02874166666666667,0.24149715058796292,0.0,0.24149715058796292
2025-04-23 17:37:00,103.19864334394816,98.66511298915248,0.0,0.02874166666666667,0.25917073959530534,0.0,0.25917073959530534
2025-04-23 17:38:00,102.89079446718819,98.84288068076873,0.0,0.02874166666666667,0.2773776834748466,0.0,0.2773776834748466
2025-04-23 17:39:00,102.58539483633892,99.13103245151822,0.0,0.02874166666666667,0.2961060308227028,0.0,0.2961060308227028
2025-04-23 17:40:00,102.28247282988747,99.5147053833713,0.0,0.02874166666666667,0.3153435925304162,0.0,0.3153435925304162
2025-04-23 17:41:00,101.98205517530617,99.97903490728358,0.0,0.02874166666666667,0.3350779584478697,0.0,0.3350779584478697
2025-04-23 17:42:00,101.68416699381346,100.50915484795676,0.0,0.02874166666666667,0.3552965137584565,0.0,0.3552965137584565
2025-04-23 17:43:00,101.3888318444834,101.0901974679482,0.0,0.02874166666666667,0.37598645505770517,0.0,0.37598645505770517
2025-04-23 17:44:00,101.09607176768313,101.70729351110828,0.0,0.02874166666666667,0.3971348061276689,0.0,0.3971348061276689
2025-04-23 17:45:00,100.80590732782026,102.34557224532792,0.0,0.02874166666666667,0.41872843339994115,0.0,0.41872843339994115
2025-04-23 17:46:00,100.51835765538472,102.99016150458026,0.0,0.02874166666666667,0.4407540611010451,0.0,0.4407540611010451
2025-04-23 17:47:00,100.23344048827227,103.62618773024438,0.0,0.02874166666666667,0.46319828607461033,0.0,0.46319828607461033
2025-04-23 17:48:00,99.95117221237894,104.23877601169957,0.0,0.02874166666666667,0.4860475922755968,0.0,0.4860475922755968
2025-04-23 17:49:00,99.67156790145788,104.81305012618225,0.0,0.02874166666666667,0.5092883649321988,0.0,0.5092883649321988
2025-04-23 17:50:00,99.39464135623186,105.33413257789847,0.0,0.02874166666666667,0.5329069043719823,0.0,0.5329069043719823
2025-04-23 17:51:00,99.12040514275662,105.78714463638723,0.0,0.02874166666666667,0.5568894395092372,0.0,0.5568894395092372
2025-04-23 17:52:00,98.8488706300317,106.15720637413133,0.0,0.02874166666666667,0.5812221409910902,0.0,0.5812221409910902
2025-04-23 17:53:00,98.58004802685694,106.42943670341391,0.0,0.02874166666666667,0.6058911340005968,0.0,0.6058911340005968
2025-04-23 17:54:00,98.31394641793437,106.58895341242024,83.0,0.02874166666666667,0.6308825107152837,0.0,0.6308825107152837
2025-04-23 17:55:00,98.05046029934732,106.62075970071695,0.0,8.328741666666668,0.6561933670607203,0.0,0.6561933670607203
2025-04-23 17:56:00,97.78916055792233,106.50953515861383,0.0,0.02874166666666667,0.6818537810104639,0.0,0.6818537810104639
2025-04-23 17:57:00,97.53016519652111,106.24050649245586,0.0,0.02874166666666667,0.7078419668919338,0.0,0.7078419668919338
2025-04-23 17:58:00,97.27433570741789,105.79964389800055,0.0,0.02874166666666667,0.7340580943698317,0.0,0.7340580943698317
2025-04-23 17:59:00,97.02318928577307,105.18013226047985,0.0,0.02874166666666667,0.7603257033402484,0.0,0.7603257033402484
2025-04-23 18:00:00,96.77882640689805,104.40197569162979,0.0,0.02874166666666667,0.7863928389708119,0.0,0.7863928389708119
2025-04-23 18:01:00,96.5438671095912,103.49225685326161,0.0,0.02874166666666667,0.8119336718550575,0.0,0.8119336718550575
2025-04-23 18:02:00,96.32138774579428,102.47851472032997,0.0,0.02874166666666667,0.8365517202476322,0.0,0.8365517202476322
2025-04-23 18:03:00,96.11485317774208,101.38867677808256,0.0,0.02874166666666667,0.859785583888568,0.0,0.859785583888568
2025-04-23 18:04:00,95.92804168507264,100.25098392917033,0.0,0.02874166666666667,0.881117889217758,0.0,0.881117889217758
2025-04-23 18:05:00,95.76496238208703,99.09390791090722,0.0,0.02874166666666667,0.8999878056700741,0.0,0.8999878056700741
2025-04-23 18:06:00,95.6297641444937,97.94606022201461,0.0,0.02874166666666667,0.9158074435165631,0.0,0.9158074435165631
2025-04-23 18:07:00,95.52663862673182,96.83609513994452,0.0,0.02874166666666667,0.9279818200069518,0.0,0.9279818200069518
2025-04-23 18:08:00,95.45971984557272,95.7926093044812,0.0,0.02874166666666667,0.9359318102523266,0.0,0.9359318102523266
2025-04-23 18:09:00,95.43298394627188,94.84404148389304,0.0,0.02874166666666667,0.9391190660242219,0.0,0.9391190660242219
2025-04-23 18:10:00,95.4501537877499,94.01857716011352,0.0,0.02874166666666667,0.9370714816704223,0.0,0.9370714816704223
2025-04-23 18:11:00,95.51574996228625,93.345199548435,0.0,0.02874166666666667,0.9292727179545089,0.0,0.9292727179545089
2025-04-23 18:12:00,95.64168163553569,92.86028043752515,0.0,0.02874166666666667,0.9144065454659058,0.0,0.9144065454659058
2025-04-23 18:13:00,95.8435856688886,92.60391931178722,0.0,0.02874166666666667,0.8908614065927202,0.0,0.8908614065927202
2025-04-23 18:14:00,96.12548671001389,92.59736867619027,0.0,0.02874166666666667,0.8585804031986612,0.0,0.8585804031986612
2025-04-23 18:15:00,96.48218927771815,92.8237218439899,0.0,0.02874166666666667,0.8187161201484159,0.0,0.8187161201484159
2025-04-23 18:16:00,96.90357097370062,93.2539104456216,0.0,0.02874166666666667,0.7730228975081778,0.0,0.7730228975081778
2025-04-23 18:17:00,97.37839520136166,93.85775191322196,0.0,0.02874166666666667,0.7233289128745855,0.0,0.7233289128745855
2025-04-23 18:18:00,97.89677656063954,94.60641487546553,0.0,0.02874166666666667,0.6712178058366491,0.0,0.6712178058366491
2025-04-23 18:19:00,98.45119693057711,95.47343524013138,0.0,0.02874166666666667,0.6179210531518671,0.0,0.6179210531518671
2025-04-23 18:20:00,99.03654157503702,96.43475229981843,0.0,0.02874166666666667,0.5643421123086945,0.0,0.5643421123086945
2025-04-23 18:21:00,99.64966649993305,97.46827608917668,0.0,0.02874166666666667,0.5111344744481667,0.0,0.5111344744481667
2025-04-23 18:22:00,100.28883723180712,98.55332616348431,0.0,0.02874166666666667,0.45878584515088905,0.0,0.45878584515088905
2025-04-23 18:23:00,100.95321348314627,99.67011626396463,0.0,0.02874166666666667,0.4076870678711314,0.0,0.4076870678711314
2025-04-23 18:24:00,101.64244524178639,100.79935040718975,0.0,0.02874166666666667,0.35818030596273703,0.0,0.35818030596273703
2025-04-23 18:25:00,102.35638785168732,101.92193796585576,0.0,0.02874166666666667,0.31058846221151215,0.0,0.31058846221151215
2025-04-23 18:26:00,103.0949183104801,103.01880996632997,0.0,0.02874166666666667,0.2652303297044521,0.0,0.2652303297044521
2025-04-23 18:27:00,103.85782785778024,104.0708116769641,0.0,0.02874166666666667,0.22242605731670573,0.0,0.22242605731670573
2025-04-23 18:28:00,104.6447675394413,105.058648172348,0.0,0.02874166666666667,0.18249666291916428,0.0,0.18249666291916428
2025-04-23 18:29:00,105.45522783528357,105.96749099678698,0.0,0.02874166666666667,0.1457603140255937,0.0,0.1457603140255937
2025-04-23 18:30:00,106.28853913753487,106.8008597499892,0.0,0.02874166666666667,0.112527163869282,0.0,0.112527163869282
2025-04-23 18:31:00,107.14388358732971,107.56675281631826,0.0,0.02874166666666667,0.08309388478539942,0.0,0.08309388478539942
2025-04-23 18:32:00,108.02031253200042,108.27303778633562,0.0,0.02874166666666667,0.05773854189457892,0.0,0.05773854189457892
2025-04-23 18:33:00,108.91676599497053,108.92747092669391,0.0,0.02874166666666667,0.03671615039556017,0.0,0.03671615039556017
2025-04-23 18:34:00,109.83209210812117,109.5377166125034,0.0,0.02874166666666667,0.02025506467463909,0.0,0.02025506467463909
2025-04-23 18:35:00,110.76506541793376,110.1113656334746,0.0,0.02874166666666667,0.008554232117651479,0.0,0.008554232117651479
2025-04-23 18:36:00,111.71440355780472,110.65595186623308,0.0,0.02874166666666667,0.0017812788125706185,0.0,0.0017812788125706185
2025-04-23 18:37:00,112.6787821152151,111.17896714148898,0.0,0.02874166666666667,0.0,7.135924479966294e-05,7.135924479966294e-05
2025-04-23 18:38:00,113.65684770711385,111.68787431942037,0.0,0.02874166666666667,0.0,0.003526685432967988,0.003526685432967988
2025-04-23 18:39:00,114.64722937080802,112.19011868056343,0.0,0.02874166666666667,0.0,0.012216645193793226,0.012216645193793226
2025-04-23 18:40:00,115.64854841907967,112.6931377809293,0.0,0.02874166666666667,0.0,0.026178419800917667,0.026178419800917667
2025-04-23 18:41:00,116.6594269204341,113.20436993225245,0.0,0.02874166666666667,0.0,0.0454180154873378,0.0454180154873378
2025-04-23 18:42:00,117.67849496209945,113.73126146499008,0.0,0.02874166666666667,0.0,0.06991162940421686,0.06991162940421686
2025-04-23 18:43:00,118.7043968425813,114.28127292087694,0.0,0.02874166666666667,0.0,0.09960727780683942,0.09960727780683942
2025-04-23 18:44:00,119.73579632667615,114.86029400096119,0.0,0.02874166666666667,0.0,0.13442662178839454,0.13442662178839454
2025-04-23 18:45:00,120.77138108126411,115.46787708046502,0.0,0.02874166666666667,0.0,0.1742669334458013,0.1742669334458013
2025-04-23 18:46:00,121.80986639616484,116.10201185057272,0.0,0.02874166666666667,0.0,0.2190031527,0.2190031527
2025-04-23 18:47:00,122.84999828141915,116.76071872268976,0.0,0.02874166666666667,0.0,0.26848999195229917,0.26848999195229917
2025-04-23 18:48:00,123.89055602076536,117.4420513819191,0.0,0.02874166666666667,0.0,0.32256405224475987,0.32256405224475987
2025-04-23 18:49:00,124.93035425083298,118.1440988662549,0.0,0.02874166666666667,0.0,0.3810459205512843,0.3810459205512843
2025-04-23 18:50:00,125.96824462660413,118.8649872320439,0.0,0.02874166666666667,0.0,0.443742223231373,0.443742223231373
2025-04-23 18:51:00,127.00311712588274,119.6028808584547,0.0,0.02874166666666667,0.0,0.5104476155267887,0.5104476155267887
2025-04-23 18:52:00,128.0339010387326,120.35598343691574,0.0,0.02874166666666667,0.0,0.5809466912824799,0.5809466912824799
2025-04-23 18:53:00,129.0595656819759,121.1225386856138,0.0,0.02874166666666667,0.0,0.6550158008505573,0.6550158008505573
2025-04-23 18:54:00,130.0791208737632,121.90083082406416,0.0,0.02874166666666667,0.0,0.7324247684189571,0.7324247684189571
2025-04-23 18:55:00,131.09161719883167,122.68918483836858,0.0,0.02874166666666667,0.0,0.8129385028299047,0.8129385028299047
2025-04-23 18:56:00,132.0961460912643,123.48596656397471,0.0,0.02874166666666667,0.0,0.8963184983559513,0.8963184983559513
2025-04-23 18:57:00,133.09183975826943,124.28958260945555,0.0,0.02874166666666667,0.0,0.98232422392106,0.98232422392106
2025-04-23 18:58:00,134.0778709656444,125.09848014197306,0.0,0.02874166666666667,0.0,1.0707144009315668,1.0707144009315668
2025-04-23 18:59:00,135.05345270310852,125.91116908373087,0.0,0.02874166666666667,0.0,1.1612481712531053,1.1612481712531053
2025-04-23 19:00:00,136.01783774553806,126.72628926656819,0.0,0.02874166666666667,0.0,1.2536861579730099,1.2536861579730099
2025-04-23 19:01:00,136.97031812425874,127.54254230989332,0.0,0.02874166666666667,0.0,1.3477914224550693,1.3477914224550693
2025-04-23 19:02:00,137.91022452091835,128.35866848343667,0.0,0.02874166666666667,0.0,1.4433303218577598,1.4433303218577598
2025-04-23 19:03:00,138.83692559503223,129.1734460347962,0.0,0.02874166666666667,0.0,1.5400732717773313,1.5400732717773313
2025-04-23 19:04:00,139.7498272550434,129.9856904604975,0.0,0.02874166666666667,0.0,1.6377954190168702,1.6377954190168702
2025-04-23 19:05:00,140.6483718816433,130.79425372931456,0.0,0.02874166666666667,0.0,1.736277229698982,1.736277229698982
2025-04-23 19:06:00,141.53203751113162,131.59802346562978,0.0,0.02874166666666667,0.0,1.8353049980500058,1.8353049980500058
2025-04-23 19:07:00,142.40033698574655,132.39592209976388,0.0,0.02874166666666667,0.0,1.9346712812084321,1.9346712812084321
2025-04-23 19:08:00,143.2528170771422,133.18690599145356,0.0,0.02874166666666667,0.0,2.034175265364689,2.034175265364689
2025-04-23 19:09:00,144.089057588527,133.96996453198992,0.0,0.02874166666666667,0.0,2.1336230684373487,2.1336230684373487
2025-04-23 19:10:00,144.9086704403853,134.74411922993983,0.0,0.02874166666666667,0.0,2.2328279843448673,2.2328279843448673
2025-04-23 19:11:00,145.71129874417892,135.50842278484774,0.0,0.02874166666666667,0.0,2.3316106737513005,2.3316106737513005
2025-04-23 19:12:00,146.49661586795722,136.26195815284564,0.0,0.02874166666666667,0.0,2.429799305959726,2.429799305959726
2025-04-23 19:13:00,147.26432449738516,137.00383760768105,0.0,0.02874166666666667,0.0,2.527229656403491,2.527229656403491
2025-04-23 19:14:00,148.01415569532352,137.733499978277,0.0,0.02874166666666667,0.0,2.623745163950351,2.623745163950351
2025-04-23 19:15:00,148.74586796275898,138.45160424360088,0.0,0.02874166666666667,0.0,2.7191969519939976,2.7191969519939976
2025-04-23 19:16:00,149.45924630357928,139.15913406350083,0.0,0.02874166666666667,0.0,2.8134438170630816,2.8134438170630816
2025-04-23 19:17:00,150.15410129541513,139.85709867156788,0.0,0.02874166666666667,0.0,2.906352188435938,2.906352188435938
2025-04-23 19:18:00,150.83026816852586,140.5465319540218,0.0,0.02874166666666667,0.0,2.997796062010246,2.997796062010246
2025-04-23 19:19:00,151.4876058944831,141.2284915383945,0.0,0.02874166666666667,0.0,3.08765691144456,3.08765691144456
2025-04-23 19:20:00,152.12599628620623,141.9040578935658,0.0,0.02874166666666667,0.0,3.1758235793636374,3.1758235793636374
2025-04-23 19:21:00,152.74534311072262,142.57433344252337,0.0,0.02874166666666667,0.0,3.262192151203513,3.262192151203513
2025-04-23 19:22:00,153.34557121586084,143.2404416890562,0.0,0.02874166666666667,0.0,3.346665814066016,3.346665814066016
2025-04-23 19:23:00,153.92662567193833,143.90352635944205,0.0,0.02874166666666667,0.0,3.4291547027569385,3.4291547027569385
2025-04-23 19:24:00,154.48847092936904,144.5647505600553,0.0,0.02874166666666667,0.0,3.5095757349963947,3.5095757349963947
2025-04-23 19:25:00,155.03108999299863,145.2252959517019,0.0,0.02874166666666667,0.0,3.587852437616564,3.587852437616564
2025-04-23 19:26:00,155.55448361386337,145.8863619413785,0.0,0.02874166666666667,0.0,3.663914765397972,3.663914765397972
2025-04-23 19:27:00,156.05866949897367,146.54916489205593,0.0,0.02874166666666667,0.0,3.737698914043569,3.737698914043569
2025-04-23 19:28:00,156.54368153963458,147.21493735099955,0.0,0.02874166666666667,0.0,3.8091471286473877,3.8091471286473877
2025-04-23 19:29:00,157.00956905873795,147.88401258819533,0.0,0.02874166666666667,0.0,3.8782075088830483,3.8782075088830483
2025-04-23 19:30:00,157.4563960773929,148.55307973638116,0.0,0.02874166666666667,0.0,3.9448338120159434,3.9448338120159434
2025-04-23 19:31:00,157.88424060119974,149.21792720392003,0.0,0.02874166666666667,0.0,4.008985254729081,4.008985254729081
2025-04-23 19:32:00,158.29319392642046,149.87435668983642,0.0,0.02874166666666667,0.0,4.070626314651,4.070626314651
2025-04-23 19:33:00,158.68335996625265,150.5181825100905,0.0,0.02874166666666667,0.0,4.129726532377551,4.129726532377551
2025-04-23 19:34:00,159.05485459737682,151.14523094412533,0.0,0.02874166666666667,0.0,4.186260314693765,4.186260314693765
2025-04-23 19:35:00,159.40780502691248,151.75133960182305,0.0,0.02874166666666667,0.0,4.240206739622138,4.240206739622138
2025-04-23 19:36:00,159.74234917989568,152.3323568109822,0.0,0.02874166666666667,0.0,4.291549363851739,4.291549363851739
2025-04-23 19:37:00,160.05863510736762,152.88414102540656,0.0,0.02874166666666667,0.0,4.340276033037429,4.340276033037429
2025-04-23 19:38:00,160.35682041515193,153.40256025368237,0.0,0.02874166666666667,0.0,4.386378695399365,4.386378695399365
2025-04-23 19:39:00,160.6370717133868,153.88349150871034,0.0,0.02874166666666667,0.0,4.429853218999009,4.429853218999009
2025-04-23 19:40:00,160.89956408687559,154.3228202780564,0.0,0.02874166666666667,0.0,4.470699213020983,4.470699213020983
2025-04-23 19:41:00,161.14448058631757,154.71644001518243,0.0,0.02874166666666667,0.0,4.508919853346153,4.508919853346153
2025-04-23 19:42:00,161.3720117404863,155.06025165162447,0.0,0.02874166666666667,0.0,4.544521712663673,4.544521712663673
2025-04-23 19:43:00,161.58235508943062,155.350163130194,0.0,0.02874166666666667,0.0,4.577514595334985,4.577514595334985
2025-04-23 19:44:00,161.77571473878416,155.58208895928718,0.0,0.02874166666666667,0.0,4.607911377192614,4.607911377192614
2025-04-23 19:45:00,161.9523009352858,155.75194978840545,0.0,0.02874166666666667,0.0,4.635727850429651,4.635727850429651
2025-04-23 19:46:00,162.11232966362857,155.85567200500444,0.0,0.02874166666666667,0.0,4.6609825737116,4.6609825737116
2025-04-23 19:47:00,162.25602226477676,155.88918735281098,0.0,0.02874166666666667,0.0,4.683696727622181,4.683696727622181
2025-04-23 19:48:00,162.38360507591014,155.8484325717674,0.0,0.02874166666666667,0.0,4.703893975534522,4.703893975534522
2025-04-23 19:49:00,162.49530909217947,155.729349059787,0.0,0.02874166666666667,0.0,4.721600329984187,4.721600329984187
2025-04-23 19:50:00,162.5913696504789,155.52788255652658,0.0,0.02874166666666667,0.0,4.736844024605151,4.736844024605151
2025-04-23 19:51:00,162.67202613546667,155.23998284940686,0.0,0.02874166666666667,0.0,4.749655391676548,4.749655391676548
2025-04-23 19:52:00,162.7375217080873,154.86160350213498,0.0,0.02874166666666667,0.0,4.760066745316774,4.760066745316774
2025-04-23 19:53:00,162.78810305687225,154.38870160600493,0.0,0.02874166666666667,0.0,4.768112270350299,4.768112270350299
2025-04-23 19:54:00,162.8240201723148,153.81723755427254,0.0,0.02874166666666667,0.0,4.773827916862396,4.773827916862396
2025-04-23 19:55:00,162.84552614463465,153.14317483992014,0.0,0.02874166666666667,0.0,4.7772513004476655,4.7772513004476655
2025-04-23 19:56:00,162.85287698526017,152.3624798771386,0.0,0.02874166666666667,0.0,4.778421608148143,4.778421608148143
2025-04-23 19:57:00,162.8463314723676,151.47112184686677,0.0,0.02874166666666667,0.0,4.7773795100677665,4.7773795100677665
2025-04-23 19:58:00,162.82615102082013,150.46507256673038,0.0,0.02874166666666667,0.0,4.774167076640065,4.774167076640065
2025-04-23 19:59:00,162.79259957684883,150.73504719845232,0.0,0.02874166666666667,0.0,4.768827701514758,4.768827701514758
2025-04-23 20:00:00,162.74594353780805,151.07464266394288,0.0,0.02874166666666667,0.0,4.761406030019172,4.761406030019172
2025-04-23 20:01:00,162.6864516973193,151.47638819399884,0.0,0.02874166666666667,0.0,4.751947893136524,4.751947893136524
2025-04-23 20:02:00,162.61439521609157,151.9328153865044,0.0,0.02874166666666667,0.0,4.740500246931249,4.740500246931249
2025-04-23 20:03:00,162.53004761866515,152.4364582031752,0.0,0.02874166666666667,0.0,4.72711111733538,4.72711111733538
2025-04-23 20:04:00,162.43368481627652,152.97985299242293,0.0,0.02874166666666667,0.0,4.711829550194709,4.711829550194709
2025-04-23 20:05:00,162.3255851559737,153.5555385384709,0.0,0.02874166666666667,0.0,4.694705566453422,4.694705566453422
2025-04-23 20:06:00,162.206029496031,154.15605613676865,0.0,0.02874166666666667,0.0,4.675790122337672,4.675790122337672
2025-04-23 20:07:00,162.07530130761106,154.77394969565415,0.0,0.02874166666666667,0.0,4.655135074373362,4.655135074373362
2025-04-23 20:08:00,161.93368680250177,155.40176586409055,0.0,0.02874166666666667,0.0,4.632793149050326,4.632793149050326
2025-04-23 20:09:00,161.78147508661215,156.03205418516205,0.0,0.02874166666666667,0.0,4.608817916915324,4.608817916915324
2025-04-23 20:10:00,161.6189583387427,156.65736727484452,0.0,0.02874166666666667,0.0,4.583263770846586,4.583263770846586
2025-04-23 20:11:00,161.44643201394751,157.27026102536726,0.0,0.02874166666666667,0.0,4.556185908227743,4.556185908227743
2025-04-23 20:12:00,161.26419507057577,157.86329483225475,0.0,0.02874166666666667,0.0,4.527640316701441,4.527640316701441
2025-04-23 20:13:00,161.07255021981194,158.4290318438667,0.0,0.02874166666666667,0.0,4.49768376314079,4.49768376314079
2025-04-23 20:14:00,160.8718041962267,158.96003923194905,0.0,0.02874166666666667,0.0,4.46637378543172,4.46637378543172
2025-04-23 20:15:00,160.66226804749186,159.44888848134892,0.0,0.02874166666666667,0.0,4.433768686607513,4.433768686607513
2025-04-23 20:16:00,160.4442574410038,159.8881556966379,0.0,0.02874166666666667,0.0,4.399927530821268,4.399927530821268
2025-04-23 20:17:00,160.21809298468403,160.27042192291282,0.0,0.02874166666666667,0.0,4.364910140579605,4.364910140579605
2025-04-23 20:18:00,159.98410055868354,160.58827347749988,0.0,0.02874166666666667,0.0,4.328777094592593,4.328777094592593
2025-04-23 20:19:00,159.74261165408885,160.83430228866092,0.0,0.02874166666666667,0.0,4.291589725517106,4.291589725517106
2025-04-23 20:20:00,159.4939637140098,161.00110623668104,0.0,0.02874166666666667,0.0,4.253410116787199,4.253410116787199
2025-04-23 20:21:00,159.23850047160005,161.08128949188912,0.0,0.02874166666666667,0.0,4.214301097628398,4.214301097628398
2025-04-23 20:22:00,158.97657227861532,161.06746284321622,0.0,0.02874166666666667,0.0,4.174326235247764,4.174326235247764
2025-04-23 20:23:00,158.7085364170262,160.9522440098081,0.0,0.02874166666666667,0.0,4.133549823071795,4.133549823071795
2025-04-23 20:24:00,158.43475738496417,160.72825792697162,0.0,0.02874166666666667,0.0,4.09203686377243,4.09203686377243
2025-04-23 20:25:00,158.15560714686805,160.38813699632078,0.0,0.02874166666666667,0.0,4.049853045673191,4.049853045673191
2025-04-23 20:26:00,157.87146533610328,159.9245212883963,0.0,0.02874166666666667,0.0,4.007064710963428,4.007064710963428
2025-04-23 20:27:00,157.5827193965326,159.33005868423623,0.0,0.02874166666666667,0.0,3.9637388139681207,3.9637388139681207
2025-04-23 20:28:00,157.28976464752046,158.59740494038024,0.0,0.02874166666666667,0.0,3.919942867523909,3.919942867523909
2025-04-23 20:29:00,156.99300425465793,157.72429504672732,0.0,0.02874166666666667,0.0,3.875744875299154,3.875744875299154
2025-04-23 20:30:00,156.6928490861161,156.7287572442869,0.0,0.02874166666666667,0.0,3.8312132476738037,3.8312132476738037
2025-04-23 20:31:00,156.38971743201455,155.63389858314957,0.0,0.02874166666666667,0.0,3.7864166985653775,3.7864166985653775
2025-04-23 20:32:00,156.08403456159405,154.46283309252706,0.0,0.02874166666666667,0.0,3.7414241203637513,3.7414241203637513
2025-04-23 20:33:00,155.77623209041263,153.23868114794843,0.0,0.02874166666666667,0.0,3.696304433931798,3.696304433931798
2025-04-23 20:34:00,155.46674712739429,151.9845686183086,0.0,0.02874166666666667,0.0,3.6511264104618117,3.6511264104618117
2025-04-23 20:35:00,155.1560211695664,150.723625760606,0.0,0.02874166666666667,0.0,3.6059584618768565,3.6059584618768565
2025-04-23 20:36:00,154.8444987109993,149.47898582888192,0.0,0.02874166666666667,0.0,3.5608683964647243,3.5608683964647243
2025-04-23 20:37:00,154.53262553218,148.27378336359436,0.0,0.02874166666666667,0.0,3.515923136576426,3.515923136576426
2025-04-23 20:38:00,154.22084663724385,147.13115212884966,0.0,0.02874166666666667,0.0,3.4711883955596843,3.4711883955596843
2025-04-23 20:39:00,153.90960380967167,146.07422266809962,0.0,0.02874166666666667,0.0,3.426728311693793,3.426728311693793
2025-04-23 20:40:00,153.59933276279995,145.1261194546517,0.0,0.02874166666666667,0.0,3.3826050378032537,3.3826050378032537
2025-04-23 20:41:00,153.2904598703649,144.30995762221318,0.0,0.02874166666666667,0.0,3.3388782865202513,3.3388782865202513
2025-04-23 20:42:00,152.98339847482862,143.64883927321702,0.0,0.02874166666666667,0.0,3.2956048328849565,3.2956048328849565
2025-04-23 20:43:00,152.6785447877956,143.16584937923878,0.0,0.02874166666666667,0.0,3.2528379781510153,3.2528379781510153
2025-04-23 20:44:00,152.37627341753205,142.87788093574147,0.0,0.02874166666666667,0.0,3.2106269812900496,3.2106269812900496
2025-04-23 20:45:00,152.076932583165,142.7771190579522,0.0,0.02874166666666667,0.0,3.1690164677071713,3.1690164677071713
2025-04-23 20:46:00,151.78083910276342,142.84954708726596,0.0,0.02874166666666667,0.0,3.128045827963168,3.128045827963168
2025-04-23 20:47:00,151.488273271748,143.08111184242927,0.0,0.02874166666666667,0.0,3.0877486226495003,3.0877486226495003
2025-04-23 20:48:00,151.19947377685796,143.45771853350735,0.0,0.02874166666666667,0.0,3.048152012707229,3.048152012707229
2025-04-23 20:49:00,150.91463281653532,143.9652258822681,0.0,0.02874166666666667,0.0,3.0092762370789856,3.0092762370789856
2025-04-23 20:50:00,150.63389161799466,144.58944163925213,0.0,0.02874166666666667,0.0,2.9711341612713533,2.9711341612713533
2025-04-23 20:51:00,150.35733655129712,145.3161186978464,0.0,0.02874166666666667,0.0,2.9337309208178404,2.9337309208178404
2025-04-23 20:52:00,150.08499603869782,146.13095200363207,0.0,0.02874166666666667,0.0,2.897063682481355,2.897063682481355
2025-04-23 20:53:00,149.81683844152838,147.01957644126662,0.0,0.02874166666666667,0.0,2.8611215431537524,2.8611215431537524
2025-04-23 20:54:00,149.55277107638807,147.9675658506753,0.0,0.02874166666666667,0.0,2.8258855818065505,2.8258855818065505
2025-04-23 20:55:00,149.2926404685544,148.96043328046153,0.0,0.02874166666666667,0.0,2.791329073734183,2.791329073734183
2025-04-23 20:56:00,149.0362338960723,149.98363253199622,0.0,0.02874166666666667,0.0,2.7574178691210927,2.7574178691210927
2025-04-23 20:57:00,148.78328221716092,151.02256098682437,0.0,0.02874166666666667,0.0,2.7241109302242057,2.7241109302242057
2025-04-23 20:58:00,148.5334639115331,152.06256364798483,0.0,0.02874166666666667,0.0,2.691361013851987,2.691361013851987
2025-04-23 20:59:00,148.28641020834195,153.09114969414287,0.0,0.02874166666666667,0.0,2.659115478994718,2.659115478994718
2025-04-23 21:00:00,148.04171112462592,154.1046327965939,0.0,0.02874166666666667,0.0,2.62731719398527,2.62731719398527
2025-04-23 21:01:00,147.79892220206614,155.10150357746235,0.0,0.02874166666666667,0.0,2.595905513847784,2.595905513847784
2025-04-23 21:02:00,147.55757170878277,156.08022538531156,0.0,0.02874166666666667,0.0,2.5648172967214826,2.5648172967214826
2025-04-23 21:03:00,147.31716806726638,157.0392417230754,0.0,0.02874166666666667,0.0,2.533987928415601,2.533987928415601
2025-04-23 21:04:00,147.0772072782816,157.9769836719617,0.0,0.02874166666666667,0.0,2.5033523260559933,2.5033523260559933
2025-04-23 21:05:00,146.8371801313762,158.89187710196146,0.0,0.02874166666666667,0.0,2.4728458950883865,2.4728458950883865
2025-04-23 21:06:00,146.59657902238393,159.78234948935173,0.0,0.02874166666666667,0.0,2.442405418187167,2.442405418187167
2025-04-23 21:07:00,146.35490423363447,160.64683619690535,0.0,0.02874166666666667,0.0,2.4119698594505263,2.4119698594505263
2025-04-23 21:08:00,146.11166957020862,161.4837861101464,0.0,0.02874166666666667,0.0,2.381481072234517,2.381481072234517
2025-04-23 21:09:00,145.8664072826674,162.2916665600792,0.0,0.02874166666666667,0.0,2.3508844037548786,2.3508844037548786
2025-04-23 21:10:00,145.6186722410231,163.06896749715912,0.0,0.02874166666666667,0.0,2.3201291939102076,2.3201291939102076
2025-04-23 21:11:00,145.3680453547816,163.81420491133545,0.0,0.02874166666666667,0.0,2.2891691694882788,2.2891691694882788
2025-04-23 21:12:00,145.1141362587979,164.52592351790634,0.0,0.02874166666666667,0.0,2.257962737925285,2.257962737925285
2025-04-23 21:13:00,144.85658530414585,165.20269874838888,0.0,0.02874166666666667,0.0,2.226473187079008,2.226473187079008
2025-04-23 21:14:00,144.5950649073547,165.84235707363052,0.0,0.02874166666666667,0.0,2.1946687990878315,2.1946687990878315
2025-04-23 21:15:00,144.32928032066008,166.43963369568485,0.0,0.02874166666666667,0.0,2.1625228873873796,2.1625228873873796
2025-04-23 21:16:00,144.0589698910011,166.9885158851838,0.0,0.02874166666666667,0.0,2.130013766436309,2.130013766436309
2025-04-23 21:17:00,143.78390487710297,167.48302382454546,0.0,0.02874166666666667,0.0,2.097124663758567,2.097124663758567
2025-04-23 21:18:00,143.5038888928564,167.91721005135344,0.0,0.02874166666666667,0.0,2.0638435836388442,2.0638435836388442
2025-04-23 21:19:00,143.21875704204328,168.28515859308249,0.0,0.02874166666666667,0.0,2.0301631312968644,2.0301631312968644
2025-04-23 21:20:00,142.9283748048802,168.58098385364207,0.0,0.02874166666666667,0.0,1.9960803056941503,1.9960803056941503
2025-04-23 21:21:00,142.63263673138883,168.79882930674674,0.0,0.02874166666666667,0.0,1.9615962683574641,1.9615962683574641
2025-04-23 21:22:00,142.33146499067675,168.93286604519693,0.0,0.02874166666666667,0.0,1.926716094787686,1.926716094787686
2025-04-23 21:23:00,142.02480781916464,168.97729122910619,0.0,0.02874166666666667,0.0,1.8914485142023625,1.8914485142023625
2025-04-23 21:24:00,141.71263790486813,168.92632647018308,0.0,0.02874166666666667,0.0,1.8558056425637368,1.8558056425637368
2025-04-23 21:25:00,141.3949507392131,168.7742161835463,0.0,0.02874166666666667,0.0,1.8198027130913692,1.8198027130913692
2025-04-23 21:26:00,141.0717629626484,168.51522593333755,0.0,0.02874166666666667,0.0,1.783457807764644,1.783457807764644
2025-04-23 21:27:00,140.74311072558106,168.1436407936568,0.0,0.02874166666666667,0.0,1.746791592689517,1.746791592689517
2025-04-23 21:28:00,140.40904808193346,167.65376374211925,0.0,0.02874166666666667,0.0,1.709827059643072,1.709827059643072
2025-04-23 21:29:00,140.0696454289036,167.04200039116273,0.0,0.02874166666666667,0.0,1.6725892756143397,1.6725892756143397
2025-04-23 21:30:00,139.72498800328992,166.31311635901315,0.0,0.02874166666666667,0.0,1.6351051417309292,1.6351051417309292
2025-04-23 21:31:00,139.3751744419848,165.4739769555373,0.0,0.02874166666666667,0.0,1.5974031625922545,1.5974031625922545
2025-04-23 21:32:00,139.02031541191147,164.53145952063278,0.0,0.02874166666666667,0.0,1.55951322671785,1.55951322671785
2025-04-23 21:33:00,138.66053231273608,163.49245212694018,0.0,0.02874166666666667,0.0,1.5214663985573105,1.5214663985573105
2025-04-23 21:34:00,138.29595605408485,162.36385235706013,0.0,0.02874166666666667,0.0,1.483294722291083,1.483294722291083
2025-04-23 21:35:00,137.92672590769743,161.15256615570664,0.0,0.02874166666666667,0.0,1.4450310374743656,1.4450310374743656
2025-04-23 21:36:00,137.5529884339066,159.86550675618693,0.0,0.02874166666666667,0.0,1.406708806433001,1.406708806433001
2025-04-23 21:37:00,137.17489648101954,158.5095936797826,0.0,0.02874166666666667,0.0,1.3683619532069804,1.3683619532069804
2025-04-23 21:38:00,136.79260825554928,157.09175180598103,0.0,0.02874166666666667,0.0,1.3300247137492318,1.3300247137492318
2025-04-23 21:39:00,136.4062864607779,155.61891051103873,0.0,0.02874166666666667,0.0,1.2917314970206455,1.2917314970206455
2025-04-23 21:40:00,136.01609750079976,154.0980028720245,0.0,0.02874166666666667,0.0,1.2535167565733276,1.2535167565733276
2025-04-23 21:41:00,135.6222107469677,152.53596493326555,0.0,0.02874166666666667,0.0,1.2154148721807148,1.2154148721807148
2025-04-23 21:42:00,135.22479786353037,150.93973503198492,0.0,0.02874166666666667,0.0,1.1774600410508953,1.1774600410508953
2025-04-23 21:43:00,134.8240321891849,149.31625317985416,0.0,0.02874166666666667,0.0,1.1396861781486198,1.1396861781486198
2025-04-23 21:44:00,134.42008817126316,147.67334138209546,0.0,0.02874166666666667,0.0,1.1021268251470364,1.1021268251470364
2025-04-23 21:45:00,134.013140849308,146.02234577580575,0.0,0.02874166666666667,0.0,1.0648150675336896,1.0648150675336896
2025-04-23 21:46:00,133.6033653848685,144.37549350500404,0.0,0.02874166666666667,0.0,1.0277834594023523,1.0277834594023523
2025-04-23 21:47:00,133.19093663444235,142.74501140865797,0.0,0.02874166666666667,0.0,0.9910639554743922,0.9910639554743922
2025-04-23 21:48:00,132.77602876260963,141.14312563381765,0.0,0.02874166666666667,0.0,0.9546878499071948,0.9546878499071948
2025-04-23 21:49:00,132.35881489253308,139.58206128611573,0.0,0.02874166666666667,0.0,0.9186857214639395,0.9186857214639395
2025-04-23 21:50:00,131.93946679113787,138.0740421149474,0.0,0.02874166666666667,0.0,0.8830873846365555,0.8830873846365555
2025-04-23 21:51:00,131.51815458642582,136.6312902307844,0.0,0.02874166666666667,0.0,0.847921846332582,0.847921846332582
2025-04-23 21:52:00,131.0950465145239,135.26602585222366,0.0,0.02874166666666667,0.0,0.81321726775533,0.81321726775533
2025-04-23 21:53:00,130.67030869420913,133.99046708051225,0.0,0.02874166666666667,0.0,0.7790009311265287,0.7790009311265287
2025-04-23 21:54:00,130.24410492679297,132.8168296994315,0.0,0.02874166666666667,0.0,0.7452992109188784,0.7452992109188784
2025-04-23 21:55:00,129.8165965193843,131.75732699856033,0.0,0.02874166666666667,0.0,0.7121375492853352,0.7121375492853352
2025-04-23 21:56:00,129.3879421296817,130.82416961806726,0.0,0.02874166666666667,0.0,0.6795404353895694,0.6795404353895694
2025-04-23 21:57:00,128.95829763057208,130.02956541330914,0.0,0.02874166666666667,0.0,0.6475313883596847,0.6475313883596847
2025-04-23 21:58:00,128.5278159929313,129.38571933763183,0.0,0.02874166666666667,0.0,0.6161329436041861,0.6161329436041861
2025-04-23 21:59:00,128.09664718513764,128.90031429801772,0.0,0.02874166666666667,0.0,0.5853666422451047,0.5853666422451047
2025-04-23 22:00:00,127.66493808791415,128.5629539383304,0.0,0.02874166666666667,0.0,0.5552530234383848,0.5552530234383848
2025-04-23 22:01:00,127.23283242321853,128.35871969980235,0.0,0.02874166666666667,0.0,0.5258116193663416,0.5258116193663416
2025-04-23 22:02:00,126.8004706959918,128.2726898066493,0.0,0.02874166666666667,0.0,0.4970609527004066,0.4970609527004066
2025-04-23 22:03:00,126.3679901476671,128.2899392195791,0.0,0.02874166666666667,0.0,0.4690185363453293,0.4690185363453293
2025-04-23 22:04:00,125.93552472042079,128.39553960004284,0.0,0.02874166666666667,0.0,0.4417008752882865,0.4417008752882865
2025-04-23 22:05:00,125.50320503122606,128.57455928428845,0.0,0.02874166666666667,0.0,0.41512347038750447,0.41512347038750447
2025-04-23 22:06:00,125.07115835484007,128.8120632663478,0.0,0.02874166666666667,0.0,0.38930082394583987,0.38930082394583987
2025-04-23 22:07:00,124.63950861492219,129.093113189155,0.0,0.02874166666666667,0.0,0.3642464469247894,0.3642464469247894
2025-04-23 22:08:00,124.20837638254254,129.40276734305485,0.0,0.02874166666666667,0.0,0.3399728676635698,0.3399728676635698
2025-04-23 22:09:00,123.77787888139686,129.72608067101783,0.0,0.02874166666666667,0.0,0.316491641976949,0.316491641976949
2025-04-23 22:10:00,123.34812999909725,130.0481047799308,0.0,0.02874166666666667,0.0,0.293813364513528,0.293813364513528
2025-04-23 22:11:00,122.91924030395653,130.35388795738126,0.0,0.02874166666666667,0.0,0.27194768126385793,0.27194768126385793
2025-04-23 22:12:00,122.49131706672986,130.62847519339914,0.0,0.02874166666666667,0.0,0.2509033031149333,0.2509033031149333
2025-04-23 22:13:00,122.06446428681875,130.85690820666065,0.0,0.02874166666666667,0.0,0.23068802035440109,0.23068802035440109
2025-04-23 22:14:00,121.63878272248175,131.02422547469905,0.0,0.02874166666666667,0.0,0.21130871803383988,0.21130871803383988
2025-04-23 22:15:00,121.21436992463151,131.1154622677017,0.0,0.02874166666666667,0.0,0.19277139210650152,0.19277139210650152
2025-04-23 22:16:00,120.79132027383119,131.11565068550655,0.0,0.02874166666666667,0.0,0.17508116626023285,0.17508116626023285
2025-04-23 22:17:00,120.36972502013384,131.00981969744132,0.0,0.02874166666666667,0.0,0.15824230937153214,0.15824230937153214
2025-04-23 22:18:00,119.94967232543644,130.78299518467773,0.0,0.02874166666666667,0.0,0.14225825351118726,0.14225825351118726
2025-04-23 22:19:00,119.53124730804659,130.4201999847981,0.0,0.02874166666666667,0.0,0.12713161243670068,0.12713161243670068
2025-04-23 22:20:00,119.11453208918373,129.90645393829658,0.0,0.02874166666666667,0.0,0.11286420051066723,0.11286420051066723
2025-04-23 22:21:00,118.69960584115934,129.2267739367594,0.0,0.02874166666666667,0.0,0.09945705198821402,0.09945705198821402
2025-04-23 22:22:00,118.28654483700097,128.36617397248884,0.0,0.02874166666666667,0.0,0.0869104406203053,0.0869104406203053
2025-04-23 22:23:00,117.87542250130397,127.30966518935496,0.0,0.02874166666666667,0.0,0.07522389952304251,0.07522389952304251
2025-04-23 22:24:00,117.46630946211258,126.0422559346767,0.0,0.02874166666666667,0.0,0.06439624126636832,0.06439624126636832
2025-04-23 22:25:00,117.05927360364812,124.54895181195013,0.0,0.02874166666666667,0.0,0.054425578138563656,0.054425578138563656
2025-04-23 22:26:00,116.65438011971725,122.81475573425664,0.0,0.02874166666666667,0.0,0.045309342545701084,0.045309342545701084
2025-04-23 22:27:00,116.2516915676468,120.82466797819777,0.0,0.02874166666666667,0.0,0.03704430750791596,0.03704430750791596
2025-04-23 22:28:00,115.85126792260517,118.56368623821665,0.0,0.02874166666666667,0.0,0.029626607216786945,0.029626607216786945
2025-04-23 22:29:00,115.4531666321816,119.80057843840768,0.0,0.02874166666666667,0.0,0.02305175762051474,0.02305175762051474
2025-04-23 22:30:00,115.05744267110592,120.85318150742613,0.0,0.02874166666666667,0.0,0.017314677005708795,0.017314677005708795
2025-04-23 22:31:00,114.6641485960015,121.7311899347922,0.0,0.02874166666666667,0.0,0.012409706546679868,0.012409706546679868
2025-04-23 22:32:00,114.2733346000738,122.44429584660817,0.0,0.02874166666666667,0.0,0.008330630795128966,0.008330630795128966
2025-04-23 22:33:00,113.88504856764507,123.00218906009314,0.0,0.02874166666666667,0.0,0.00507069808486171,0.00507069808486171
2025-04-23 22:34:00,113.49933612845449,123.41455713788308,0.0,0.02874166666666667,0.0,0.0026226408279535762,0.0026226408279535762
2025-04-23 22:35:00,113.11624071165,123.69108544202277,0.0,0.02874166666666667,0.0,0.0009786956803834743,0.0009786956803834743
2025-04-23 22:36:00,112.73580359940536,123.8414571875828,0.0,0.02874166666666667,0.0,0.0001306235566904367,0.0001306235566904367
2025-04-23 22:37:00,112.35806398010227,123.87535349584172,0.0,0.02874166666666667,6.972947466592336e-05,0.0,6.972947466592336e-05
2025-04-23 22:38:00,111.98305900102304,123.8024534469786,0.0,0.02874166666666667,0.0007868822124464456,0.0,0.0007868822124464456
2025-04-23 22:39:00,111.61082382050517,123.63243413222784,0.0,0.02874166666666667,0.0022725337616748133,0.0,0.0022725337616748133
2025-04-23 22:40:00,111.24139165951435,123.37497070545189,0.0,0.02874166666666667,0.004516738561613283,0.0,0.004516738561613283
2025-04-23 22:41:00,110.87479385259647,123.03973643409351,0.0,0.02874166666666667,0.007509172500244623,0.0,0.007509172500244623
2025-04-23 22:42:00,110.51105989817425,122.63640274947224,0.0,0.02874166666666667,0.011239151669500349,0.0,0.011239151669500349
2025-04-23 22:43:00,110.15021750815784,122.17463929639503,0.0,0.02874166666666667,0.015695650862765996,0.0,0.015695650862765996
2025-04-23 22:44:00,109.79229265684239,121.66411398205388,0.0,0.02874166666666667,0.020867321803831836,0.0,0.020867321803831836
2025-04-23 22:45:00,109.43730962906923,121.11449302418693,0.0,0.02874166666666667,0.02674251109733186,0.0,0.02674251109733186
2025-04-23 22:46:00,109.0852910676303,120.53544099848295,0.0,0.02874166666666667,0.033309277891649176,0.0,0.033309277891649176
2025-04-23 22:47:00,108.73625801989843,119.93662088521162,0.0,0.02874166666666667,0.04055541124605,0.0,0.04055541124605
2025-04-23 22:48:00,108.39022998366903,119.32769411506514,0.0,0.02874166666666667,0.04846844719463055,0.0,0.04846844719463055
2025-04-23 22:49:00,108.04722495220074,118.718320614199,0.0,0.02874166666666667,0.057035685500396366,0.0,0.057035685500396366
2025-04-23 22:50:00,107.7072594584455,118.11815884846196,0.0,0.02874166666666667,0.066244206093503,0.0,0.066244206093503
2025-04-23 22:51:00,107.3703486184601,117.5368658668076,0.0,0.02874166666666667,0.0760808851883597,0.0,0.0760808851883597
2025-04-23 22:52:00,107.03650617399364,116.98409734388191,0.0,0.02874166666666667,0.08653241107497056,0.0,0.08653241107497056
2025-04-23 22:53:00,106.70574453424672,116.46950762178227,0.0,0.02874166666666667,0.0975852995804072,0.0,0.0975852995804072
2025-04-23 22:54:00,106.3780748168004,116.0027497509866,0.0,0.02874166666666667,0.10922590919701261,0.0,0.10922590919701261
2025-04-23 22:55:00,106.05350688771374,115.59347553045072,0.0,0.02874166666666667,0.12144045587432235,0.0,0.12144045587432235
2025-04-23 22:56:00,105.73204940079077,115.25133554687557,0.0,0.02874166666666667,0.13421502747241887,0.0,0.13421502747241887
2025-04-23 22:57:00,105.41370983601885,114.98597921314527,0.0,0.02874166666666667,0.14753559787462217,0.0,0.14753559787462217
2025-04-23 22:58:00,105.09849453718124,114.80705480593994,0.0,0.02874166666666667,0.1613880407583038,0.0,0.1613880407583038
2025-04-23 22:59:00,104.7864087486481,114.72046744746198,0.0,0.02874166666666667,0.17575814302256,0.0,0.17575814302256
2025-04-23 23:00:00,104.47745665135106,114.717152976217,0.0,0.02874166666666667,0.19063161787238442,0.0,0.19063161787238442
2025-04-23 23:01:00,104.17164139794724,114.78430414737149,0.0,0.02874166666666667,0.20599411755898267,0.0,0.20599411755898267
2025-04-23 23:02:00,103.86896514717954,114.90911272217774,0.0,0.02874166666666667,0.2218312457765529,0.0,0.2218312457765529
2025-04-23 23:03:00,103.56942909744058,115.07876950153778,0.0,0.02874166666666667,0.2381285697159517,0.0,0.2381285697159517
2025-04-23 23:04:00,103.27303351954858,115.28046435877921,0.0,0.02874166666666667,0.2548716317762211,0.0,0.2548716317762211
2025-04-23 23:05:00,102.9797777887438,115.5013862716517,0.0,0.02874166666666667,0.2720459609351948,0.0,0.2720459609351948
2025-04-23 23:06:00,102.68966041591482,115.72872335355318,0.0,0.02874166666666667,0.2896370837805766,0.0,0.2896370837805766
2025-04-23 23:07:00,102.4026790780643,115.94966288399573,0.0,0.02874166666666667,0.30763053520342065,0.0,0.30763053520342065
2025-04-23 23:08:00,102.11883064802447,116.15139133832098,0.0,0.02874166666666667,0.3260118687560335,0.0,0.3260118687560335
2025-04-23 23:09:00,101.83811122343286,116.32109441667583,0.0,0.02874166666666667,0.344766666676565,0.0,0.344766666676565
2025-04-23 23:10:00,101.56051615497884,116.44595707225906,0.0,0.02874166666666667,0.36388054958296395,0.0,0.36388054958296395
2025-04-23 23:11:00,101.28604007393234,116.51316353884997,0.0,0.02874166666666667,0.3833391858389728,0.0,0.3833391858389728
2025-04-23 23:12:00,101.01467691896602,116.50989735763062,0.0,0.02874166666666667,0.4031283005952755,0.0,0.4031283005952755
2025-04-23 23:13:00,100.74641996228219,116.42334140331272,0.0,0.02874166666666667,0.4232336845089322,0.0,0.4232336845089322
2025-04-23 23:14:00,100.48126183505657,116.24488639906536,0.0,0.02874166666666667,0.44364120214450076,0.0,0.44364120214450076
2025-04-23 23:15:00,100.21919455221041,115.98275640973908,0.0,0.02874166666666667,0.46433680006049166,0.0,0.46433680006049166
2025-04-23 23:16:00,99.96020953652295,115.64938339752642,0.0,0.02874166666666667,0.4853065145847677,0.0,0.4853065145847677
2025-04-23 23:17:00,99.70429764209645,115.25719875594292,0.0,0.02874166666666667,0.5065364792829387,0.0,0.5065364792829387
2025-04-23 23:18:00,99.45144917718561,114.81863333265657,0.0,0.02874166666666667,0.5280129321236297,0.0,0.5280129321236297
2025-04-23 23:19:00,99.20165392640372,114.34611745169394,0.0,0.02874166666666667,0.5497222223448743,0.0,0.5497222223448743
2025-04-23 23:20:00,98.9549011723174,113.85208093503495,0.0,0.02874166666666667,0.5716508170259754,0.0,0.5716508170259754
2025-04-23 23:21:00,98.7111797164424,113.3489531236086,0.0,0.02874166666666667,0.5937853073691306,0.0,0.5937853073691306
2025-04-23 23:22:00,98.47047789965215,112.84916289770163,0.0,0.02874166666666667,0.616112414695361,0.0,0.616112414695361
2025-04-23 23:23:00,98.23278362201144,112.36513869679213,0.0,0.02874166666666667,0.6386189961594797,0.0,0.6386189961594797
2025-04-23 23:24:00,97.99808436204715,111.90930853882024,0.0,0.02874166666666667,0.6612920501885621,0.0,0.6612920501885621
2025-04-23 23:25:00,97.76636719546775,111.49410003890773,0.0,0.02874166666666667,0.6841187216489643,0.0,0.6841187216489643
2025-04-23 23:26:00,97.53761881334371,111.13194042753834,0.0,0.02874166666666667,0.7070863067464649,0.0,0.7070863067464649
2025-04-23 23:27:00,97.31182553976039,110.83525656821072,0.0,0.02874166666666667,0.7301822576647312,0.0,0.7301822576647312
2025-04-23 23:28:00,97.08897334895515,110.61647497457554,0.0,0.02874166666666667,0.753394186946732,0.0,0.753394186946732
2025-04-23 23:29:00,96.86904788195005,110.48348872868017,0.0,0.02874166666666667,0.7767098716245537,0.0,0.7767098716245537
2025-04-23 23:30:00,96.65203446269186,110.42605820194487,0.0,0.02874166666666667,0.8001172571022088,0.0,0.8001172571022088
2025-04-23 23:31:00,96.43791811371032,110.42941036598495,0.0,0.02874166666666667,0.8236044607969385,0.0,0.8236044607969385
2025-04-23 23:32:00,96.22668357130613,110.47877190618661,0.0,0.02874166666666667,0.8471597755438538,0.0,0.8471597755438538
2025-04-23 23:33:00,96.01831530027927,110.55936923643542,0.0,0.02874166666666667,0.8707716727692998,0.0,0.8707716727692998
2025-04-23 23:34:00,95.81279750820909,110.65642851339624,0.0,0.02874166666666667,0.8944288054378381,0.0,0.8944288054378381
2025-04-23 23:35:00,95.61011415929619,110.75517565035523,0.0,0.02874166666666667,0.9181200107784042,0.0,0.9181200107784042
2025-04-23 23:36:00,95.41024898777725,110.84083633063462,0.0,0.02874166666666667,0.9418343127944546,0.0,0.9418343127944546
2025-04-23 23:37:00,95.21318551092294,110.8986360205906,0.0,0.02874166666666667,0.9655609245635135,0.0,0.9655609245635135
2025-04-23 23:38:00,95.01890704162894,110.91379998220441,0.0,0.02874166666666667,0.9892892503313482,0.0,0.9892892503313482
2025-04-23 23:39:00,94.82739670061068,110.87155328527703,0.0,0.02874166666666667,1.013008887405788,0.0,1.013008887405788
2025-04-23 23:40:00,94.63863742821108,110.75712081923692,0.0,0.02874166666666667,1.036709627855491,0.0,1.036709627855491
2025-04-23 23:41:00,94.4526119958315,110.55572730457095,0.0,0.02874166666666667,1.0603814600187782,0.0,1.0603814600187782
2025-04-23 23:42:00,94.26930301699524,110.252597303888,0.0,0.02874166666666667,1.0840145698276613,0.0,1.0840145698276613
2025-04-23 23:43:00,94.08869295805299,109.8329552326243,0.0,0.02874166666666667,1.1075993419522634,0.0,1.1075993419522634
2025-04-23 23:44:00,93.91076414853947,109.28865580062683,0.0,0.02874166666666667,1.1311263607705029,0.0,1.1311263607705029
2025-04-23 23:45:00,93.73549879119038,108.6380753158505,0.0,0.02874166666666667,1.154586411168417,0.0,1.154586411168417
2025-04-23 23:46:00,93.5628789716284,107.90622040036389,0.0,0.02874166666666667,1.1779704791758416,0.0,1.1779704791758416
2025-04-23 23:47:00,93.39288666772703,107.11809756848646,0.0,0.02874166666666667,1.2012697524425517,0.0,1.2012697524425517
2025-04-23 23:48:00,93.2255037586608,106.29871323583865,0.0,0.02874166666666667,1.2244756205599177,0.0,1.2244756205599177
2025-04-23 23:49:00,93.06071203365018,105.47307372808683,0.0,0.02874166666666667,1.247579675232754,0.0,1.247579675232754
2025-04-23 23:50:00,92.89849320040935,104.66618528939114,0.0,0.02874166666666667,1.270573710306321,0.0,1.270573710306321
2025-04-23 23:51:00,92.73882889330488,103.90305409056407,0.0,0.02874166666666667,1.2934497216532914,0.0,1.2934497216532914
2025-04-23 23:52:00,92.58170068123329,103.20868623694804,0.0,0.02874166666666667,1.316199906925465,0.0,1.316199906925465
2025-04-23 23:53:00,92.42709007522485,102.60808777601927,0.0,0.02874166666666667,1.3388166651746927,0.0,1.3388166651746927
2025-04-23 23:54:00,92.27497853578157,102.12626470472568,0.0,0.02874166666666667,1.3612925963480285,0.0,1.3612925963480285
2025-04-23 23:55:00,92.12534747995635,101.78822297656612,0.0,0.02874166666666667,1.383620500661251,0.0,1.383620500661251
2025-04-23 23:56:00,91.97817828818066,101.61896850841795,0.0,0.02874166666666667,1.4057933778556326,0.0,1.4057933778556326
2025-04-23 23:57:00,91.83345231084783,101.64350718712046,0.0,0.02874166666666667,1.4278044263422167,0.0,1.4278044263422167
2025-04-23 23:58:00,91.69115087465875,101.88684487582043,0.0,0.02874166666666667,1.4496470422379504,0.0,1.4496470422379504
2025-04-23 23:59:00,91.55125528873657,102.36435995681981,0.0,0.02874166666666667,1.4713148182982319,0.0,1.4713148182982319
2025-04-24 00:00:00,91.4137468505173,103.0529209476648,,,1.4928015427497403,0.0,1.4928015427497403
